shot_id,phase,train_fractions_nested,n_slices
11766,train, 100,10
11767,train, 100,12
11768,train, 100,9
11769,train,50 100,23
11771,train, 100,17
11772,train, 100,5
11773,train, 100,8
11774,train, 100,14
11775,train,25 50 100,20
11776,train, 100,17
11777,train, 100,13
11779,train, 100,18
11780,train, 100,15
11789,train,25 50 100,18
11790,train,50 100,14
11791,train,50 100,17
11794,train, 100,22
11795,train,10 25 50 100,22
11796,train,25 50 100,21
11797,train,50 100,18
11798,train,10 25 50 100,22
11799,train, 100,22
11802,train,1 5 10 25 50 100,14
11804,train, 100,5
11805,train, 100,20
11806,train, 100,12
11807,train, 100,17
11808,train,50 100,17
11809,train, 100,13
11810,train, 100,27
11811,train, 100,25
11812,train,25 50 100,32
11816,train,5 10 25 50 100,32
11817,train, 100,8
11818,train, 100,6
11819,train, 100,14
11820,train, 100,23
11821,train, 100,12
11822,train,5 10 25 50 100,24
11823,train,25 50 100,16
11824,train,25 50 100,5
11825,train,50 100,11
11826,train, 100,1
11827,train, 100,22
11829,train, 100,15
11830,train, 100,12
11831,train,5 10 25 50 100,27
11833,train, 100,10
11834,train,50 100,1
11835,train,5 10 25 50 100,20
11836,train,25 50 100,9
11837,train,50 100,10
11838,train,50 100,5
11840,train, 100,11
11841,train,50 100,14
11847,train, 100,24
11848,train, 100,10
11849,train, 100,10
11850,train,25 50 100,8
11851,train,50 100,14
11889,train, 100,25
11890,train,25 50 100,25
11891,train,10 25 50 100,18
11892,train, 100,7
11893,train,10 25 50 100,18
11894,train,50 100,19
11895,train,50 100,7
11896,train, 100,8
11897,train,5 10 25 50 100,7
11898,train,50 100,12
11899,train,50 100,1
11901,train, 100,1
11902,train, 100,25
11903,train,50 100,13
11905,train, 100,22
11906,train, 100,19
11908,train,25 50 100,18
11911,train,50 100,26
11912,train, 100,28
11913,train,25 50 100,17
11914,train, 100,16
11915,train,10 25 50 100,1
11916,train,50 100,9
11917,train, 100,12
11918,train,50 100,1
11919,train, 100,1
11920,train,25 50 100,3
11921,train,5 10 25 50 100,9
11922,train,25 50 100,9
11923,train, 100,11
11924,train, 100,11
11925,train,50 100,9
11926,train,50 100,3
11927,train, 100,6
11930,train,50 100,6
11931,train, 100,23
11932,train, 100,5
11933,train, 100,22
11934,train,25 50 100,16
11935,train, 100,9
11936,train, 100,19
11937,train,25 50 100,35
11938,train, 100,24
11939,train,25 50 100,15
11940,train,50 100,21
11941,train,5 10 25 50 100,20
11942,train,25 50 100,18
11943,train,25 50 100,38
11944,train, 100,40
11945,train, 100,41
11946,train,5 10 25 50 100,39
11948,train, 100,37
11949,train, 100,36
11950,train, 100,6
11951,train, 100,45
11952,train, 100,45
11953,train,5 10 25 50 100,47
11954,train,50 100,37
11955,train,50 100,46
11956,train,25 50 100,47
11957,train, 100,24
11958,train, 100,32
11993,train,25 50 100,30
11996,train,50 100,50
11998,train, 100,32
12001,train, 100,28
12003,train, 100,29
12004,train,50 100,25
12006,train,50 100,24
12007,train, 100,23
12008,train, 100,8
12009,train,50 100,5
12010,train, 100,29
12012,train, 100,27
12013,train, 100,20
12014,train,25 50 100,12
12016,train,50 100,37
12017,train, 100,27
12018,train, 100,17
12022,train,50 100,26
12023,train, 100,43
12024,train, 100,38
12025,train,25 50 100,28
12027,train,25 50 100,23
12028,train,25 50 100,36
12029,train,50 100,36
12030,train,25 50 100,43
12031,train,50 100,48
12032,train,50 100,34
12033,train, 100,42
12034,train,50 100,48
12035,train, 100,23
12036,train, 100,36
12037,train, 100,36
12038,train,50 100,22
12039,train, 100,32
12046,train,50 100,20
12053,train,10 25 50 100,11
12055,train,50 100,8
12056,train,50 100,7
12058,train, 100,17
12063,train,25 50 100,8
12075,train,50 100,6
12076,train,50 100,3
12077,train,50 100,20
12080,train, 100,7
12083,train,50 100,13
12085,train,5 10 25 50 100,10
12088,train, 100,17
12089,train,25 50 100,20
12090,train, 100,17
12092,train,25 50 100,25
12093,train,50 100,21
12094,train, 100,13
12097,train, 100,37
12098,train, 100,41
12100,train,50 100,41
12101,train,50 100,48
12102,train,50 100,44
12106,train, 100,45
12107,train,50 100,46
12108,train, 100,54
12109,train,50 100,40
12110,train,50 100,32
12111,train,50 100,47
12112,train, 100,30
12113,train, 100,44
12114,train, 100,31
12115,train,10 25 50 100,33
12116,train, 100,31
12117,train,50 100,32
12118,train, 100,50
12120,train, 100,22
12130,train, 100,24
12139,train, 100,41
12140,train,50 100,48
12141,train, 100,46
12142,train, 100,42
12143,train,25 50 100,45
12144,train, 100,46
12145,train,50 100,46
12146,train,50 100,20
12147,train, 100,26
12148,train,50 100,42
12150,train,50 100,26
12151,train,50 100,27
12152,train,5 10 25 50 100,52
12153,train, 100,6
12154,train, 100,18
12158,train,50 100,43
12161,train,50 100,14
12162,train, 100,25
12163,train, 100,13
12164,train,25 50 100,33
12165,train, 100,12
12166,train, 100,30
12167,train,5 10 25 50 100,12
12168,train, 100,12
12169,train,50 100,10
12170,train,50 100,28
12171,train, 100,8
12172,train,50 100,7
12173,train, 100,8
12174,train,50 100,7
12175,train, 100,19
12177,train,50 100,28
12178,train, 100,23
12179,train,25 50 100,10
12180,train,25 50 100,28
12181,train,50 100,27
12182,train, 100,4
12183,train,5 10 25 50 100,18
12184,train, 100,3
12185,train, 100,19
12189,train,25 50 100,48
12190,train,50 100,51
12191,train, 100,49
12192,train,50 100,47
12193,train, 100,2
12194,train,5 10 25 50 100,51
12195,train,25 50 100,59
12196,train,25 50 100,41
12198,train, 100,42
12199,train, 100,4
12200,train,50 100,48
12201,train,5 10 25 50 100,44
12202,train,25 50 100,27
12203,train, 100,36
12204,train,50 100,35
12208,train,50 100,25
12209,train,10 25 50 100,30
12210,train, 100,18
12214,train,50 100,54
12215,train,50 100,57
12216,train,50 100,52
12218,train,50 100,39
12219,train,25 50 100,45
12220,train,10 25 50 100,57
12221,train,25 50 100,50
12223,train, 100,32
12224,train,25 50 100,48
12228,train, 100,1
12229,train, 100,44
12230,train,25 50 100,14
12231,train,5 10 25 50 100,1
12232,train,50 100,39
12233,train, 100,1
12234,train,10 25 50 100,54
12236,train, 100,51
12237,train, 100,40
12241,train, 100,44
12242,train,50 100,40
12243,train, 100,26
12245,train, 100,28
12246,train, 100,23
12247,train,50 100,32
12248,train,50 100,29
12250,train,25 50 100,33
12252,train, 100,29
12253,train,5 10 25 50 100,31
12254,train, 100,33
12255,train, 100,40
12256,train,10 25 50 100,39
12257,train, 100,35
12258,train, 100,38
12259,train,25 50 100,14
12260,train, 100,37
12261,train,10 25 50 100,35
12262,train,50 100,30
12263,train, 100,22
12264,train, 100,23
12266,train,10 25 50 100,33
12267,train, 100,35
12268,train, 100,35
12269,train, 100,36
12270,train, 100,27
12272,train,50 100,39
12275,train,50 100,15
12278,train, 100,23
12280,train,25 50 100,2
12283,train, 100,1
12287,train,50 100,10
12288,train, 100,1
12289,train, 100,4
12294,train, 100,3
12299,train, 100,22
12300,train,50 100,38
12301,train, 100,38
12302,train, 100,38
12303,train, 100,31
12304,train, 100,24
12305,train,10 25 50 100,4
12306,train, 100,49
12309,train,50 100,10
12312,train, 100,7
12313,train,50 100,36
12314,train, 100,39
12315,train,50 100,40
12316,train,25 50 100,16
12317,train,50 100,14
12318,train, 100,8
12320,train, 100,33
12321,train, 100,25
12322,train,10 25 50 100,1
12323,train, 100,24
12324,train,50 100,6
12325,train,25 50 100,7
12326,train, 100,37
12327,train, 100,49
12328,train,25 50 100,37
12329,train, 100,11
12330,train, 100,7
12331,train,50 100,1
12354,train, 100,33
12355,train, 100,45
12356,train, 100,36
12357,train,50 100,15
12358,train, 100,21
12359,train, 100,33
12360,train,50 100,36
12361,train, 100,39
12362,train, 100,33
12363,train, 100,29
12364,train, 100,21
12365,train,25 50 100,26
12366,train,50 100,21
12368,train,50 100,3
12369,train,50 100,29
12370,train, 100,37
12371,train,50 100,41
12372,train, 100,40
12373,train,50 100,35
12376,train, 100,47
12378,train,25 50 100,41
12379,train, 100,43
12382,train, 100,30
12385,train, 100,1
12391,train,25 50 100,28
12392,train,25 50 100,13
12397,train,25 50 100,41
12399,train, 100,46
12403,train,25 50 100,2
12404,train, 100,22
12406,train,25 50 100,27
12407,train, 100,8
12408,train, 100,19
12409,train, 100,13
12410,train,50 100,40
12411,train,5 10 25 50 100,10
12412,train,25 50 100,3
12413,train, 100,6
12414,train,25 50 100,15
12415,train,10 25 50 100,15
12416,train,50 100,12
12417,train, 100,1
12418,train, 100,2
12422,train, 100,12
12426,train,50 100,48
12427,train, 100,30
12428,train,5 10 25 50 100,8
12429,train,50 100,28
12430,train,50 100,46
12431,train,50 100,27
12432,train, 100,32
12433,train,25 50 100,41
12434,train,50 100,36
12435,train, 100,34
12436,train, 100,19
12437,train,50 100,50
12438,train,50 100,33
12439,train,25 50 100,10
12440,train,50 100,47
12441,train,10 25 50 100,36
12442,train, 100,32
12444,train, 100,34
12445,train,10 25 50 100,40
12446,train,5 10 25 50 100,25
12447,train, 100,41
12448,train,5 10 25 50 100,35
12449,train, 100,33
12450,train,50 100,36
12451,train,5 10 25 50 100,39
12455,train,25 50 100,38
12456,train,50 100,7
12457,train, 100,6
12458,train, 100,22
12460,train, 100,17
12461,train, 100,19
12462,train, 100,18
12463,train, 100,18
12465,train,50 100,4
12466,train, 100,17
12467,train,25 50 100,6
12468,train,25 50 100,15
12469,train,25 50 100,13
12470,train,10 25 50 100,17
12471,train, 100,13
12472,train, 100,27
12473,train, 100,19
12474,train,50 100,28
12475,train,25 50 100,53
12476,train, 100,27
12477,train,5 10 25 50 100,28
12481,train, 100,1
12487,train, 100,1
12490,train, 100,1
12493,train, 100,48
12494,train,50 100,33
12495,train,25 50 100,28
12497,train,50 100,40
12498,train,25 50 100,5
12499,train, 100,38
12500,train,10 25 50 100,49
12501,train, 100,34
12503,train,50 100,19
12505,train,25 50 100,49
12506,train,25 50 100,49
12509,train,50 100,4
12511,train, 100,12
12512,train,25 50 100,14
12513,train, 100,16
12514,train,5 10 25 50 100,11
12515,train, 100,29
12517,train,50 100,30
12518,train, 100,30
12519,train, 100,30
12522,train, 100,47
12523,train,10 25 50 100,44
12524,train, 100,19
12527,train, 100,38
12528,train, 100,27
12530,train, 100,29
12532,train, 100,21
12533,train,10 25 50 100,27
12534,train,50 100,25
12535,train,50 100,15
12536,train,50 100,35
12537,train, 100,39
12538,train,10 25 50 100,26
12539,train, 100,32
12540,train, 100,31
12541,train, 100,33
12542,train,50 100,38
12543,train, 100,43
12544,train,50 100,40
12545,train, 100,35
12546,train,25 50 100,39
12547,train,50 100,40
12548,train,5 10 25 50 100,29
12549,train,50 100,37
12550,train, 100,34
12551,train,25 50 100,31
12552,train, 100,15
12554,train,50 100,25
12555,train, 100,40
12556,train, 100,15
12557,train,5 10 25 50 100,36
12560,train,50 100,39
12561,train,50 100,39
12563,train,25 50 100,26
12602,train,5 10 25 50 100,50
12603,train, 100,9
12604,train,50 100,16
12605,train, 100,16
12607,train,50 100,15
12608,train,25 50 100,15
12613,train, 100,12
12614,train,10 25 50 100,4
12616,train, 100,7
12617,train,5 10 25 50 100,11
12619,train, 100,20
12620,train,50 100,18
12621,train,25 50 100,11
12622,train, 100,14
12623,train,50 100,6
12624,train,5 10 25 50 100,16
12625,train,50 100,19
12626,train, 100,18
12627,train,50 100,14
12628,train, 100,11
12629,train,50 100,9
12631,train,50 100,18
12656,train,10 25 50 100,5
12660,train,50 100,1
12665,train, 100,51
12666,train,50 100,2
12671,train, 100,20
12673,train, 100,22
12674,train,50 100,29
12676,train,10 25 50 100,21
12678,train,25 50 100,11
12679,train,25 50 100,22
12680,train,5 10 25 50 100,53
12681,train,50 100,31
12682,train,25 50 100,4
12683,train, 100,7
12684,train, 100,12
12685,train, 100,11
12686,train,25 50 100,14
12687,train, 100,5
12688,train, 100,3
12689,train, 100,2
12690,train,5 10 25 50 100,5
12691,train, 100,10
12694,train,50 100,51
12695,train, 100,4
12696,train,50 100,17
12697,train,50 100,1
12698,train, 100,4
12699,train,25 50 100,3
12700,train, 100,2
12701,train, 100,18
12702,train, 100,2
12704,train,25 50 100,8
12705,train, 100,12
12706,train, 100,6
12707,train,10 25 50 100,9
12711,train, 100,50
12712,train,25 50 100,18
12714,train, 100,8
12715,train, 100,4
12716,train, 100,11
12717,train, 100,21
12722,train, 100,7
12724,train,25 50 100,1
12726,train,50 100,25
12728,train, 100,37
12729,train, 100,9
12730,train,50 100,14
12731,train,25 50 100,10
12732,train, 100,22
12733,train, 100,14
12734,train, 100,9
12736,train,50 100,4
12737,train,25 50 100,1
12739,train, 100,9
12742,train, 100,52
12743,train, 100,25
12744,train, 100,9
12745,train,50 100,10
12746,train,25 50 100,49
12747,train,10 25 50 100,13
12750,train, 100,6
12751,train, 100,13
12752,train, 100,13
12753,train,50 100,21
12755,train, 100,15
12756,train, 100,49
12757,train, 100,38
12758,train, 100,37
12759,train,25 50 100,43
12762,train, 100,29
12763,train,50 100,27
12764,train, 100,24
12765,train,25 50 100,16
12766,train, 100,14
12767,train,50 100,16
12769,train, 100,8
12770,train,50 100,7
12774,train,5 10 25 50 100,3
12776,train, 100,37
12777,train,10 25 50 100,30
12778,train, 100,15
12779,train,25 50 100,19
12780,train,50 100,17
12781,train, 100,15
12782,train, 100,20
12783,train, 100,19
12784,train,50 100,24
12785,train, 100,26
12786,train, 100,22
12787,train, 100,29
12788,train,50 100,30
12789,train,50 100,32
12790,train,50 100,26
12791,train, 100,3
12792,train,25 50 100,40
12793,train,5 10 25 50 100,27
12794,train,25 50 100,37
12795,train, 100,43
12797,train, 100,30
12798,train, 100,47
12799,train, 100,24
12803,train, 100,52
12804,train,10 25 50 100,43
12805,train,50 100,42
12806,train, 100,35
12807,train, 100,1
12808,train,5 10 25 50 100,14
12809,train,25 50 100,35
12811,train,50 100,8
12812,train,50 100,23
12814,train, 100,25
12817,train,10 25 50 100,19
12820,train, 100,10
12821,train,50 100,14
12822,train,50 100,24
12823,train,25 50 100,33
12824,train,5 10 25 50 100,4
12825,train,50 100,24
12826,train, 100,17
12827,train, 100,8
12828,train, 100,1
12829,train,50 100,2
12830,train,25 50 100,2
12832,train,25 50 100,2
12835,train,50 100,48
12836,train,25 50 100,4
12837,train,10 25 50 100,23
12838,train, 100,8
12839,train,50 100,12
12840,train,25 50 100,20
12841,train,25 50 100,19
12842,train,50 100,27
12843,train,50 100,33
12844,train, 100,39
12845,train,25 50 100,46
12846,train, 100,29
12847,train,50 100,21
12848,train, 100,20
12849,train,50 100,19
12850,train,50 100,21
12851,train, 100,16
12853,train, 100,12
12857,train, 100,54
12858,train, 100,31
12859,train, 100,29
12860,train, 100,43
12861,train, 100,42
12863,train,50 100,38
12864,train, 100,36
12866,train,10 25 50 100,33
12867,train,50 100,36
12868,train, 100,35
12869,train,50 100,34
12870,train, 100,33
12871,train,25 50 100,41
12872,train,5 10 25 50 100,39
12873,train,25 50 100,41
12874,train, 100,46
12875,train,25 50 100,47
12876,train,25 50 100,41
12877,train, 100,39
12878,train, 100,42
12879,train, 100,44
12881,train, 100,48
12882,train,50 100,46
12883,train,25 50 100,45
12884,train, 100,42
12885,train,50 100,47
12886,train, 100,39
12887,train,50 100,33
12890,train, 100,48
12899,train, 100,19
12900,train, 100,25
12901,train, 100,1
12902,train, 100,6
12903,train,25 50 100,26
12904,train,50 100,18
12905,train, 100,49
12906,train, 100,45
12910,train, 100,48
12911,train, 100,46
12912,train,50 100,31
12913,train, 100,16
12914,train,25 50 100,17
12915,train, 100,28
12916,train, 100,6
12917,train,25 50 100,7
12918,train, 100,7
12919,train,50 100,14
12920,train, 100,41
12921,train,25 50 100,26
12922,train, 100,18
12923,train,50 100,20
12924,train,25 50 100,16
12925,train,50 100,37
12926,train,50 100,34
12927,train, 100,35
12929,train,50 100,18
12930,train, 100,10
12931,train,25 50 100,18
12932,train,50 100,12
12936,train,50 100,52
12944,train, 100,1
12945,train, 100,1
12947,train,50 100,4
12948,train,1 5 10 25 50 100,3
12951,train, 100,2
12955,train, 100,15
12956,train,50 100,24
12957,train,50 100,17
12958,train, 100,19
12959,train, 100,15
12960,train, 100,40
12961,train,50 100,41
12962,train,5 10 25 50 100,14
12963,train, 100,22
12964,train,50 100,42
12965,train,25 50 100,23
12966,train, 100,16
12967,train,5 10 25 50 100,26
12968,train,25 50 100,27
12971,train, 100,55
12972,train, 100,51
12973,train, 100,24
12974,train, 100,26
12975,train,50 100,16
12976,train,50 100,12
12977,train, 100,1
12978,train, 100,2
12980,train, 100,5
12981,train,25 50 100,1
12982,train, 100,15
12983,train, 100,11
12984,train,10 25 50 100,2
12985,train, 100,12
12986,train, 100,9
12987,train,50 100,8
12988,train,25 50 100,14
12989,train,50 100,39
12990,train, 100,42
12991,train, 100,32
12995,train, 100,31
12996,train, 100,21
12998,train,5 10 25 50 100,26
12999,train,25 50 100,23
13001,train,25 50 100,44
13002,train, 100,25
13003,train, 100,36
13004,train, 100,33
13007,train, 100,53
13008,train,50 100,33
13009,train,1 5 10 25 50 100,10
13010,train,50 100,5
13011,train, 100,33
13012,train, 100,28
13014,train,25 50 100,3
13015,train,25 50 100,42
13016,train, 100,46
13017,train, 100,33
13018,train,50 100,37
13019,train, 100,35
13020,train,50 100,18
13021,train, 100,21
13022,train,50 100,37
13023,train, 100,29
13024,train,25 50 100,42
13026,train,50 100,44
13028,train, 100,48
13029,train,50 100,49
13030,train,50 100,43
13031,train, 100,43
13032,train,10 25 50 100,45
13033,train, 100,48
13034,train,25 50 100,44
13035,train,25 50 100,45
13038,train, 100,49
13039,train, 100,23
13040,train, 100,33
13041,train, 100,20
13042,train, 100,27
13043,train, 100,5
13044,train, 100,11
13046,train, 100,2
13047,train, 100,8
13048,train, 100,15
13050,train, 100,3
13051,train, 100,22
13052,train,50 100,15
13053,train, 100,20
13058,train, 100,14
13059,train, 100,6
13061,train, 100,6
13062,train,5 10 25 50 100,16
13063,train, 100,2
13066,train, 100,9
13071,train, 100,7
13080,train,25 50 100,2
13081,train, 100,8
13082,train,25 50 100,6
13083,train,5 10 25 50 100,32
13084,train,25 50 100,23
13085,train, 100,31
13086,train,50 100,13
13089,train,10 25 50 100,17
13090,train, 100,18
13092,train,25 50 100,16
13093,train, 100,23
13094,train, 100,25
13095,train,50 100,21
13097,train, 100,19
13101,train, 100,34
13102,train,50 100,6
13103,train,50 100,7
13104,train, 100,6
13109,train,50 100,9
13111,train,50 100,11
13112,train,25 50 100,9
13113,train, 100,13
13114,train,10 25 50 100,2
13115,train, 100,5
13116,train, 100,8
13117,train,5 10 25 50 100,1
13119,train,50 100,6
13122,train, 100,9
13125,train,25 50 100,9
13127,train, 100,12
13135,train,25 50 100,50
13137,train,50 100,39
13139,train,50 100,26
13140,train,25 50 100,16
13195,train, 100,2
13198,train,25 50 100,2
13223,train,10 25 50 100,5
13224,train, 100,47
13225,train,50 100,40
13226,train,50 100,32
13227,train, 100,26
13228,train, 100,27
13229,train,25 50 100,35
13230,train, 100,11
13231,train, 100,13
13233,train, 100,5
13234,train, 100,3
13235,train, 100,8
13237,train, 100,33
13238,train,50 100,17
13252,train, 100,50
13254,train,10 25 50 100,39
13265,train, 100,20
13266,train,25 50 100,6
13268,train, 100,16
13269,train, 100,17
13274,train, 100,16
13275,train,50 100,20
13276,train,25 50 100,24
13277,train, 100,36
13278,train,50 100,24
13279,train,25 50 100,30
13280,train, 100,17
13281,train, 100,22
13282,train, 100,15
13283,train, 100,28
13285,train, 100,32
13286,train,25 50 100,35
13287,train,50 100,33
13288,train,50 100,39
13289,train, 100,22
13290,train,5 10 25 50 100,19
13291,train, 100,22
13292,train,50 100,32
13293,train,50 100,40
13294,train, 100,23
13295,train,25 50 100,36
13298,train,5 10 25 50 100,26
13299,train,10 25 50 100,22
13300,train, 100,24
13301,train,10 25 50 100,23
13315,train, 100,23
13316,train,50 100,6
13318,train,25 50 100,3
13319,train, 100,4
13320,train, 100,7
13322,train,25 50 100,8
13323,train, 100,3
13326,train, 100,7
13327,train,50 100,5
13328,train, 100,2
13329,train,25 50 100,1
13333,train, 100,3
13334,train, 100,1
13335,train, 100,1
13336,train,10 25 50 100,1
13337,train,25 50 100,1
13339,train,50 100,1
13340,train,5 10 25 50 100,1
13342,train, 100,5
13346,train, 100,1
13347,train, 100,4
13354,train,25 50 100,33
13355,train,1 5 10 25 50 100,22
13356,train, 100,35
13357,train,50 100,41
13358,train, 100,51
13359,train,10 25 50 100,45
13360,train,50 100,37
14540,train,10 25 50 100,53
14542,train,50 100,50
14544,train,25 50 100,49
14545,train,50 100,32
14546,train,25 50 100,27
14547,train, 100,19
14548,train,50 100,22
14549,train, 100,7
14551,train, 100,23
14552,train, 100,23
14554,train, 100,18
14555,train,5 10 25 50 100,4
14557,train, 100,8
14558,train, 100,9
14559,train, 100,22
14560,train,50 100,43
14566,train, 100,54
14567,train,50 100,16
14568,train,25 50 100,38
14569,train, 100,29
14570,train, 100,15
14571,train, 100,16
14573,train,50 100,37
14574,train,5 10 25 50 100,30
14576,train,50 100,41
14577,train,5 10 25 50 100,31
14578,train, 100,42
14580,train,25 50 100,41
14581,train, 100,44
14582,train, 100,42
14583,train, 100,21
14584,train, 100,24
14585,train,50 100,19
14586,train,25 50 100,9
14587,train, 100,17
14589,train, 100,3
14590,train,25 50 100,14
14591,train, 100,18
14592,train,25 50 100,4
14594,train,10 25 50 100,17
14597,train,50 100,54
14600,train,50 100,1
14602,train,50 100,21
14605,train,50 100,5
14606,train, 100,25
14607,train,25 50 100,2
14608,train, 100,17
14611,train, 100,15
14612,train,50 100,22
14614,train, 100,24
14615,train,10 25 50 100,10
14616,train, 100,22
14618,train,50 100,3
14619,train,50 100,40
14620,train, 100,36
14621,train, 100,20
14622,train, 100,40
14623,train, 100,7
14624,train,50 100,41
14625,train, 100,46
14626,train, 100,15
14627,train,25 50 100,39
14628,train, 100,18
14629,train, 100,23
14630,train, 100,36
14631,train,25 50 100,19
14636,train, 100,51
14639,train, 100,25
14641,train, 100,30
14643,train,50 100,10
14644,train, 100,10
14645,train, 100,7
14646,train, 100,12
14647,train,25 50 100,11
14648,train, 100,43
14649,train, 100,48
14650,train,50 100,46
14652,train, 100,50
14653,train, 100,53
14654,train, 100,12
14655,train,10 25 50 100,27
14656,train, 100,31
14657,train, 100,46
14658,train,5 10 25 50 100,44
14659,train,50 100,27
14791,train,50 100,36
14792,train,50 100,37
14795,train,50 100,37
14797,train, 100,50
14798,train, 100,51
14800,train, 100,52
14801,train, 100,51
14802,train,25 50 100,50
14803,train,50 100,53
14804,train,50 100,51
14805,train,10 25 50 100,51
14806,train,10 25 50 100,48
14807,train,10 25 50 100,53
14808,train, 100,51
14809,train,1 5 10 25 50 100,50
14810,train, 100,53
14811,train, 100,53
14815,train, 100,51
14816,train, 100,51
14817,train, 100,51
14818,train,50 100,52
14819,train, 100,53
14820,train, 100,51
14822,train,50 100,50
14823,train,50 100,50
14824,train,10 25 50 100,51
14825,train,5 10 25 50 100,49
14827,train,25 50 100,49
14828,train,25 50 100,50
14830,train, 100,52
14831,train, 100,49
14832,train,50 100,50
14834,train,25 50 100,23
14835,train,50 100,52
14837,train, 100,52
14885,train,25 50 100,51
14886,train,25 50 100,1
14889,train,25 50 100,48
14890,train,25 50 100,35
14891,train,25 50 100,43
14892,train, 100,35
14893,train, 100,39
14894,train, 100,49
14895,train,50 100,45
14896,train,50 100,11
14898,train,50 100,41
14900,train,25 50 100,43
14901,train,25 50 100,43
14902,train,25 50 100,42
14903,train, 100,1
14904,train, 100,5
14909,train,50 100,51
14911,train, 100,25
14912,train,50 100,18
14913,train, 100,12
14914,train, 100,14
14947,train, 100,52
14949,train, 100,15
14950,train,50 100,21
14951,train,50 100,37
14952,train,25 50 100,38
14953,train,10 25 50 100,36
14954,train,50 100,38
14955,train, 100,44
14956,train,25 50 100,2
14957,train,50 100,61
14959,train, 100,52
14960,train, 100,14
14962,train,25 50 100,41
14965,train,50 100,50
14966,train, 100,1
14969,train, 100,16
14973,train, 100,13
14974,train, 100,9
14976,train,25 50 100,14
14977,train,25 50 100,14
14978,train, 100,47
14979,train, 100,45
14981,train, 100,42
14982,train, 100,34
14983,train, 100,42
14986,train,5 10 25 50 100,54
14988,train, 100,53
14989,train,25 50 100,55
14990,train,50 100,54
14991,train, 100,8
14993,train,50 100,39
14995,train,50 100,18
14997,train, 100,34
14998,train, 100,44
14999,train, 100,32
15000,train, 100,18
15001,train,5 10 25 50 100,11
15003,train,25 50 100,18
15004,train,25 50 100,18
15005,train, 100,6
15006,train, 100,6
15007,train, 100,41
15008,train, 100,24
15009,train, 100,6
15010,train,25 50 100,23
15011,train,50 100,57
15012,train, 100,33
15015,train,50 100,53
15016,train,25 50 100,36
15017,train,50 100,23
15018,train,50 100,19
15019,train,50 100,38
15020,train,50 100,29
15021,train, 100,43
15022,train,50 100,42
15023,train, 100,43
15024,train, 100,28
15034,train, 100,2
15035,train,50 100,42
15036,train, 100,42
15037,train, 100,19
15038,train, 100,31
15039,train, 100,13
15040,train,50 100,33
15041,train, 100,29
15042,train,50 100,23
15043,train, 100,51
15044,train,50 100,42
15045,train, 100,36
15046,train,25 50 100,53
15048,train, 100,50
15049,train, 100,51
15052,train, 100,53
15054,train, 100,23
15055,train,50 100,24
15056,train,25 50 100,18
15057,train, 100,14
15058,train, 100,9
15059,train,50 100,11
15060,train, 100,13
15061,train,5 10 25 50 100,11
15063,train,25 50 100,1
15064,train,25 50 100,10
15065,train,10 25 50 100,12
15067,train,1 5 10 25 50 100,26
15068,train,5 10 25 50 100,22
15069,train, 100,18
15070,train,50 100,19
15071,train,10 25 50 100,21
15072,train,25 50 100,4
15073,train,50 100,4
15077,train,50 100,30
15078,train, 100,5
15079,train, 100,13
15081,train,50 100,18
15082,train,50 100,2
15083,train,5 10 25 50 100,5
15084,train, 100,16
15085,train,50 100,27
15086,train, 100,5
15087,train,25 50 100,4
15088,train,25 50 100,28
15089,train, 100,8
15092,train, 100,30
15093,train,50 100,28
15094,train,1 5 10 25 50 100,27
15095,train,50 100,23
15096,train, 100,25
15097,train,50 100,22
15098,train, 100,25
15099,train,50 100,23
15100,train, 100,21
15104,train,25 50 100,36
15106,train,50 100,22
15107,train,50 100,26
15108,train, 100,25
15109,train,10 25 50 100,4
15111,train,25 50 100,27
15112,train,50 100,29
15113,train, 100,2
15114,train,50 100,29
15115,train,50 100,26
15116,train,50 100,26
15117,train,5 10 25 50 100,3
15118,train,25 50 100,26
15119,train, 100,25
15120,train,50 100,26
15121,train, 100,25
15122,train,25 50 100,25
15124,train, 100,2
15125,train,25 50 100,24
15126,train,25 50 100,21
15128,train,50 100,21
15129,train,50 100,5
15133,train, 100,28
15134,train, 100,1
15135,train, 100,54
15137,train, 100,24
15139,train,50 100,37
15140,train, 100,14
15141,train, 100,15
15142,train,50 100,38
15143,train,25 50 100,19
15144,train,1 5 10 25 50 100,41
15145,train, 100,7
15146,train,25 50 100,8
15147,train,50 100,5
15148,train, 100,22
15149,train,1 5 10 25 50 100,24
15152,train,50 100,44
15153,train, 100,3
15154,train, 100,27
15159,train, 100,26
15160,train, 100,4
15161,train, 100,27
15162,train, 100,28
15163,train, 100,27
15165,train,50 100,25
15167,train, 100,26
15169,train, 100,26
15170,train, 100,25
15173,train,10 25 50 100,26
15176,train,10 25 50 100,51
15178,train, 100,23
15179,train, 100,26
15180,train,5 10 25 50 100,4
15181,train,50 100,26
15182,train, 100,27
15183,train, 100,26
15185,train, 100,25
15186,train, 100,26
15187,train,50 100,25
15188,train,1 5 10 25 50 100,28
15190,train, 100,3
15192,train,10 25 50 100,26
15196,train,25 50 100,27
15198,train,50 100,27
15199,train, 100,27
15202,train,50 100,53
15203,train, 100,27
15204,train, 100,26
15205,train, 100,27
15206,train,50 100,26
15207,train,50 100,26
15209,train, 100,26
15210,train, 100,25
15211,train, 100,27
15212,train, 100,27
15213,train, 100,24
15214,train,50 100,24
15215,train, 100,3
15217,train,25 50 100,26
15219,train, 100,13
15220,train,50 100,24
15221,train,50 100,23
15223,train,10 25 50 100,24
15224,train,25 50 100,23
15225,train,50 100,27
15226,train,50 100,7
15227,train, 100,27
15228,train, 100,30
15229,train,10 25 50 100,27
15231,train,1 5 10 25 50 100,30
15232,train,25 50 100,36
15233,train,50 100,26
15234,train, 100,26
15235,train, 100,26
15236,train, 100,26
15245,train,25 50 100,21
15246,train,25 50 100,56
15247,train, 100,47
15248,train, 100,52
15250,train,25 50 100,57
15251,train, 100,52
15252,train,25 50 100,54
15253,train, 100,39
15254,train, 100,10
15255,train, 100,34
15257,train, 100,32
15258,train,5 10 25 50 100,12
15259,train, 100,29
15260,train, 100,31
15261,train,50 100,24
15262,train, 100,30
15263,train, 100,24
15265,train, 100,34
15266,train, 100,35
15267,train, 100,36
15268,train,50 100,31
15271,train, 100,3
15272,train, 100,24
15274,train, 100,25
15275,train, 100,25
15276,train, 100,22
15277,train, 100,2
15278,train,50 100,26
15279,train, 100,26
15280,train,10 25 50 100,22
15281,train, 100,3
15282,train, 100,21
15283,train, 100,13
15284,train,5 10 25 50 100,12
15285,train, 100,16
15286,train,25 50 100,22
15287,train,25 50 100,11
15288,train, 100,12
15289,train, 100,12
15290,train, 100,13
15291,train,50 100,14
15292,train,10 25 50 100,6
15293,train, 100,12
15306,train,25 50 100,15
15308,train, 100,18
15309,train, 100,13
15310,train, 100,14
15311,train, 100,6
15312,train, 100,7
15313,train,25 50 100,19
15314,train,25 50 100,15
15315,train, 100,25
15316,train,10 25 50 100,21
15317,train,25 50 100,23
15319,train, 100,19
15320,train, 100,12
15321,train, 100,27
15325,train,25 50 100,22
15326,train,25 50 100,20
15327,train,5 10 25 50 100,5
15328,train, 100,19
15329,train, 100,21
15330,train,50 100,16
15331,train, 100,8
15334,train,25 50 100,7
15335,train,10 25 50 100,9
15336,train,50 100,33
15337,train, 100,35
15338,train,50 100,35
15339,train,50 100,32
15340,train,50 100,29
15341,train,50 100,32
15349,train,50 100,51
15350,train, 100,53
15353,train, 100,22
15355,train,25 50 100,27
15356,train,25 50 100,18
15357,train, 100,2
15360,train,50 100,37
15361,train,50 100,36
15362,train,25 50 100,36
15363,train, 100,37
15364,train, 100,35
15365,train, 100,38
15366,train, 100,36
15368,train, 100,14
15369,train, 100,7
15370,train,25 50 100,1
15371,train, 100,22
15372,train,10 25 50 100,7
15373,train, 100,21
15375,train,25 50 100,20
15376,train,50 100,1
15379,train, 100,26
15380,train,50 100,33
15381,train, 100,30
15382,train, 100,30
15383,train,50 100,33
15384,train,50 100,29
15386,train, 100,30
15441,train, 100,48
15442,train,50 100,44
15443,train, 100,4
15444,train,50 100,29
15446,train,50 100,31
15448,train,10 25 50 100,5
15449,train,50 100,6
15450,train, 100,9
15451,train, 100,14
15452,train,10 25 50 100,15
15454,train, 100,9
15455,train,1 5 10 25 50 100,7
15456,train, 100,20
15457,train, 100,7
15458,train,50 100,7
15459,train,25 50 100,20
15460,train,50 100,19
15461,train,50 100,17
15477,train,50 100,54
15478,train,50 100,24
15479,train, 100,12
15480,train, 100,30
15481,train, 100,35
15482,train,50 100,5
15483,train, 100,32
15484,train,5 10 25 50 100,25
15485,train,50 100,8
15486,train, 100,9
15490,train,5 10 25 50 100,53
15491,train,25 50 100,40
15492,train,50 100,42
15493,train, 100,40
15494,train,10 25 50 100,40
15495,train,10 25 50 100,36
15496,train, 100,35
15498,train, 100,28
15499,train, 100,32
15500,train, 100,34
15501,train,50 100,42
15504,train, 100,52
15505,train,25 50 100,39
15506,train, 100,30
15507,train,25 50 100,35
15508,train, 100,38
15509,train,25 50 100,40
15510,train,50 100,35
15511,train, 100,41
15512,train, 100,39
15513,train,5 10 25 50 100,7
15514,train, 100,36
15515,train,25 50 100,30
15517,train,50 100,30
15518,train,25 50 100,33
15519,train,10 25 50 100,47
15521,train, 100,41
15523,train, 100,28
15524,train,25 50 100,7
15525,train,50 100,54
15526,train, 100,51
15527,train, 100,28
15528,train, 100,29
15529,train,25 50 100,35
15530,train,50 100,40
15531,train, 100,30
15532,train,50 100,33
15536,train, 100,50
15537,train, 100,34
15539,train, 100,48
15540,train,50 100,37
15541,train,10 25 50 100,39
15544,train, 100,43
15545,train,50 100,31
15546,train, 100,44
15547,train,50 100,45
15548,train, 100,8
15552,train, 100,60
15553,train, 100,50
15554,train, 100,61
15555,train, 100,54
15556,train, 100,45
15557,train, 100,53
15558,train, 100,45
15561,train,50 100,52
15562,train,50 100,49
15563,train, 100,50
15564,train,25 50 100,51
15565,train,25 50 100,50
15566,train, 100,48
15567,train, 100,47
15569,train,50 100,46
15570,train,5 10 25 50 100,42
15571,train, 100,1
15572,train,50 100,51
15573,train, 100,47
15578,train, 100,53
15579,train,25 50 100,49
15580,train,50 100,48
15581,train, 100,45
15582,train,50 100,48
15583,train, 100,44
15585,train, 100,50
15586,train, 100,49
15587,train,50 100,53
15588,train,10 25 50 100,45
15589,train,10 25 50 100,50
15590,train,50 100,50
15591,train,5 10 25 50 100,42
15592,train,50 100,37
15593,train, 100,46
15594,train, 100,48
15595,train,50 100,46
15596,train, 100,44
15599,train,50 100,46
15600,train,50 100,39
15601,train,50 100,52
15602,train,25 50 100,40
15605,train,50 100,52
15606,train,50 100,40
15607,train,50 100,44
15608,train,5 10 25 50 100,49
15609,train,50 100,53
15610,train, 100,49
15611,train,25 50 100,52
15612,train,25 50 100,48
15613,train, 100,47
15614,train,25 50 100,51
15615,train, 100,46
15617,train,50 100,48
15618,train,50 100,48
15619,train, 100,51
15620,train,50 100,42
15621,train,50 100,47
15622,train,5 10 25 50 100,45
15625,train,50 100,54
15626,train,25 50 100,51
15627,train,50 100,43
15628,train,50 100,51
15629,train, 100,42
15630,train, 100,54
15632,train, 100,41
15633,train,50 100,37
15634,train, 100,42
15635,train,50 100,41
15636,train,10 25 50 100,43
15638,train,5 10 25 50 100,43
15640,train,25 50 100,41
15641,train,10 25 50 100,36
15643,train,50 100,39
15644,train, 100,43
15645,train,50 100,37
15646,train, 100,37
15647,train,10 25 50 100,8
15648,train, 100,10
15649,train, 100,31
15650,train,50 100,28
15651,train, 100,22
15652,train, 100,26
15653,train, 100,23
15656,train, 100,55
15659,train, 100,25
15660,train, 100,21
15661,train,50 100,22
15662,train, 100,8
15663,train, 100,9
15664,train,1 5 10 25 50 100,7
15666,train, 100,45
15668,train, 100,52
15669,train,50 100,40
15670,train, 100,44
15672,train,50 100,43
15673,train,50 100,41
15674,train, 100,45
15675,train,25 50 100,44
15676,train, 100,59
15677,train, 100,39
15680,train,50 100,54
15681,train, 100,38
15682,train, 100,39
15683,train,25 50 100,35
15684,train,5 10 25 50 100,39
15685,train, 100,39
15686,train,50 100,38
15687,train, 100,37
15688,train, 100,33
15689,train, 100,37
15694,train,5 10 25 50 100,32
15695,train,25 50 100,37
15696,train, 100,35
15697,train, 100,28
15698,train, 100,34
15699,train, 100,39
15700,train,25 50 100,37
15701,train, 100,29
15702,train,50 100,39
15703,train, 100,46
15704,train,10 25 50 100,40
15705,train, 100,30
15708,train, 100,50
15722,train,50 100,40
15723,train,50 100,8
15724,train, 100,38
15725,train, 100,38
15726,train,5 10 25 50 100,34
15727,train, 100,32
15728,train,5 10 25 50 100,37
15729,train,25 50 100,42
15730,train,25 50 100,6
15732,train,25 50 100,59
15733,train, 100,64
15734,train, 100,15
15735,train,25 50 100,24
15738,train,5 10 25 50 100,53
15740,train,50 100,1
15744,train, 100,1
15748,train,50 100,37
15749,train, 100,38
15750,train,25 50 100,44
15751,train,1 5 10 25 50 100,38
15752,train,25 50 100,36
15758,train, 100,29
15759,train, 100,27
15761,train, 100,23
15762,train,50 100,33
15763,train, 100,32
15764,train, 100,32
15766,train, 100,1
15767,train, 100,2
15770,train,50 100,13
15771,train,50 100,7
15772,train,50 100,5
15774,train, 100,10
15788,train,50 100,39
15789,train,50 100,50
15790,train, 100,48
15791,train,25 50 100,44
15792,train, 100,44
15793,train, 100,52
15795,train, 100,51
15796,train,50 100,18
15797,train, 100,23
15801,train,50 100,31
15802,train, 100,33
15803,train, 100,28
15804,train, 100,31
15805,train,50 100,28
15806,train,10 25 50 100,34
15807,train, 100,36
15808,train,50 100,38
15809,train, 100,29
15814,train,25 50 100,54
15815,train, 100,44
15816,train,5 10 25 50 100,51
15817,train,50 100,55
15818,train, 100,52
15819,train,50 100,54
15824,train, 100,55
15825,train,50 100,40
15826,train,50 100,37
15827,train,50 100,45
15828,train,5 10 25 50 100,43
15829,train,10 25 50 100,36
15831,train,50 100,37
15832,train,25 50 100,30
15833,train,50 100,33
15834,train, 100,31
15835,train, 100,40
15836,train, 100,43
15837,train, 100,41
15838,train,10 25 50 100,22
15839,train, 100,28
15840,train, 100,47
15843,train, 100,54
15845,train, 100,25
15846,train,10 25 50 100,33
15847,train,25 50 100,33
15848,train,25 50 100,39
15850,train, 100,18
15851,train, 100,35
15852,train,25 50 100,42
15853,train,50 100,41
15854,train,50 100,40
15855,train, 100,39
15856,train, 100,45
15858,train, 100,33
15859,train,50 100,26
15860,train,50 100,32
15861,train, 100,50
15866,train, 100,54
15867,train, 100,52
15868,train, 100,40
15869,train,50 100,40
15870,train, 100,42
15871,train, 100,51
15872,train, 100,52
15873,train, 100,42
15874,train,10 25 50 100,50
15877,train, 100,50
15883,train,50 100,34
15884,train, 100,35
15885,train,25 50 100,34
15886,train,50 100,33
15889,train,50 100,47
15890,train, 100,11
15892,train,25 50 100,8
15893,train, 100,17
15894,train,25 50 100,1
15895,train, 100,31
15896,train,50 100,33
15897,train,25 50 100,6
15898,train,50 100,7
15899,train,50 100,30
15900,train,50 100,37
15901,train,50 100,42
15902,train,50 100,43
15903,train,25 50 100,34
15904,train, 100,42
15905,train, 100,46
15906,train,10 25 50 100,45
15907,train,25 50 100,44
15908,train,5 10 25 50 100,37
15909,train, 100,10
15912,train, 100,53
15925,train, 100,4
15930,train,50 100,6
15931,train, 100,34
15932,train, 100,17
15934,train,10 25 50 100,19
15935,train,50 100,41
15936,train, 100,60
15937,train,50 100,52
15938,train, 100,50
15939,train, 100,53
15940,train,50 100,55
15941,train,25 50 100,55
15945,train, 100,54
15946,train,50 100,50
15948,train, 100,32
15951,train, 100,36
15952,train,5 10 25 50 100,49
15953,train,25 50 100,14
15955,train,50 100,21
15956,train, 100,19
15957,train,25 50 100,24
15958,train,25 50 100,25
15960,train,25 50 100,27
15962,train,25 50 100,2
15967,train,50 100,36
15968,train, 100,22
15969,train,50 100,20
15970,train, 100,47
15971,train,50 100,46
15972,train,10 25 50 100,17
15975,train,25 50 100,36
15976,train, 100,53
15977,train, 100,44
15978,train,5 10 25 50 100,42
15980,train, 100,42
15981,train,50 100,44
15982,train, 100,30
15983,train, 100,38
15984,train, 100,35
15985,train, 100,33
15986,train,50 100,31
15987,train, 100,37
15988,train,25 50 100,30
15989,train,50 100,35
15991,train, 100,34
15993,train,50 100,29
15994,train,50 100,33
15995,train, 100,31
15996,train,25 50 100,2
15997,train, 100,7
15999,train,50 100,18
16000,train,25 50 100,21
16003,train,25 50 100,24
16004,train,50 100,18
16008,train,25 50 100,42
16009,train, 100,50
16010,train, 100,37
16011,train, 100,33
16013,train, 100,36
16014,train, 100,36
16016,train, 100,38
16018,train, 100,27
16019,train,25 50 100,38
16020,train, 100,53
16021,train, 100,17
16022,train,25 50 100,15
16023,train, 100,17
16024,train,25 50 100,17
16025,train, 100,19
16026,train,50 100,7
16027,train, 100,23
16028,train, 100,17
16029,train,50 100,15
16032,train, 100,37
16033,train, 100,12
16035,train, 100,30
16036,train, 100,33
16037,train, 100,46
16038,train,50 100,45
16039,train,50 100,45
16040,train, 100,43
16042,train, 100,23
16043,train,10 25 50 100,34
16044,train,25 50 100,7
16045,train, 100,10
16047,train, 100,42
16048,train, 100,41
16049,train,1 5 10 25 50 100,50
16051,train, 100,27
16052,train,50 100,53
16053,train, 100,28
16054,train, 100,32
16055,train,50 100,50
16056,train, 100,32
16057,train,50 100,35
16058,train, 100,51
16060,train, 100,52
16061,train,25 50 100,35
16062,train, 100,31
16065,train, 100,54
16066,train,50 100,15
16067,train, 100,8
16068,train,5 10 25 50 100,10
16070,train,25 50 100,34
16071,train,25 50 100,37
16072,train, 100,27
16074,train,25 50 100,26
16075,train, 100,26
16076,train, 100,34
16077,train,10 25 50 100,30
16078,train,50 100,10
16080,train,50 100,32
16081,train,5 10 25 50 100,41
16082,train,1 5 10 25 50 100,36
16084,train, 100,35
16085,train,50 100,29
16086,train, 100,44
16091,train, 100,32
16092,train, 100,5
16097,train,1 5 10 25 50 100,30
16098,train, 100,30
16099,train, 100,32
16100,train,25 50 100,27
16102,train, 100,36
16105,train,10 25 50 100,32
16106,train, 100,35
16108,train, 100,49
16109,train,50 100,40
16110,train,10 25 50 100,45
16111,train, 100,15
16119,train, 100,17
16120,train,50 100,40
16121,train, 100,42
16122,train, 100,45
16123,train,10 25 50 100,47
16124,train,50 100,43
16125,train, 100,51
16126,train,50 100,35
16127,train, 100,55
16129,train,50 100,47
16130,train, 100,45
16131,train,25 50 100,22
16132,train, 100,25
16134,train, 100,32
16136,train,25 50 100,30
16137,train,50 100,31
16138,train,50 100,30
16140,train,50 100,44
16141,train,25 50 100,3
16144,train, 100,52
16145,train,25 50 100,25
16146,train, 100,22
16147,train,50 100,29
16148,train,50 100,18
16149,train, 100,33
16150,train, 100,16
16151,train, 100,38
16152,train,50 100,31
16153,train,50 100,37
16155,train,50 100,31
16157,train,5 10 25 50 100,18
16160,train,25 50 100,5
16161,train, 100,6
16162,train, 100,34
16163,train, 100,14
16165,train,50 100,37
16166,train,50 100,41
16167,train,50 100,36
16168,train,25 50 100,44
16169,train,25 50 100,53
16170,train, 100,41
16171,train, 100,3
16172,train,50 100,50
16173,train,50 100,3
16174,train,5 10 25 50 100,35
16180,train,50 100,5
16181,train,50 100,67
16182,train,50 100,49
16184,train,25 50 100,43
16185,train,25 50 100,38
16186,train, 100,51
16187,train, 100,42
16188,train,50 100,59
16189,train, 100,51
16190,train,10 25 50 100,34
16192,train, 100,51
16193,train, 100,40
16194,train,25 50 100,34
16195,train, 100,37
16196,train,25 50 100,29
16197,train,1 5 10 25 50 100,8
16198,train, 100,29
16201,train,50 100,54
16203,train, 100,40
16206,train, 100,42
16207,train, 100,16
16208,train,50 100,30
16209,train, 100,49
16210,train,50 100,32
16211,train, 100,43
16212,train, 100,42
16213,train, 100,45
16214,train,25 50 100,35
16215,train,50 100,48
16216,train,50 100,49
16217,train, 100,38
16218,train, 100,35
16219,train, 100,41
16221,train, 100,27
16222,train, 100,17
16223,train, 100,25
16224,train, 100,31
16225,train, 100,18
16226,train, 100,15
16228,train, 100,17
16229,train,5 10 25 50 100,22
16230,train, 100,26
16231,train, 100,31
16235,train, 100,51
16237,train,50 100,31
16238,train,50 100,12
16239,train, 100,30
16240,train,25 50 100,17
16241,train,25 50 100,34
16242,train,50 100,13
16244,train, 100,45
16245,train,25 50 100,44
16246,train,10 25 50 100,45
16247,train,50 100,43
16248,train,25 50 100,45
16249,train, 100,45
16251,train, 100,50
16254,train,1 5 10 25 50 100,52
16255,train, 100,40
16256,train, 100,42
16257,train, 100,40
16258,train,50 100,21
16259,train,50 100,18
16260,train,50 100,41
16261,train, 100,48
16262,train,25 50 100,41
16263,train,5 10 25 50 100,49
16264,train, 100,48
16265,train, 100,53
16266,train, 100,51
16267,train,50 100,48
16268,train, 100,34
16269,train, 100,40
16271,train, 100,27
16272,train,50 100,23
16273,train, 100,26
16274,train,25 50 100,26
16275,train, 100,28
16276,train,50 100,21
16277,train, 100,24
16278,train, 100,28
16279,train,50 100,33
16281,train, 100,29
16282,train,25 50 100,32
16283,train, 100,24
16284,train,50 100,29
16287,train,25 50 100,54
16288,train,25 50 100,36
16289,train, 100,33
16290,train, 100,35
16291,train,1 5 10 25 50 100,35
16292,train,50 100,33
16293,train,10 25 50 100,34
16294,train,10 25 50 100,31
16295,train, 100,32
16296,train, 100,39
16297,train, 100,37
16298,train, 100,33
16299,train,5 10 25 50 100,32
16300,train,25 50 100,34
16301,train,50 100,30
16302,train,50 100,31
16303,train,50 100,20
16304,train, 100,67
16310,train,25 50 100,54
16311,train,5 10 25 50 100,23
16313,train,50 100,4
16314,train, 100,45
16315,train,25 50 100,24
16316,train, 100,29
16317,train,50 100,34
16318,train,50 100,1
16319,train,50 100,30
16320,train, 100,45
16321,train,25 50 100,48
16322,train, 100,27
16323,train,25 50 100,25
16324,train, 100,34
16325,train,50 100,28
16326,train,50 100,51
16327,train,25 50 100,51
16328,train,50 100,53
16329,train, 100,42
16330,train, 100,43
16333,train, 100,46
16334,train,50 100,41
16335,train, 100,42
16338,train,50 100,54
16339,train, 100,48
16340,train,25 50 100,48
16341,train,25 50 100,47
16342,train, 100,44
16344,train, 100,46
16345,train,50 100,46
16346,train,25 50 100,30
16347,train,5 10 25 50 100,5
16349,train,50 100,19
16350,train,50 100,13
16352,train, 100,27
16353,train,50 100,28
16357,train,50 100,55
16358,train,25 50 100,37
16359,train, 100,12
16360,train,50 100,60
16362,train, 100,32
16364,train, 100,15
16367,train, 100,24
16368,train, 100,62
16369,train, 100,16
16370,train, 100,35
16372,train,50 100,33
16373,train,50 100,36
16374,train,25 50 100,37
16375,train,25 50 100,35
16376,train,25 50 100,36
16378,train, 100,30
16379,train,50 100,33
16382,train,50 100,52
16384,train,25 50 100,17
16385,train,50 100,19
16388,train, 100,13
16389,train, 100,3
16390,train,50 100,23
16391,train, 100,36
16392,train, 100,10
16394,train,50 100,20
16395,train, 100,1
16396,train, 100,9
16400,train, 100,54
16402,train,25 50 100,43
16403,train,25 50 100,32
16404,train, 100,49
16406,train,25 50 100,40
16407,train, 100,48
16408,train, 100,49
16409,train,50 100,46
16411,train, 100,51
16412,train,50 100,49
16413,train,50 100,42
16419,train,5 10 25 50 100,54
16420,train, 100,45
16421,train, 100,39
16422,train, 100,36
16423,train, 100,38
16424,train,50 100,39
16425,train, 100,35
16427,train,5 10 25 50 100,38
16428,train, 100,37
16429,train,50 100,32
16430,train, 100,29
16431,train,5 10 25 50 100,30
16432,train, 100,3
16433,train,50 100,1
16437,train,25 50 100,40
16441,train, 100,53
16442,train, 100,30
16443,train,5 10 25 50 100,37
16444,train,25 50 100,44
16445,train,10 25 50 100,25
16446,train,5 10 25 50 100,8
16447,train,50 100,19
16448,train, 100,5
16449,train, 100,39
16450,train, 100,29
16451,train,50 100,45
16453,train, 100,33
16454,train, 100,25
16455,train,1 5 10 25 50 100,30
16456,train, 100,33
16457,train,50 100,31
16458,train,5 10 25 50 100,28
16460,train, 100,26
16461,train,25 50 100,32
16466,train,25 50 100,54
16468,train,50 100,40
16469,train,25 50 100,32
16470,train, 100,31
16471,train, 100,31
16472,train,50 100,49
16473,train,10 25 50 100,39
16474,train,50 100,42
16475,train,25 50 100,46
16476,train,25 50 100,40
16477,train,50 100,43
16478,train, 100,8
16479,train, 100,51
16480,train,10 25 50 100,49
16481,train,5 10 25 50 100,31
16482,train,5 10 25 50 100,17
16483,train,10 25 50 100,36
16484,train,25 50 100,33
16485,train, 100,14
16486,train, 100,16
16488,train,50 100,7
16542,train, 100,4
16549,train, 100,1
16552,train,50 100,10
16553,train,10 25 50 100,13
16568,train,50 100,10
16572,train, 100,17
16573,train, 100,21
16575,train,25 50 100,1
16577,train,10 25 50 100,30
16578,train,50 100,37
16579,train,50 100,32
16581,train, 100,18
16582,train,5 10 25 50 100,31
16583,train,25 50 100,22
16584,train, 100,28
16587,train,25 50 100,2
16588,train, 100,43
16589,train,50 100,39
16590,train,25 50 100,36
16591,train, 100,34
16592,train, 100,37
16593,train,25 50 100,35
16594,train, 100,47
16595,train, 100,46
16598,train,50 100,35
16599,train,25 50 100,5
16600,train,50 100,1
16601,train,25 50 100,48
16602,train,25 50 100,21
16603,train, 100,57
16607,train, 100,8
16611,train,10 25 50 100,48
16615,train,50 100,39
16618,train, 100,61
16620,train, 100,60
16621,train, 100,8
16622,train, 100,41
16623,train, 100,56
16624,train, 100,9
16627,train, 100,57
16629,train, 100,53
16631,train,25 50 100,48
16635,train,50 100,51
16636,train,50 100,51
16637,train, 100,55
16638,train,5 10 25 50 100,55
16639,train, 100,55
16644,train, 100,60
16648,train, 100,56
16650,train,5 10 25 50 100,48
16651,train,1 5 10 25 50 100,61
16652,train, 100,59
16663,train, 100,1
16665,train, 100,40
16667,train,25 50 100,22
16668,train, 100,21
16669,train, 100,18
16671,train,50 100,34
16673,train, 100,37
16674,train, 100,36
16675,train, 100,37
16677,train, 100,35
16678,train, 100,35
16679,train,50 100,37
16680,train, 100,34
16681,train,25 50 100,37
16682,train,50 100,35
16683,train,10 25 50 100,33
16684,train,5 10 25 50 100,36
16686,train, 100,38
16687,train, 100,36
16688,train, 100,37
16689,train,25 50 100,37
16690,train, 100,36
16691,train, 100,37
16692,train,10 25 50 100,21
16695,train,25 50 100,15
16696,train,50 100,41
16697,train,50 100,34
16698,train,50 100,38
16699,train, 100,30
16700,train, 100,28
16701,train, 100,44
16702,train, 100,59
16703,train, 100,64
16704,train, 100,21
16705,train,50 100,12
16707,train, 100,18
16708,train, 100,43
16709,train,50 100,24
16711,train, 100,4
16713,train, 100,3
16716,train, 100,3
16718,train,50 100,16
16722,train,50 100,37
16723,train, 100,39
16724,train,50 100,39
16725,train,25 50 100,25
16726,train, 100,23
16727,train, 100,26
16728,train,25 50 100,23
16729,train,50 100,26
16730,train,50 100,23
16731,train,25 50 100,13
16733,train,50 100,3
16734,train,25 50 100,25
16735,train, 100,8
16736,train,50 100,19
16738,train,50 100,22
16743,train, 100,20
16745,train,50 100,38
16748,train, 100,39
16749,train, 100,39
16750,train, 100,38
16754,train,10 25 50 100,40
16769,train,50 100,27
16770,train,50 100,49
16771,train,50 100,61
16787,train, 100,61
16789,train, 100,57
16790,train,10 25 50 100,45
16791,train,1 5 10 25 50 100,49
16792,train,50 100,66
16793,train, 100,67
16794,train,25 50 100,66
16795,train,50 100,47
16796,train,50 100,11
16797,train, 100,28
16798,train,50 100,24
16799,train,25 50 100,9
16801,train, 100,28
16802,train, 100,21
16804,train,25 50 100,44
16805,train, 100,13
16818,train,50 100,31
16820,train, 100,12
16821,train, 100,24
16822,train,50 100,25
16823,train,25 50 100,25
16825,train,1 5 10 25 50 100,24
16826,train,25 50 100,22
16827,train,50 100,25
16828,train, 100,25
16831,train, 100,38
16847,train,50 100,34
16850,train,5 10 25 50 100,70
16851,train, 100,18
16852,train,50 100,22
16853,train,50 100,20
16854,train,10 25 50 100,20
16855,train, 100,18
16856,train,25 50 100,20
16857,train, 100,20
16858,train, 100,21
16860,train, 100,20
16869,train,25 50 100,13
16917,train,50 100,7
16918,train, 100,14
16919,train,25 50 100,13
16920,train,25 50 100,49
16921,train,50 100,8
16922,train,5 10 25 50 100,45
16923,train, 100,43
16924,train, 100,52
16925,train, 100,2
16927,train,25 50 100,44
16928,train, 100,39
16929,train,50 100,45
16931,train, 100,1
16932,train,50 100,44
16936,train,50 100,28
16937,train, 100,15
16938,train, 100,21
16939,train, 100,28
16940,train, 100,29
16941,train, 100,28
16942,train,5 10 25 50 100,19
16943,train,25 50 100,63
16944,train, 100,73
16945,train, 100,66
16948,train,25 50 100,51
16949,train,50 100,56
16950,train, 100,40
16951,train, 100,11
16953,train,50 100,29
16954,train, 100,6
16955,train, 100,40
16956,train, 100,40
16957,train,25 50 100,37
16958,train, 100,25
16959,train,50 100,34
16960,train,10 25 50 100,32
16961,train, 100,44
16964,train,50 100,17
16966,train, 100,6
16967,train,5 10 25 50 100,6
16968,train,50 100,50
16969,train,50 100,7
16970,train, 100,36
16971,train,50 100,32
16972,train,25 50 100,39
16973,train,1 5 10 25 50 100,26
16974,train,50 100,39
16976,train,50 100,38
16977,train,50 100,41
16978,train,25 50 100,40
16979,train,50 100,23
16980,train, 100,15
16981,train, 100,25
16982,train,25 50 100,7
16983,train,5 10 25 50 100,12
16984,train,50 100,7
16985,train, 100,18
16986,train,25 50 100,14
16987,train, 100,5
16988,train,25 50 100,18
16989,train, 100,5
16990,train, 100,36
16991,train,50 100,29
16992,train,25 50 100,28
16996,train, 100,5
16999,train,50 100,34
17000,train, 100,34
17001,train, 100,35
17002,train, 100,33
17003,train, 100,27
17004,train,50 100,41
17005,train,5 10 25 50 100,40
17006,train,25 50 100,21
17007,train, 100,21
17008,train,25 50 100,19
17009,train,25 50 100,21
17010,train, 100,23
17012,train,50 100,2
17014,train, 100,4
17015,train,50 100,21
17016,train, 100,20
17018,train, 100,19
17021,train, 100,49
17022,train,50 100,48
17024,train,50 100,40
17028,train, 100,53
17029,train,10 25 50 100,33
17030,train, 100,38
17032,train,25 50 100,43
17033,train, 100,43
17035,train,50 100,46
17036,train,50 100,46
17037,train, 100,65
17038,train,50 100,57
17039,train,50 100,67
17040,train, 100,56
17041,train, 100,63
17042,train, 100,68
17043,train, 100,55
17044,train, 100,6
17045,train,50 100,12
17046,train, 100,26
17047,train,50 100,31
17048,train,50 100,5
17053,train, 100,52
17054,train, 100,62
17055,train,10 25 50 100,56
17056,train,50 100,37
17057,train, 100,38
17058,train,25 50 100,36
17059,train,50 100,35
17062,train,10 25 50 100,37
17063,train, 100,44
17064,train, 100,60
17065,train, 100,50
17066,train,50 100,58
17067,train, 100,62
17068,train, 100,59
17069,train, 100,41
17070,train, 100,48
17071,train,25 50 100,34
17074,train,25 50 100,49
17075,train,50 100,36
17076,train,50 100,38
17077,train,50 100,37
17078,train,10 25 50 100,30
17079,train,50 100,36
17080,train,10 25 50 100,59
17081,train,50 100,36
17082,train, 100,56
17083,train, 100,40
17085,train,5 10 25 50 100,68
17086,train,50 100,36
17087,train,5 10 25 50 100,36
17088,train, 100,39
17089,train,50 100,42
17091,train, 100,36
17092,train,10 25 50 100,21
17093,train,25 50 100,31
17094,train, 100,37
17095,train, 100,22
17096,train, 100,31
17097,train,50 100,37
17098,train,25 50 100,35
17101,train,25 50 100,45
17102,train, 100,14
17105,train,10 25 50 100,16
17107,train,50 100,23
17108,train,5 10 25 50 100,21
17109,train,5 10 25 50 100,21
17110,train,50 100,39
17111,train,25 50 100,47
17112,train,25 50 100,66
17113,train,25 50 100,40
17115,train, 100,31
17116,train,25 50 100,38
17117,train,25 50 100,41
17118,train, 100,34
17119,train, 100,36
17122,train,50 100,39
17126,train, 100,42
17127,train,25 50 100,43
17129,train, 100,42
17130,train, 100,34
17131,train,25 50 100,29
17132,train,50 100,7
17133,train,50 100,16
17134,train,50 100,17
17135,train, 100,38
17136,train,10 25 50 100,41
17137,train,50 100,16
17138,train,5 10 25 50 100,14
17139,train,50 100,32
17142,train, 100,24
17143,train,50 100,20
17146,train,50 100,14
17147,train, 100,11
17148,train, 100,9
17149,train, 100,30
17150,train, 100,1
17151,train,10 25 50 100,30
17152,train,10 25 50 100,24
17153,train,50 100,21
17154,train, 100,34
17156,train, 100,42
17157,train,50 100,36
17158,train,25 50 100,41
17159,train,50 100,25
17162,train,50 100,45
17163,train, 100,47
17164,train,50 100,7
17165,train, 100,60
17166,train,50 100,88
17167,train, 100,82
17168,train, 100,78
17169,train,5 10 25 50 100,82
17170,train, 100,87
17171,train,5 10 25 50 100,67
17172,train, 100,82
17173,train, 100,71
17174,train,25 50 100,84
17175,train, 100,63
17176,train,50 100,80
17177,train, 100,41
17178,train, 100,41
17180,train,50 100,46
17181,train,50 100,45
17182,train, 100,44
17185,train,25 50 100,26
17186,train,25 50 100,8
17187,train, 100,24
17188,train,25 50 100,24
17189,train,50 100,24
17190,train,25 50 100,65
17191,train,25 50 100,53
17192,train,50 100,54
17193,train,25 50 100,62
17194,train, 100,44
17195,train, 100,43
17196,train, 100,53
17197,train, 100,39
17198,train, 100,31
17199,train, 100,58
17200,train, 100,34
17201,train, 100,30
17203,train, 100,56
17204,train, 100,54
17205,train,50 100,33
17206,train, 100,43
17207,train,50 100,55
17208,train,50 100,62
17210,train,50 100,42
17212,train, 100,60
17213,train, 100,60
17214,train, 100,62
17215,train, 100,38
17216,train,50 100,55
17217,train, 100,55
17218,train, 100,41
17260,train, 100,47
17261,train,50 100,47
17262,train, 100,49
17263,train, 100,1
17268,train,50 100,9
17269,train,5 10 25 50 100,11
17271,train,50 100,15
17272,train,10 25 50 100,13
17273,train,25 50 100,14
17274,train,25 50 100,14
17275,train,50 100,15
17292,train,50 100,24
17301,train,25 50 100,29
17303,train, 100,26
17313,train,10 25 50 100,33
17329,train,25 50 100,26
17330,train, 100,28
17348,train,50 100,22
17353,train,50 100,26
17354,train, 100,32
17355,train, 100,33
17356,train,25 50 100,27
17357,train, 100,26
17363,train,50 100,8
17364,train,1 5 10 25 50 100,8
17367,train,50 100,37
17378,train,50 100,13
17381,train,25 50 100,38
17382,train,50 100,41
17384,train, 100,12
17385,train,50 100,35
17386,train,25 50 100,44
17387,train,50 100,17
17388,train,50 100,33
17389,train, 100,27
17390,train,50 100,27
17391,train, 100,32
17392,train,50 100,47
17393,train,25 50 100,43
17394,train,10 25 50 100,43
17400,train, 100,40
17403,train,50 100,3
17404,train, 100,2
17407,train,25 50 100,16
17409,train, 100,1
17410,train,50 100,28
17412,train, 100,6
17414,train, 100,26
17416,train, 100,23
17417,train, 100,8
17419,train, 100,13
17422,train, 100,52
17423,train, 100,58
17425,train,25 50 100,41
17426,train, 100,47
17427,train,10 25 50 100,38
17429,train, 100,1
17430,train,25 50 100,34
17433,train,25 50 100,8
17434,train, 100,18
17435,train,50 100,27
17436,train, 100,7
17437,train, 100,36
17438,train, 100,31
17439,train, 100,47
17440,train, 100,16
17441,train, 100,43
17442,train, 100,43
17443,train,50 100,46
17445,train,25 50 100,65
17446,train, 100,58
17447,train,50 100,36
17448,train,10 25 50 100,51
17449,train,50 100,49
17450,train,10 25 50 100,53
17451,train,25 50 100,53
17452,train, 100,45
17453,train,50 100,9
17454,train, 100,6
17455,train,50 100,32
17458,train,50 100,53
17459,train, 100,1
17460,train, 100,27
17461,train, 100,27
17462,train, 100,50
17463,train, 100,48
17464,train, 100,42
17466,train,50 100,45
17467,train,50 100,68
17468,train, 100,58
17469,train, 100,48
17470,train, 100,66
17471,train, 100,61
17472,train, 100,52
17473,train,50 100,65
17474,train,50 100,62
17477,train, 100,48
17478,train, 100,67
17479,train, 100,49
17481,train,50 100,67
17484,train,5 10 25 50 100,37
17486,train, 100,50
17487,train,50 100,57
17490,train, 100,68
17491,train,25 50 100,67
17492,train,50 100,53
17493,train,10 25 50 100,65
17494,train,10 25 50 100,43
17496,train, 100,25
17497,train,25 50 100,49
17498,train, 100,46
17500,train, 100,48
17501,train,25 50 100,18
17503,train, 100,30
17507,train,50 100,66
17508,train,25 50 100,68
17509,train,50 100,64
17510,train, 100,61
17511,train, 100,64
17512,train, 100,46
17513,train,10 25 50 100,17
17514,train, 100,58
17515,train, 100,59
17516,train, 100,59
17517,train,25 50 100,59
17518,train, 100,67
17519,train,25 50 100,61
17520,train, 100,51
17521,train, 100,51
17522,train, 100,50
17523,train, 100,47
17524,train,50 100,42
17525,train, 100,41
17526,train, 100,49
17527,train,5 10 25 50 100,23
17528,train, 100,31
17529,train,10 25 50 100,27
17530,train,50 100,49
17531,train, 100,46
17532,train,50 100,41
17533,train,1 5 10 25 50 100,64
17534,train,1 5 10 25 50 100,59
17535,train, 100,54
17536,train, 100,59
17537,train, 100,67
17540,train, 100,43
17544,train, 100,61
17545,train, 100,72
17546,train,25 50 100,28
17547,train, 100,29
17554,train, 100,39
17555,train, 100,51
17556,train, 100,37
17557,train, 100,38
17558,train, 100,9
17559,train, 100,36
17560,train, 100,22
17561,train, 100,35
17562,train, 100,39
17564,train,50 100,32
17565,train, 100,7
17566,train, 100,31
17567,train,25 50 100,39
17568,train, 100,39
17571,train,50 100,39
17572,train,25 50 100,28
17573,train, 100,19
17575,train, 100,13
17577,train, 100,4
17578,train,50 100,15
17579,train, 100,33
17580,train,10 25 50 100,25
17581,train,50 100,27
17582,train,10 25 50 100,44
17583,train,50 100,31
17585,train,50 100,40
17586,train, 100,17
17590,train,25 50 100,51
17591,train,50 100,24
17592,train,25 50 100,19
17593,train,50 100,30
17594,train, 100,30
17595,train, 100,25
17596,train, 100,5
17597,train,50 100,50
17598,train, 100,62
17599,train, 100,31
17600,train, 100,41
17603,train, 100,50
17604,train,25 50 100,28
17605,train, 100,42
17606,train,25 50 100,61
17607,train,25 50 100,26
17609,train,50 100,6
17610,train,10 25 50 100,25
17611,train,5 10 25 50 100,27
17614,train, 100,23
17615,train, 100,12
17616,train,50 100,25
17617,train, 100,30
17618,train, 100,27
17619,train,50 100,20
17622,train, 100,50
17624,train, 100,48
17625,train, 100,52
17626,train, 100,49
17627,train,50 100,21
17628,train,25 50 100,26
17629,train,50 100,23
17630,train, 100,32
17631,train, 100,31
17632,train,25 50 100,20
17633,train,5 10 25 50 100,38
17634,train,50 100,11
17635,train,25 50 100,15
17636,train, 100,16
17637,train, 100,31
17638,train,10 25 50 100,14
17639,train,50 100,27
17641,train, 100,37
17642,train, 100,33
17645,train,50 100,37
17646,train,25 50 100,42
17647,train, 100,2
17648,train, 100,37
17649,train, 100,37
17650,train, 100,65
17651,train, 100,56
17652,train,1 5 10 25 50 100,4
17653,train,50 100,47
17654,train,10 25 50 100,39
17655,train,50 100,43
17656,train, 100,46
17657,train,50 100,31
17658,train,10 25 50 100,36
17659,train, 100,38
17660,train,50 100,32
17661,train,25 50 100,34
17663,train, 100,30
17664,train,50 100,27
17665,train,50 100,35
17666,train, 100,46
17667,train,50 100,26
17668,train, 100,29
17671,train, 100,37
17673,train,50 100,6
17674,train, 100,11
17675,train, 100,17
17676,train,5 10 25 50 100,50
17677,train, 100,46
17678,train,50 100,14
17679,train,10 25 50 100,14
17680,train, 100,49
17681,train,50 100,59
17682,train, 100,56
17683,train,50 100,50
17684,train,50 100,44
17685,train, 100,27
17686,train,10 25 50 100,25
17689,train,5 10 25 50 100,33
17690,train, 100,30
17691,train,50 100,21
17692,train,50 100,17
17693,train, 100,19
17700,train,25 50 100,37
17701,train,10 25 50 100,48
17702,train,25 50 100,20
17703,train,50 100,30
17704,train,25 50 100,32
17706,train,50 100,15
17707,train,10 25 50 100,16
17708,train,10 25 50 100,38
17709,train,10 25 50 100,35
17710,train, 100,21
17711,train, 100,54
17712,train, 100,25
17713,train,10 25 50 100,26
17714,train,25 50 100,42
17715,train, 100,27
17716,train,50 100,29
17717,train,50 100,29
17718,train,50 100,32
17719,train, 100,23
17720,train,25 50 100,18
17721,train, 100,26
17722,train, 100,25
17723,train, 100,22
17724,train, 100,31
17725,train, 100,30
17726,train, 100,29
17727,train, 100,28
17728,train, 100,25
17729,train,50 100,21
17732,train,10 25 50 100,40
17733,train,25 50 100,1
17735,train,25 50 100,7
17736,train,50 100,10
17737,train, 100,28
17739,train,25 50 100,10
17740,train,50 100,5
17741,train,25 50 100,2
17742,train, 100,14
17745,train,25 50 100,16
17747,train,50 100,33
17748,train,50 100,12
17750,train, 100,7
17752,train, 100,18
17756,train, 100,38
17757,train, 100,3
17758,train, 100,15
17759,train,25 50 100,14
17760,train,10 25 50 100,9
17761,train,25 50 100,23
17762,train,25 50 100,24
17763,train,50 100,21
17764,train, 100,24
17765,train, 100,2
17766,train, 100,42
17767,train, 100,17
17770,train,50 100,10
17771,train, 100,20
17772,train,50 100,28
17773,train, 100,26
17774,train,50 100,21
17775,train,50 100,30
17776,train,50 100,26
17777,train,50 100,24
17778,train, 100,25
17779,train,50 100,19
17780,train,50 100,25
17781,train,25 50 100,21
17782,train,50 100,35
17783,train, 100,34
17784,train, 100,24
17785,train,10 25 50 100,44
17786,train,10 25 50 100,34
17787,train,25 50 100,31
17788,train, 100,43
17791,train,50 100,45
17792,train, 100,47
17793,train, 100,44
17794,train, 100,49
17795,train, 100,32
17796,train,1 5 10 25 50 100,43
17799,train, 100,36
17800,train,10 25 50 100,41
17801,train, 100,38
17802,train,25 50 100,37
17803,train,25 50 100,35
17804,train, 100,33
17808,train, 100,27
17809,train,25 50 100,12
17810,train, 100,17
17811,train,5 10 25 50 100,10
17812,train, 100,30
17814,train,50 100,21
17815,train,10 25 50 100,19
17818,train,25 50 100,48
17819,train, 100,47
17820,train,50 100,50
17822,train, 100,49
17823,train, 100,47
17825,train,50 100,5
17826,train, 100,1
17827,train, 100,30
17828,train, 100,38
17829,train,25 50 100,29
17830,train, 100,37
17831,train, 100,33
17832,train, 100,31
17833,train, 100,9
17834,train, 100,13
17835,train, 100,21
17836,train,5 10 25 50 100,25
17837,train,25 50 100,25
17838,train,10 25 50 100,24
17839,train,10 25 50 100,24
17840,train, 100,31
17841,train,50 100,34
17844,train,50 100,41
17845,train,10 25 50 100,20
17847,train,25 50 100,39
17848,train,50 100,29
17849,train,50 100,10
17850,train,25 50 100,2
17854,train,25 50 100,53
17855,train,50 100,35
17856,train, 100,24
17857,train,25 50 100,18
17858,train, 100,17
17859,train,50 100,35
17860,train,50 100,14
17861,train,10 25 50 100,17
17862,train,25 50 100,12
17863,train, 100,9
17864,train, 100,9
17865,train, 100,24
17866,train,25 50 100,25
17867,train, 100,18
17868,train, 100,28
17869,train, 100,28
17871,train, 100,22
17872,train, 100,19
17873,train, 100,22
17875,train, 100,2
17876,train,50 100,15
17879,train,1 5 10 25 50 100,46
17880,train,10 25 50 100,43
17881,train,10 25 50 100,21
17882,train, 100,22
17884,train, 100,27
17886,train, 100,24
17887,train, 100,27
17888,train,25 50 100,22
17889,train, 100,15
17890,train,1 5 10 25 50 100,28
17892,train, 100,43
17893,train,50 100,38
17894,train, 100,39
17895,train, 100,17
17897,train, 100,28
17898,train, 100,21
17899,train,5 10 25 50 100,15
17900,train,50 100,18
17901,train, 100,13
17903,train,50 100,21
17904,train, 100,41
17905,train, 100,16
17906,train,25 50 100,21
17909,train,25 50 100,39
17910,train, 100,53
17911,train, 100,61
17912,train,50 100,64
17913,train, 100,52
17915,train, 100,46
17916,train, 100,66
17917,train, 100,61
17918,train, 100,64
17919,train,50 100,52
17920,train,25 50 100,59
17921,train,25 50 100,64
17922,train, 100,46
17923,train, 100,53
17924,train, 100,61
17925,train, 100,49
17928,train,50 100,52
17929,train,5 10 25 50 100,66
17930,train, 100,50
17931,train,25 50 100,54
17932,train, 100,65
17933,train,50 100,33
17934,train,1 5 10 25 50 100,15
17935,train, 100,33
17936,train, 100,31
17937,train, 100,47
17938,train, 100,45
17939,train,50 100,49
17941,train,50 100,14
17942,train,50 100,57
17943,train,50 100,37
17944,train,25 50 100,37
17946,train,10 25 50 100,7
17947,train, 100,52
17948,train, 100,25
17949,train,50 100,15
17950,train,50 100,37
17951,train, 100,29
17952,train,25 50 100,13
17953,train, 100,9
17954,train,5 10 25 50 100,13
17957,train, 100,54
17958,train, 100,31
17960,train,5 10 25 50 100,26
17962,train,50 100,60
17963,train,50 100,48
17964,train,50 100,48
17965,train,50 100,30
17966,train,10 25 50 100,20
17967,train,25 50 100,30
17968,train, 100,35
17969,train, 100,32
17970,train, 100,24
17971,train,50 100,53
17973,train,25 50 100,52
17975,train, 100,42
17976,train,50 100,25
17977,train,10 25 50 100,16
17978,train,10 25 50 100,24
17979,train, 100,26
17980,train, 100,47
17981,train,10 25 50 100,48
17982,train,25 50 100,53
17983,train, 100,39
17984,train, 100,43
17985,train, 100,55
17986,train, 100,54
17989,train, 100,55
17990,train,25 50 100,52
17991,train, 100,21
17992,train, 100,13
17993,train, 100,23
17994,train, 100,27
17995,train,5 10 25 50 100,31
17996,train,25 50 100,26
17997,train,25 50 100,39
17998,train, 100,22
17999,train, 100,44
18001,train, 100,1
18002,train,50 100,39
18003,train,5 10 25 50 100,20
18005,train,5 10 25 50 100,36
18006,train, 100,35
18007,train,10 25 50 100,42
18009,train,25 50 100,53
18010,train, 100,56
18011,train, 100,46
18012,train, 100,54
18013,train, 100,47
18014,train,50 100,54
18015,train,50 100,1
18019,train, 100,35
18020,train, 100,40
18021,train,25 50 100,23
18022,train, 100,26
18023,train,50 100,30
18024,train,50 100,23
18025,train, 100,39
18026,train,50 100,41
18027,train,50 100,34
18028,train,25 50 100,29
18029,train,25 50 100,20
18030,train, 100,26
18031,train,50 100,30
18032,train,25 50 100,18
18033,train,50 100,21
18034,train,25 50 100,33
18035,train,50 100,24
18039,train, 100,25
18040,train, 100,29
18041,train,10 25 50 100,28
18044,train, 100,49
18045,train, 100,24
18046,train, 100,25
18047,train, 100,6
18048,train,50 100,23
18049,train,25 50 100,21
18050,train,25 50 100,12
18051,train,5 10 25 50 100,16
18052,train,50 100,20
18053,train,5 10 25 50 100,21
18054,train,10 25 50 100,28
18055,train,50 100,1
18056,train, 100,33
18057,train, 100,2
18058,train,25 50 100,48
18059,train,25 50 100,65
18061,train, 100,42
18062,train, 100,49
18063,train, 100,49
18064,train,25 50 100,55
18065,train, 100,52
18066,train, 100,34
18067,train,50 100,24
18068,train,50 100,29
18070,train,50 100,3
18071,train, 100,52
18073,train, 100,7
18074,train,50 100,49
18075,train,50 100,5
18076,train,50 100,70
18077,train, 100,1
18101,train,25 50 100,30
18144,train, 100,3
18176,train, 100,34
18203,train, 100,1
18205,train, 100,38
18207,train,50 100,16
18208,train, 100,15
18209,train, 100,14
18211,train, 100,3
18220,train,50 100,47
18226,train,50 100,36
18233,train, 100,35
18234,train,5 10 25 50 100,35
18235,train, 100,36
18236,train, 100,32
18256,train, 100,20
18259,train, 100,27
18267,train, 100,21
18268,train,10 25 50 100,18
18286,train,10 25 50 100,44
18288,train, 100,33
18289,train,10 25 50 100,47
18290,train,50 100,47
18291,train,50 100,42
18292,train, 100,34
18293,train,50 100,37
18294,train, 100,22
18296,train,25 50 100,23
18298,train, 100,38
18299,train, 100,34
18300,train, 100,32
18301,train,5 10 25 50 100,35
18302,train, 100,33
18303,train, 100,39
18304,train, 100,29
18305,train,25 50 100,25
18306,train, 100,31
18307,train,25 50 100,4
18309,train,25 50 100,30
18310,train, 100,10
18312,train,10 25 50 100,6
18314,train,50 100,22
18315,train,50 100,11
18318,train, 100,53
18319,train,25 50 100,55
18320,train,50 100,54
18321,train,25 50 100,47
18322,train,50 100,47
18323,train, 100,49
18324,train, 100,38
18325,train,25 50 100,35
18326,train, 100,31
18327,train, 100,49
18328,train,25 50 100,24
18329,train,50 100,43
18330,train,10 25 50 100,54
18332,train,10 25 50 100,56
18333,train,1 5 10 25 50 100,56
18334,train,25 50 100,40
18335,train, 100,49
18336,train, 100,2
18337,train,5 10 25 50 100,2
18338,train,50 100,3
18340,train, 100,36
18342,train,50 100,19
18345,train, 100,51
18347,train,50 100,51
18348,train,25 50 100,51
18350,train,25 50 100,44
18351,train, 100,2
18352,train,50 100,27
18353,train, 100,29
18354,train,50 100,38
18355,train, 100,20
18356,train, 100,34
18357,train,25 50 100,22
18358,train,50 100,64
18359,train, 100,57
18360,train,50 100,59
18361,train,50 100,57
18362,train,25 50 100,2
18363,train,50 100,47
18364,train, 100,52
18365,train, 100,16
18366,train,25 50 100,11
18367,train,50 100,47
18368,train,5 10 25 50 100,30
18369,train, 100,34
18370,train,5 10 25 50 100,26
18371,train, 100,29
18372,train, 100,34
18373,train, 100,44
18374,train,50 100,37
18375,train,25 50 100,56
18376,train, 100,56
18383,train,50 100,56
18386,train, 100,41
18387,train, 100,64
18389,train, 100,47
18390,train,5 10 25 50 100,40
18391,train, 100,34
18392,train, 100,60
18393,train, 100,54
18394,train, 100,57
18395,train, 100,44
18396,train, 100,50
18397,train,25 50 100,22
18398,train,10 25 50 100,30
18399,train, 100,43
18400,train, 100,16
18401,train, 100,19
18402,train, 100,31
18403,train, 100,29
18404,train,50 100,19
18405,train, 100,32
18406,train, 100,15
18409,train,10 25 50 100,55
18411,train, 100,46
18412,train, 100,50
18413,train, 100,36
18415,train, 100,46
18416,train,25 50 100,31
18417,train, 100,22
18418,train,25 50 100,29
18419,train, 100,7
18420,train, 100,6
18421,train, 100,26
18423,train,50 100,27
18424,train, 100,30
18425,train, 100,37
18426,train,25 50 100,40
18427,train, 100,48
18428,train, 100,48
18431,train,50 100,13
18432,train,10 25 50 100,2
18433,train,5 10 25 50 100,23
18434,train,50 100,8
18435,train, 100,10
18436,train,25 50 100,1
18437,train,25 50 100,7
18438,train, 100,8
18440,train, 100,6
18443,train,25 50 100,26
18444,train, 100,11
18445,train,25 50 100,17
18446,train,50 100,2
18447,train, 100,10
18448,train, 100,5
18449,train,25 50 100,13
18450,train,50 100,18
18451,train,10 25 50 100,15
18452,train, 100,32
18454,train,25 50 100,8
18455,train,50 100,3
18457,train,25 50 100,32
18462,train,25 50 100,37
18463,train,50 100,35
18464,train, 100,25
18466,train, 100,2
18468,train,50 100,25
18471,train,50 100,1
18472,train,10 25 50 100,9
18473,train,5 10 25 50 100,23
18474,train, 100,31
18475,train,50 100,50
18476,train, 100,32
18477,train, 100,22
18478,train,50 100,13
18479,train,50 100,19
18480,train,10 25 50 100,13
18482,train,50 100,39
18483,train,50 100,16
18485,train,50 100,27
18486,train,50 100,13
18487,train, 100,31
18488,train,50 100,39
18489,train,25 50 100,48
18490,train,25 50 100,10
18491,train, 100,13
18492,train, 100,38
18495,train,10 25 50 100,53
18496,train,25 50 100,28
18497,train, 100,33
18498,train,50 100,3
18499,train, 100,31
18500,train, 100,21
18501,train,25 50 100,39
18502,train,25 50 100,23
18503,train,25 50 100,43
18504,train,25 50 100,44
18505,train,25 50 100,26
18506,train, 100,10
18509,train,10 25 50 100,46
18510,train,25 50 100,30
18511,train, 100,55
18512,train,50 100,7
18513,train,5 10 25 50 100,40
18515,train, 100,45
18517,train,50 100,38
18518,train,25 50 100,35
18519,train, 100,30
18520,train, 100,31
18521,train, 100,53
18522,train,25 50 100,33
18523,train,50 100,16
18524,train, 100,11
18525,train,10 25 50 100,10
18526,train,50 100,9
18527,train, 100,14
18529,train, 100,12
18530,train, 100,12
18531,train,50 100,12
18532,train,50 100,13
18535,train,50 100,53
18536,train,25 50 100,28
18537,train,50 100,19
18538,train,50 100,16
18540,train, 100,31
18541,train, 100,23
18542,train,50 100,20
18544,train,50 100,26
18545,train,50 100,44
18546,train,25 50 100,27
18547,train, 100,26
18548,train, 100,18
18549,train, 100,27
18550,train,50 100,33
18551,train, 100,28
18552,train, 100,16
18553,train, 100,19
18554,train,50 100,35
18556,train,1 5 10 25 50 100,36
18557,train, 100,11
18558,train,50 100,18
18559,train, 100,46
18560,train,25 50 100,46
18563,train, 100,49
18564,train,50 100,27
18566,train,25 50 100,38
18567,train,5 10 25 50 100,24
18568,train,50 100,34
18569,train, 100,44
18570,train,50 100,64
18571,train,25 50 100,65
18573,train, 100,47
18574,train, 100,42
18575,train,5 10 25 50 100,31
18576,train,25 50 100,6
18578,train, 100,7
18579,train, 100,1
18583,train,25 50 100,8
18586,train, 100,50
18587,train,25 50 100,11
18591,train, 100,30
18592,train, 100,8
18593,train, 100,16
18594,train,50 100,40
18595,train,5 10 25 50 100,43
18596,train, 100,54
18597,train,50 100,35
18598,train,50 100,27
18599,train, 100,28
18600,train, 100,1
18601,train, 100,36
18602,train,25 50 100,36
18604,train,50 100,24
18605,train, 100,19
18606,train,50 100,27
18607,train,25 50 100,18
18609,train, 100,19
18610,train, 100,24
18611,train, 100,16
18612,train,50 100,19
18613,train,50 100,26
18615,train, 100,21
18616,train,50 100,25
18617,train, 100,37
18618,train, 100,39
18619,train,25 50 100,24
18620,train, 100,37
18626,train,5 10 25 50 100,44
18627,train,50 100,39
18628,train,25 50 100,40
18629,train,10 25 50 100,28
18630,train, 100,23
18631,train, 100,9
18633,train, 100,37
18634,train,50 100,38
18635,train, 100,35
18637,train,50 100,12
18638,train,50 100,26
18639,train, 100,26
18640,train,50 100,30
18641,train, 100,8
18642,train, 100,16
18643,train, 100,37
18644,train,50 100,40
18645,train,5 10 25 50 100,41
18646,train,25 50 100,9
18647,train,50 100,6
18648,train, 100,6
18654,train,50 100,14
18655,train, 100,26
18656,train, 100,46
18657,train, 100,33
18658,train,50 100,15
18659,train,50 100,18
18660,train,50 100,39
18661,train, 100,42
18662,train, 100,24
18664,train,50 100,3
18665,train, 100,11
18667,train, 100,36
18668,train, 100,43
18669,train,10 25 50 100,40
18670,train,25 50 100,2
18671,train, 100,35
18672,train,50 100,13
18673,train,50 100,20
18674,train,25 50 100,41
18675,train,50 100,31
18676,train, 100,38
18677,train,25 50 100,23
18678,train, 100,29
18679,train,25 50 100,6
18682,train,50 100,51
18683,train,25 50 100,26
18684,train,25 50 100,25
18685,train, 100,22
18686,train, 100,13
18688,train,5 10 25 50 100,7
18690,train,50 100,31
18691,train, 100,13
18693,train,50 100,28
18694,train, 100,5
18695,train,50 100,52
18696,train,25 50 100,42
18697,train, 100,48
18698,train, 100,61
18699,train, 100,5
18700,train,50 100,47
18701,train, 100,44
18702,train,50 100,16
18703,train,25 50 100,24
18704,train,5 10 25 50 100,25
18705,train, 100,46
18709,train, 100,51
18710,train,50 100,41
18711,train,5 10 25 50 100,21
18712,train, 100,48
18713,train, 100,46
18714,train, 100,32
18715,train,25 50 100,39
18716,train, 100,24
18717,train,5 10 25 50 100,27
18719,train,25 50 100,32
18720,train, 100,33
18721,train, 100,29
18722,train,50 100,30
18723,train,5 10 25 50 100,3
18724,train, 100,3
18725,train,25 50 100,1
18726,train,25 50 100,3
18727,train, 100,3
18728,train, 100,4
18730,train, 100,4
18731,train, 100,25
18732,train, 100,16
18736,train,50 100,57
18737,train, 100,52
18738,train,50 100,58
18739,train,50 100,39
18740,train,50 100,32
18741,train, 100,31
18742,train, 100,34
18743,train,50 100,26
18744,train, 100,9
18745,train, 100,17
18746,train, 100,24
18747,train, 100,39
18748,train,25 50 100,19
18749,train, 100,25
18750,train,50 100,18
18751,train, 100,24
18752,train,25 50 100,30
18755,train, 100,55
18756,train,25 50 100,38
18757,train, 100,20
18758,train, 100,42
18759,train,50 100,41
18760,train, 100,32
18763,train, 100,46
18764,train, 100,43
18765,train, 100,15
18767,train, 100,40
18768,train, 100,36
18769,train, 100,23
18770,train, 100,17
18771,train,50 100,25
18772,train,50 100,22
18773,train, 100,17
18774,train,50 100,15
18775,train,50 100,9
18776,train, 100,22
18777,train,25 50 100,18
18778,train,25 50 100,21
18779,train, 100,10
18780,train,50 100,13
18783,train, 100,50
18784,train, 100,11
18785,train,50 100,4
18786,train, 100,13
18788,train, 100,19
18789,train,10 25 50 100,16
18790,train,50 100,12
18791,train,50 100,17
18793,train, 100,23
18795,train,50 100,29
18796,train, 100,31
18797,train,50 100,10
18798,train,25 50 100,16
18799,train,5 10 25 50 100,45
18800,train, 100,7
18801,train,50 100,7
18802,train, 100,20
18803,train,10 25 50 100,4
18804,train,50 100,3
18806,train,50 100,7
18807,train,50 100,20
18808,train,25 50 100,45
18809,train, 100,6
18810,train, 100,38
18811,train, 100,39
18812,train, 100,29
18816,train, 100,50
18817,train, 100,8
18818,train,25 50 100,4
18819,train, 100,1
18820,train,50 100,18
18821,train,50 100,1
18822,train, 100,11
18824,train, 100,1
18825,train,1 5 10 25 50 100,17
18826,train, 100,13
18827,train, 100,18
18828,train, 100,25
18829,train,50 100,23
18830,train,50 100,1
18831,train, 100,51
18832,train, 100,45
18833,train, 100,24
18834,train,50 100,22
18835,train, 100,22
18836,train, 100,37
18837,train,50 100,1
18840,train,25 50 100,28
18841,train,50 100,38
18843,train,50 100,27
18844,train,50 100,26
18845,train, 100,25
18846,train,50 100,25
18847,train,50 100,27
18848,train,10 25 50 100,26
18849,train, 100,25
18850,train,50 100,26
18851,train, 100,30
18854,train,10 25 50 100,53
18858,train, 100,8
18859,train,50 100,25
18864,train, 100,2
18866,train, 100,30
18867,train, 100,20
18868,train, 100,44
18869,train,50 100,16
18870,train,50 100,13
18871,train, 100,6
18872,train, 100,6
18873,train, 100,16
18874,train,50 100,11
18875,train, 100,17
18876,train,50 100,5
18877,train, 100,20
18878,train,50 100,2
18879,train,50 100,24
18882,train,50 100,53
18883,train,50 100,37
18884,train, 100,29
18885,train, 100,16
18886,train,50 100,25
18887,train,25 50 100,16
18888,train, 100,6
18889,train,25 50 100,7
18890,train, 100,6
18891,train,50 100,8
18892,train, 100,32
18894,train, 100,44
18895,train,50 100,32
18896,train,50 100,52
18897,train,25 50 100,48
18898,train, 100,32
18899,train, 100,34
18900,train, 100,27
18901,train,50 100,40
18902,train,25 50 100,42
18903,train,25 50 100,46
18908,train,50 100,52
18910,train, 100,37
18911,train, 100,52
18916,train,50 100,44
18917,train, 100,37
18918,train,50 100,12
18919,train, 100,24
18920,train, 100,27
18921,train, 100,7
18922,train, 100,21
18923,train, 100,43
18930,train, 100,32
18931,train, 100,34
18932,train,25 50 100,42
18933,train, 100,43
18934,train, 100,49
18935,train,25 50 100,27
18939,train,10 25 50 100,51
19460,train, 100,23
19461,train,25 50 100,8
19462,train, 100,10
19463,train,25 50 100,14
19465,train,25 50 100,22
19467,train, 100,22
19468,train,25 50 100,19
19469,train, 100,5
19472,train, 100,18
19473,train, 100,30
19474,train,50 100,22
19477,train,50 100,22
19486,train, 100,39
19487,train,10 25 50 100,34
19490,train, 100,30
19491,train, 100,26
19492,train, 100,27
19493,train, 100,19
19494,train,10 25 50 100,29
19495,train,50 100,22
19496,train, 100,30
19497,train,50 100,27
19498,train, 100,28
19499,train, 100,28
19502,train, 100,1
19503,train,25 50 100,26
19505,train,50 100,15
19508,train,50 100,24
19514,train, 100,33
19517,train,25 50 100,30
19518,train, 100,25
19519,train,5 10 25 50 100,38
19520,train, 100,20
19521,train,25 50 100,37
19523,train, 100,43
19524,train, 100,32
19529,train,50 100,28
19530,train,50 100,42
19531,train, 100,16
19532,train,50 100,14
19533,train, 100,22
19536,train, 100,3
19539,train, 100,33
19540,train, 100,15
19541,train, 100,71
19542,train,25 50 100,19
19543,train, 100,19
19545,train,10 25 50 100,19
19548,train,50 100,19
19549,train,10 25 50 100,67
19550,train,50 100,68
19551,train, 100,71
19552,train, 100,50
19553,train, 100,5
19554,train,50 100,59
19558,train, 100,65
19559,train, 100,55
19561,train,50 100,50
19562,train, 100,7
19563,train,10 25 50 100,5
19564,train, 100,7
19565,train,25 50 100,12
19566,train, 100,6
19567,train,50 100,1
19568,train, 100,13
19570,train, 100,14
19573,train,50 100,48
19575,train,50 100,47
19576,train,50 100,44
19577,train,1 5 10 25 50 100,22
19579,train, 100,21
19581,train,50 100,6
19586,train, 100,6
19596,train,25 50 100,1
19604,train, 100,21
19637,train, 100,41
19638,train,50 100,49
19639,train,50 100,50
19640,train,50 100,58
19641,train, 100,53
19642,train, 100,44
19644,train, 100,50
19647,train,50 100,32
19650,train, 100,16
19660,train, 100,30
19664,train,25 50 100,5
19675,train,10 25 50 100,47
19680,train,50 100,33
19681,train,50 100,33
19682,train,50 100,2
19687,train, 100,4
19688,train, 100,3
19689,train,50 100,4
19690,train, 100,2
19691,train,50 100,70
19692,train,50 100,39
19694,train, 100,36
19695,train, 100,21
19696,train, 100,27
19697,train, 100,36
19709,train, 100,3
19716,train, 100,18
19792,train, 100,22
19798,train,50 100,35
19799,train, 100,38
19800,train, 100,24
19801,train,25 50 100,17
19802,train,10 25 50 100,22
19803,train, 100,19
19804,train,50 100,19
19805,train,25 50 100,19
19806,train,50 100,16
19807,train, 100,17
19809,train, 100,26
19810,train, 100,1
19811,train,50 100,10
19812,train, 100,23
19813,train,50 100,27
19814,train, 100,14
19819,train, 100,26
19820,train,50 100,30
19821,train, 100,29
19822,train,25 50 100,33
19823,train,50 100,45
19824,train, 100,46
19825,train,5 10 25 50 100,41
19826,train, 100,40
19827,train, 100,43
19829,train, 100,35
19830,train,50 100,44
19831,train,50 100,43
19832,train, 100,43
19834,train, 100,33
19838,train,5 10 25 50 100,43
19839,train,50 100,46
19840,train, 100,43
19842,train,25 50 100,43
19843,train,25 50 100,44
19844,train, 100,45
19847,train, 100,77
19848,train,25 50 100,78
19849,train,50 100,84
19850,train, 100,87
19852,train, 100,69
19854,train,25 50 100,78
19855,train,25 50 100,84
19856,train, 100,80
19862,train, 100,44
19863,train,25 50 100,46
19864,train, 100,45
19868,train, 100,46
19869,train,25 50 100,47
19870,train,25 50 100,89
19871,train,25 50 100,91
19872,train, 100,85
19874,train,50 100,79
19875,train,10 25 50 100,88
19876,train,25 50 100,87
19877,train,50 100,87
19878,train,25 50 100,86
19879,train, 100,88
19880,train, 100,77
19881,train,10 25 50 100,85
19883,train,50 100,89
19885,train, 100,88
19886,train, 100,86
19888,train,25 50 100,79
19889,train,50 100,92
19890,train,10 25 50 100,87
19891,train, 100,77
19895,train,25 50 100,40
19898,train,25 50 100,39
19899,train,50 100,29
19901,train, 100,50
19902,train,50 100,38
19903,train,50 100,34
19910,train,25 50 100,36
19911,train,25 50 100,15
19912,train, 100,19
19913,train, 100,20
19914,train,50 100,20
19915,train,25 50 100,20
19916,train, 100,17
19917,train,50 100,28
19918,train, 100,28
19919,train, 100,27
19920,train,10 25 50 100,25
19921,train,25 50 100,24
19925,train, 100,34
19931,train, 100,8
19944,train, 100,30
19945,train,50 100,27
19948,train, 100,25
19949,train,50 100,35
19951,train, 100,25
19953,train,10 25 50 100,8
19954,train,50 100,37
19955,train, 100,39
19956,train,25 50 100,35
19957,train,25 50 100,15
19959,train, 100,20
19961,train, 100,37
19964,train, 100,8
19966,train, 100,5
19971,train,50 100,29
19976,train,50 100,40
19980,train,50 100,44
19982,train, 100,25
19987,train, 100,44
19990,train, 100,3
19991,train,50 100,22
19999,train, 100,39
20002,train, 100,23
20003,train, 100,73
20004,train, 100,49
20005,train, 100,67
20006,train,50 100,83
20007,train, 100,69
20008,train,1 5 10 25 50 100,53
20009,train, 100,50
20010,train, 100,63
20011,train, 100,76
20012,train,25 50 100,68
20013,train, 100,55
20014,train,25 50 100,57
20015,train,50 100,72
20016,train,50 100,70
20017,train,25 50 100,75
20018,train,50 100,72
20019,train,10 25 50 100,77
20022,train, 100,36
20023,train,50 100,72
20024,train,50 100,73
20025,train, 100,77
20026,train, 100,70
20028,train, 100,77
20030,train, 100,74
20031,train, 100,46
20033,train,10 25 50 100,4
20035,train, 100,37
20036,train,25 50 100,43
20037,train,50 100,45
20038,train,25 50 100,4
20039,train,1 5 10 25 50 100,60
20040,train, 100,66
20041,train,50 100,39
20042,train, 100,21
20045,train, 100,34
20046,train,50 100,5
20048,train,5 10 25 50 100,1
20050,train, 100,6
20059,train, 100,90
20060,train,50 100,95
20061,train,50 100,87
20062,train,25 50 100,38
20063,train,10 25 50 100,49
20064,train, 100,44
20065,train, 100,34
20066,train, 100,35
20067,train, 100,50
20068,train,50 100,45
20069,train,50 100,32
20070,train,50 100,41
20071,train, 100,48
20072,train, 100,35
20075,train,50 100,38
20076,train,50 100,50
20077,train,50 100,37
20078,train,50 100,8
20079,train, 100,55
20080,train,1 5 10 25 50 100,20
20081,train,5 10 25 50 100,12
20082,train, 100,45
20083,train,25 50 100,54
20084,train,25 50 100,20
20086,train, 100,21
20087,train, 100,30
20088,train,5 10 25 50 100,4
20089,train,25 50 100,2
20090,train, 100,15
20091,train, 100,9
20092,train, 100,15
20093,train, 100,32
20094,train, 100,15
20096,train, 100,23
20099,train, 100,36
20100,train,50 100,29
20101,train,25 50 100,11
20103,train, 100,34
20104,train, 100,26
20105,train,50 100,25
20106,train,25 50 100,12
20107,train,50 100,20
20109,train, 100,23
20110,train, 100,29
20111,train, 100,17
20112,train,25 50 100,16
20113,train, 100,18
20114,train,50 100,18
20115,train,25 50 100,24
20116,train,50 100,31
20118,train,10 25 50 100,19
20119,train,25 50 100,17
20121,train, 100,30
20122,train,50 100,19
20123,train,50 100,25
20124,train, 100,2
20126,train, 100,29
20127,train, 100,28
20130,train, 100,18
20152,train, 100,39
20157,train,50 100,38
20161,train,50 100,34
20162,train, 100,36
20164,train, 100,47
20165,train,25 50 100,48
20166,train,50 100,9
20167,train,10 25 50 100,43
20169,train, 100,48
20172,train, 100,38
20227,train,25 50 100,36
20228,train, 100,40
20229,train,25 50 100,36
20231,train,50 100,35
20232,train,50 100,7
20233,train,25 50 100,14
20234,train, 100,22
20235,train,50 100,25
20236,train,5 10 25 50 100,23
20239,train, 100,35
20240,train, 100,46
20241,train,5 10 25 50 100,48
20242,train,25 50 100,44
20243,train,50 100,45
20244,train, 100,47
20247,train, 100,47
20253,train,5 10 25 50 100,90
20254,train, 100,92
20256,train,25 50 100,85
20257,train,25 50 100,97
20258,train, 100,50
20259,train,25 50 100,39
20260,train, 100,27
20261,train, 100,7
20262,train,50 100,26
20264,train,50 100,8
20267,train, 100,26
20270,train, 100,45
20271,train,50 100,51
20272,train, 100,53
20274,train, 100,51
20275,train,50 100,49
20276,train,25 50 100,52
20277,train, 100,49
20278,train, 100,50
20279,train, 100,51
20280,train, 100,47
20281,train,50 100,50
20283,train, 100,47
20284,train,50 100,51
20285,train, 100,37
20286,train,50 100,49
20287,train, 100,53
20288,train, 100,66
20289,train, 100,55
20291,train,10 25 50 100,60
20294,train, 100,51
20296,train, 100,50
20297,train, 100,50
20298,train, 100,47
20299,train, 100,50
20300,train,50 100,48
20301,train,50 100,56
20302,train,10 25 50 100,48
20303,train,5 10 25 50 100,47
20304,train, 100,49
20305,train,25 50 100,43
20306,train, 100,57
20307,train, 100,8
20308,train,25 50 100,43
20309,train, 100,61
20310,train, 100,15
20311,train,50 100,19
20312,train, 100,21
20313,train, 100,29
20314,train, 100,22
20315,train,25 50 100,3
20316,train,25 50 100,23
20317,train,5 10 25 50 100,19
20318,train, 100,20
20319,train, 100,20
20320,train,25 50 100,22
20321,train,50 100,53
20322,train, 100,54
20325,train, 100,49
20328,train, 100,51
20329,train, 100,41
20331,train,50 100,50
20332,train,25 50 100,52
20333,train, 100,56
20334,train, 100,48
20335,train, 100,46
20336,train, 100,56
20337,train, 100,38
20341,train, 100,48
20342,train,50 100,39
20343,train,50 100,43
20345,train, 100,51
20349,train,1 5 10 25 50 100,40
20351,train,25 50 100,47
20352,train, 100,64
20354,train,50 100,58
20355,train, 100,53
20356,train,10 25 50 100,62
20358,train,50 100,39
20362,train,50 100,45
20365,train, 100,39
20366,train, 100,39
20367,train, 100,41
20368,train, 100,40
20370,train, 100,38
20373,train,5 10 25 50 100,49
20374,train, 100,27
20376,train, 100,26
20377,train,50 100,64
20378,train,50 100,41
20379,train,50 100,41
20380,train, 100,59
20382,train, 100,50
20383,train,25 50 100,42
20384,train,50 100,38
20385,train,50 100,47
20386,train,25 50 100,40
20387,train,25 50 100,50
20389,train,25 50 100,45
20391,train,5 10 25 50 100,40
20392,train,25 50 100,28
20393,train,10 25 50 100,27
20394,train,50 100,39
20395,train,25 50 100,37
20396,train, 100,46
20397,train, 100,36
20398,train,50 100,28
20399,train,1 5 10 25 50 100,22
20400,train, 100,25
20403,train, 100,49
20404,train,50 100,62
20405,train,50 100,49
20406,train, 100,52
20407,train, 100,42
20408,train, 100,61
20409,train, 100,44
20410,train,50 100,65
20411,train, 100,46
20412,train, 100,44
20413,train,50 100,39
20419,train, 100,21
20423,train, 100,4
20424,train,50 100,47
20426,train, 100,49
20427,train, 100,44
20428,train,5 10 25 50 100,44
20429,train,25 50 100,59
20430,train, 100,51
20431,train, 100,84
20434,train,25 50 100,84
20435,train,50 100,92
20436,train, 100,82
20437,train,50 100,86
20438,train,25 50 100,85
20439,train,25 50 100,81
20440,train,50 100,92
20447,train,50 100,94
20448,train, 100,82
20449,train,50 100,93
20450,train,25 50 100,83
20451,train, 100,89
20452,train, 100,96
20455,train, 100,79
20456,train,25 50 100,92
20457,train, 100,50
20458,train, 100,52
20459,train, 100,92
20461,train, 100,90
20462,train,5 10 25 50 100,97
20463,train, 100,97
20464,train, 100,55
20465,train, 100,54
20466,train,50 100,36
20467,train,50 100,42
20470,train,25 50 100,53
20472,train, 100,55
20473,train,50 100,64
20474,train,50 100,58
20475,train,25 50 100,47
20476,train,5 10 25 50 100,44
20477,train, 100,48
20478,train, 100,50
20479,train,1 5 10 25 50 100,68
20480,train,25 50 100,57
20482,train,50 100,50
20483,train,50 100,61
20484,train, 100,55
20485,train,50 100,50
20486,train,50 100,52
20487,train,50 100,43
20488,train, 100,53
20490,train, 100,65
20491,train,50 100,49
20492,train,50 100,32
20493,train, 100,45
20494,train,50 100,68
20495,train,50 100,42
20496,train, 100,52
20497,train, 100,57
20498,train,25 50 100,66
20499,train, 100,62
20500,train,50 100,45
20501,train, 100,33
20505,train, 100,47
20506,train,50 100,48
20507,train,25 50 100,41
20508,train, 100,35
20509,train, 100,61
20510,train,50 100,38
20511,train,50 100,49
20512,train, 100,45
20513,train,50 100,57
20514,train, 100,2
20515,train, 100,39
20516,train, 100,64
20517,train, 100,65
20518,train, 100,62
20519,train,10 25 50 100,47
20520,train,25 50 100,61
20521,train,5 10 25 50 100,53
20522,train, 100,66
20525,train,50 100,48
20527,train, 100,21
20528,train,50 100,23
20529,train, 100,31
20532,train,50 100,49
20533,train, 100,47
20534,train,5 10 25 50 100,37
20536,train, 100,38
20542,train, 100,36
20543,train, 100,37
20544,train,5 10 25 50 100,35
20545,train, 100,35
20546,train,50 100,37
20547,train, 100,35
20549,train,50 100,26
20553,train, 100,28
20554,train,10 25 50 100,5
20555,train,50 100,24
20562,train,50 100,34
20563,train, 100,31
20564,train, 100,26
20565,train,25 50 100,26
20566,train, 100,35
20567,train,25 50 100,32
20568,train, 100,30
20569,train, 100,26
20570,train,25 50 100,34
20572,train,25 50 100,2
20573,train, 100,12
20574,train,25 50 100,18
20575,train, 100,2
20576,train, 100,3
20577,train, 100,4
20578,train, 100,12
20579,train,5 10 25 50 100,20
20581,train, 100,14
20582,train, 100,15
20583,train,50 100,20
20590,train, 100,45
20594,train, 100,5
20600,train, 100,18
20601,train,50 100,3
20602,train,10 25 50 100,24
20603,train, 100,1
20604,train, 100,13
20607,train,50 100,2
20608,train, 100,23
20610,train, 100,26
20611,train,50 100,41
20612,train,10 25 50 100,58
20614,train,50 100,51
20615,train, 100,45
20618,train,25 50 100,45
20619,train, 100,10
20622,train,10 25 50 100,1
20624,train, 100,49
20626,train,10 25 50 100,19
20627,train, 100,29
20628,train,50 100,25
20630,train,25 50 100,9
20631,train, 100,15
20636,train, 100,44
20637,train,10 25 50 100,59
20639,train, 100,68
20640,train, 100,72
20641,train, 100,65
20642,train,25 50 100,71
20643,train,50 100,50
20644,train, 100,68
20645,train, 100,59
20646,train,25 50 100,49
20647,train,25 50 100,60
20649,train,5 10 25 50 100,39
20650,train, 100,63
20651,train, 100,69
20655,train, 100,47
20657,train,25 50 100,60
20658,train, 100,69
20659,train,25 50 100,61
20661,train,50 100,60
20662,train,50 100,62
20676,train,25 50 100,48
20678,train, 100,39
20681,train, 100,66
20682,train, 100,57
20683,train, 100,52
20684,train,25 50 100,48
20685,train,5 10 25 50 100,46
20686,train, 100,55
20687,train,50 100,43
20690,train, 100,53
20691,train, 100,44
20692,train,25 50 100,20
20693,train,50 100,15
20695,train, 100,30
20696,train,10 25 50 100,23
20698,train,5 10 25 50 100,24
20699,train, 100,13
20702,train, 100,44
20703,train,10 25 50 100,44
20707,train, 100,6
20708,train,25 50 100,7
20709,train,25 50 100,5
20711,train,10 25 50 100,7
20713,train, 100,10
20714,train,25 50 100,7
20715,train, 100,8
20716,train, 100,6
20722,train,50 100,46
20723,train,50 100,48
20724,train, 100,24
20725,train,10 25 50 100,6
20727,train,1 5 10 25 50 100,23
20728,train, 100,29
20729,train,25 50 100,21
20735,train, 100,46
20736,train,10 25 50 100,3
20737,train,50 100,22
20740,train, 100,2
20748,train, 100,7
20749,train,50 100,10
20750,train,1 5 10 25 50 100,7
20751,train, 100,7
20755,train, 100,1
20756,train,25 50 100,7
20762,train,50 100,45
20763,train, 100,50
20764,train,5 10 25 50 100,45
20765,train, 100,67
20767,train,50 100,66
20769,train, 100,64
20770,train,50 100,41
20771,train,25 50 100,64
20773,train, 100,37
20774,train, 100,18
20775,train, 100,37
20790,train, 100,46
20791,train,10 25 50 100,22
20792,train, 100,17
20793,train, 100,13
20794,train,25 50 100,78
20795,train, 100,89
20796,train,50 100,81
20798,train, 100,86
20799,train, 100,79
20800,train,50 100,88
20801,train, 100,91
20802,train, 100,79
20803,train, 100,77
20805,train, 100,95
20806,train, 100,89
20807,train,25 50 100,22
20808,train,50 100,11
20809,train, 100,17
20810,train,50 100,13
20813,train, 100,45
20814,train,5 10 25 50 100,10
20815,train, 100,5
20816,train,50 100,33
20817,train, 100,2
20818,train,50 100,2
20819,train, 100,29
20820,train, 100,32
20821,train, 100,30
20822,train,25 50 100,32
20823,train, 100,31
20824,train, 100,45
20825,train,25 50 100,37
20826,train, 100,29
20827,train,50 100,38
20828,train, 100,29
20831,train,25 50 100,46
20834,train, 100,14
20835,train, 100,16
20836,train,5 10 25 50 100,1
20838,train, 100,29
20839,train, 100,2
20840,train, 100,2
20841,train, 100,41
20842,train, 100,45
20843,train, 100,36
20845,train, 100,29
20847,train, 100,25
20848,train,50 100,39
20849,train,25 50 100,42
20850,train,50 100,46
20851,train,25 50 100,38
20852,train,25 50 100,44
20853,train,10 25 50 100,35
20856,train, 100,42
20858,train, 100,38
20859,train,25 50 100,44
20860,train, 100,50
20861,train, 100,38
20862,train,50 100,52
20863,train, 100,45
20864,train, 100,72
20866,train, 100,54
20867,train, 100,43
20868,train,50 100,51
20869,train,1 5 10 25 50 100,41
20870,train,5 10 25 50 100,11
20871,train,25 50 100,18
20872,train,5 10 25 50 100,29
20873,train,50 100,23
20874,train, 100,30
20876,train, 100,50
20877,train, 100,60
20878,train, 100,49
20879,train,25 50 100,51
20880,train,50 100,5
20881,train,10 25 50 100,27
20884,train,25 50 100,51
20885,train, 100,26
20886,train, 100,22
20887,train,25 50 100,13
20888,train, 100,23
20889,train,50 100,21
20890,train, 100,18
20891,train, 100,41
20892,train, 100,18
20893,train,50 100,8
20894,train,25 50 100,42
20895,train, 100,60
20896,train, 100,36
20897,train, 100,51
20898,train, 100,14
20899,train, 100,13
20900,train,5 10 25 50 100,19
20901,train,25 50 100,38
20902,train,50 100,25
20903,train, 100,26
20905,train,50 100,26
20909,train, 100,50
20910,train, 100,39
20911,train,25 50 100,29
20912,train,25 50 100,11
20913,train, 100,42
20914,train, 100,15
20915,train,50 100,17
20917,train,50 100,3
20918,train, 100,28
20919,train, 100,25
20920,train,50 100,29
20922,train, 100,16
20923,train, 100,31
20924,train,25 50 100,19
20925,train,50 100,18
20926,train,5 10 25 50 100,15
20927,train,50 100,34
20928,train,50 100,27
20929,train, 100,33
20930,train, 100,39
20931,train,25 50 100,24
20961,train,50 100,41
20962,train, 100,13
20963,train, 100,6
20964,train,50 100,54
20965,train, 100,43
20966,train, 100,38
20967,train, 100,28
20968,train,10 25 50 100,29
20969,train, 100,10
20976,train,50 100,38
20977,train,50 100,41
20979,train,25 50 100,46
20980,train, 100,46
20982,train,10 25 50 100,48
20983,train, 100,46
20984,train,50 100,44
20985,train,25 50 100,48
20998,train, 100,50
21004,train,25 50 100,30
21005,train, 100,11
21006,train, 100,20
21007,train, 100,21
21008,train, 100,86
21009,train,25 50 100,86
21010,train,25 50 100,22
21011,train, 100,83
21013,train, 100,44
21014,train,50 100,38
21015,train, 100,73
21016,train, 100,65
21041,train, 100,4
21045,train, 100,26
21046,train, 100,25
21049,train, 100,16
21050,train, 100,5
21051,train,5 10 25 50 100,10
21055,train,50 100,50
21056,train,10 25 50 100,4
21059,train,25 50 100,24
21060,train, 100,24
21061,train,10 25 50 100,21
21062,train, 100,11
21063,train, 100,8
21066,train,25 50 100,6
21068,train, 100,17
21069,train, 100,10
21070,train, 100,9
21071,train,50 100,18
21073,train, 100,19
21074,train, 100,10
21075,train, 100,17
21084,train,25 50 100,47
21085,train, 100,11
21086,train, 100,7
21160,train, 100,20
21161,train,5 10 25 50 100,26
21165,train, 100,30
21167,train, 100,33
21168,train, 100,31
21169,train, 100,34
21170,train,50 100,35
21171,train, 100,32
21172,train,50 100,39
21257,train,50 100,51
21258,train, 100,56
21259,train, 100,84
21260,train,25 50 100,53
21262,train,25 50 100,37
21263,train, 100,39
21266,train,50 100,36
21267,train,50 100,28
21268,train, 100,21
21269,train, 100,38
21270,train,50 100,28
21271,train,50 100,28
21272,train, 100,32
21273,train, 100,46
21274,train, 100,41
21275,train,10 25 50 100,31
21276,train,25 50 100,42
21277,train,50 100,22
21278,train,50 100,31
21280,train,25 50 100,33
21284,train,50 100,30
21285,train, 100,64
21286,train,50 100,74
21287,train, 100,66
21288,train,10 25 50 100,67
21289,train, 100,63
21290,train, 100,76
21291,train,25 50 100,87
21293,train, 100,79
21294,train,10 25 50 100,84
21295,train, 100,87
21296,train,25 50 100,81
21297,train, 100,78
21300,train, 100,78
21301,train,10 25 50 100,77
21302,train, 100,76
21303,train,10 25 50 100,73
21304,train, 100,75
21308,train, 100,46
21309,train, 100,29
21310,train,25 50 100,17
21311,train,50 100,18
21313,train,5 10 25 50 100,18
21314,train,50 100,14
21315,train,50 100,26
21316,train,50 100,19
21317,train,50 100,21
21318,train,25 50 100,17
21319,train,25 50 100,29
21320,train,10 25 50 100,10
21321,train, 100,9
21322,train,25 50 100,17
21323,train,50 100,31
21324,train,5 10 25 50 100,26
21325,train, 100,17
21326,train,50 100,15
21327,train,50 100,29
21328,train,5 10 25 50 100,19
21329,train, 100,10
21330,train,25 50 100,21
21333,train,50 100,52
21336,train, 100,41
21338,train, 100,33
21339,train, 100,24
21340,train,25 50 100,19
21342,train,50 100,36
21343,train, 100,55
21344,train, 100,52
21346,train, 100,38
21347,train, 100,33
21348,train, 100,28
21349,train, 100,33
21350,train, 100,31
21351,train,1 5 10 25 50 100,29
21352,train,50 100,12
21353,train, 100,18
21354,train, 100,22
21355,train, 100,19
21356,train, 100,88
21357,train,50 100,90
21358,train, 100,90
21359,train, 100,89
21362,train, 100,45
21388,train,25 50 100,46
21412,train,10 25 50 100,87
21413,train, 100,69
21415,train, 100,1
21417,train,50 100,11
21419,train,10 25 50 100,18
21420,train,25 50 100,12
21421,train,10 25 50 100,27
21422,train, 100,31
21424,train, 100,35
21426,train,50 100,32
21427,train, 100,18
21428,train, 100,22
21429,train,25 50 100,26
21430,train,50 100,24
21433,train, 100,46
21434,train, 100,29
21435,train, 100,24
21436,train,50 100,14
21437,train,25 50 100,26
21438,train, 100,38
21444,train, 100,49
21445,train, 100,21
21446,train, 100,23
21447,train, 100,16
21449,train,10 25 50 100,19
21450,train,50 100,15
21452,train,25 50 100,19
21453,train, 100,20
21454,train, 100,10
21457,train,50 100,42
21461,train, 100,25
21462,train, 100,24
21463,train,50 100,27
21464,train, 100,31
21465,train, 100,28
21466,train,25 50 100,21
21467,train, 100,22
21468,train, 100,51
21469,train, 100,3
21470,train,5 10 25 50 100,34
21471,train, 100,39
21472,train, 100,52
21473,train,25 50 100,55
21474,train, 100,48
21475,train,25 50 100,32
21476,train, 100,48
21479,train, 100,45
21480,train, 100,30
21483,train,50 100,16
21484,train, 100,25
21485,train, 100,28
21486,train, 100,26
21487,train,25 50 100,20
21489,train,25 50 100,23
21490,train, 100,19
21491,train, 100,15
21492,train, 100,1
21498,train, 100,44
21499,train, 100,36
21501,train, 100,57
21502,train,50 100,45
21503,train,1 5 10 25 50 100,40
21504,train,50 100,31
21505,train, 100,41
21506,train, 100,52
21507,train,25 50 100,34
21508,train, 100,43
21509,train,50 100,42
21511,train, 100,41
21512,train,25 50 100,43
21514,train, 100,40
21515,train,10 25 50 100,52
21516,train,50 100,43
21517,train, 100,43
21518,train, 100,50
21519,train,50 100,37
21523,train,10 25 50 100,21
21525,train,50 100,18
21533,train, 100,32
21534,train,25 50 100,27
21535,train, 100,30
21536,train,25 50 100,30
21537,train, 100,34
21539,train, 100,12
21540,train, 100,22
21541,train,25 50 100,20
21542,train, 100,29
21543,train,25 50 100,17
21544,train,25 50 100,26
21545,train,25 50 100,33
21548,train,25 50 100,42
21549,train,10 25 50 100,19
21550,train,50 100,26
21551,train, 100,23
21552,train,5 10 25 50 100,18
21554,train,50 100,23
21555,train, 100,22
21556,train,50 100,50
21557,train, 100,42
21558,train,25 50 100,43
21559,train,5 10 25 50 100,32
21560,train,10 25 50 100,32
21561,train, 100,53
21562,train,25 50 100,44
21563,train, 100,46
21564,train, 100,33
21565,train,10 25 50 100,42
21566,train,50 100,32
21567,train, 100,17
21568,train, 100,21
21569,train,50 100,37
21570,train,25 50 100,23
21571,train, 100,20
21572,train, 100,37
21573,train, 100,36
21574,train, 100,24
21576,train,50 100,15
21577,train,50 100,21
21578,train,5 10 25 50 100,29
21579,train,10 25 50 100,22
21582,train, 100,42
21583,train, 100,38
21584,train, 100,36
21585,train,50 100,20
21586,train, 100,22
21588,train, 100,81
21589,train,5 10 25 50 100,76
21590,train, 100,77
21591,train,50 100,40
21592,train,1 5 10 25 50 100,38
21593,train, 100,21
21594,train, 100,21
21595,train, 100,44
21596,train,50 100,43
21618,train,25 50 100,39
21619,train,25 50 100,28
21620,train,5 10 25 50 100,38
21622,train, 100,22
21623,train,5 10 25 50 100,14
21625,train, 100,22
21628,train, 100,14
21635,train, 100,42
21636,train, 100,44
21637,train,50 100,40
21638,train, 100,48
21639,train, 100,45
21640,train, 100,45
21641,train, 100,27
21642,train,50 100,33
21646,train, 100,39
21647,train, 100,22
21648,train, 100,24
21649,train, 100,28
21650,train, 100,4
21651,train,50 100,7
21652,train,25 50 100,2
21653,train, 100,4
21654,train, 100,13
21663,train, 100,4
21665,train,25 50 100,4
21668,train,50 100,15
21670,train, 100,3
21671,train, 100,6
21673,train, 100,15
21682,train,5 10 25 50 100,80
21690,train,50 100,32
21691,train,5 10 25 50 100,39
21695,train, 100,44
21696,train, 100,82
21697,train,25 50 100,78
21698,train, 100,76
21699,train,50 100,82
21701,train,50 100,82
21703,train, 100,75
21704,train,25 50 100,77
21705,train,50 100,77
21706,train, 100,74
21707,train, 100,63
21708,train,50 100,73
21709,train, 100,76
21711,train,50 100,78
21712,train, 100,77
21713,train, 100,68
21714,train,25 50 100,80
21715,train, 100,44
21716,train, 100,38
21717,train, 100,3
21718,train, 100,43
21719,train, 100,42
21723,train,50 100,44
21724,train,25 50 100,40
21725,train, 100,38
21727,train, 100,17
21728,train, 100,1
21729,train, 100,16
21730,train,50 100,72
21731,train,1 5 10 25 50 100,33
21732,train,50 100,5
21733,train,25 50 100,5
21735,train,50 100,97
21738,train,50 100,94
21739,train, 100,92
21740,train, 100,42
21741,train,50 100,71
21742,train,25 50 100,56
21744,train, 100,35
21748,train,5 10 25 50 100,43
21749,train, 100,56
21750,train,25 50 100,16
21752,train,5 10 25 50 100,29
21753,train,50 100,23
21754,train, 100,22
21756,train,50 100,50
21761,train, 100,41
21762,train, 100,33
21763,train, 100,17
21764,train, 100,9
21767,train, 100,21
21768,train, 100,8
21769,train, 100,24
21770,train, 100,31
21771,train, 100,26
21772,train,50 100,33
21773,train, 100,76
21774,train,50 100,52
21775,train, 100,77
21776,train, 100,20
21777,train,50 100,30
21778,train, 100,20
21779,train, 100,33
21780,train, 100,32
21781,train, 100,38
21782,train, 100,44
21784,train, 100,41
21785,train, 100,44
21786,train, 100,34
21787,train,50 100,33
21788,train, 100,39
21789,train, 100,49
21790,train,50 100,34
21791,train, 100,10
21792,train,50 100,35
21793,train, 100,35
21796,train,10 25 50 100,44
21797,train, 100,8
21798,train,50 100,25
21799,train,25 50 100,30
21800,train, 100,6
21801,train, 100,18
21802,train, 100,29
21803,train, 100,25
21806,train, 100,3
21807,train,50 100,45
21808,train, 100,23
21809,train, 100,2
21810,train, 100,26
21811,train, 100,38
21815,train, 100,64
21816,train, 100,65
21817,train,25 50 100,66
21820,train, 100,76
21821,train,25 50 100,41
21823,train,50 100,43
21824,train,50 100,4
21825,train,25 50 100,50
21826,train, 100,39
21827,train,25 50 100,17
21828,train, 100,54
21829,train,25 50 100,29
21831,train, 100,50
21832,train, 100,57
21833,train, 100,36
21835,train, 100,27
21836,train, 100,9
21837,train,50 100,15
21838,train,50 100,18
21841,train,1 5 10 25 50 100,43
21844,train,5 10 25 50 100,17
21845,train, 100,22
21846,train, 100,21
21847,train, 100,17
21848,train,10 25 50 100,32
21849,train, 100,18
21850,train,25 50 100,4
21851,train, 100,31
21853,train, 100,30
21854,train,25 50 100,15
21855,train,25 50 100,25
21856,train,50 100,82
21857,train,50 100,80
21858,train,25 50 100,89
21859,train, 100,82
21860,train,50 100,89
21861,train, 100,88
21862,train,25 50 100,85
21863,train,25 50 100,27
21866,train, 100,46
21867,train,10 25 50 100,75
21868,train, 100,45
21869,train, 100,35
21870,train, 100,40
21871,train,50 100,48
21872,train,10 25 50 100,51
21873,train, 100,40
21874,train,50 100,37
21875,train,25 50 100,46
21876,train,25 50 100,43
21877,train, 100,48
21879,train,10 25 50 100,49
21881,train,50 100,42
21882,train, 100,40
21883,train, 100,35
21884,train, 100,51
21886,train, 100,54
21887,train, 100,38
21888,train, 100,53
21890,train, 100,9
21891,train, 100,20
21892,train,50 100,42
21895,train,50 100,45
21896,train,25 50 100,54
21897,train, 100,26
21898,train,25 50 100,36
21899,train, 100,37
21900,train,25 50 100,42
21901,train,25 50 100,46
21902,train, 100,37
21904,train,50 100,32
21905,train, 100,36
21906,train, 100,22
21907,train,50 100,35
21908,train,25 50 100,24
21909,train,50 100,18
21910,train, 100,23
21911,train,50 100,22
21912,train,50 100,3
21913,train,5 10 25 50 100,13
21916,train, 100,46
21917,train,50 100,39
21918,train, 100,41
21919,train,25 50 100,26
21920,train, 100,15
21921,train, 100,22
21922,train,25 50 100,39
21923,train, 100,31
21924,train,50 100,28
21925,train, 100,10
21926,train,50 100,10
21928,train,50 100,15
21929,train, 100,21
21930,train,25 50 100,29
21931,train,5 10 25 50 100,17
21932,train, 100,5
21933,train, 100,18
21934,train,50 100,27
21935,train, 100,47
21937,train,50 100,36
21938,train,25 50 100,50
21939,train,10 25 50 100,36
21940,train,25 50 100,56
21941,train,50 100,57
21943,train, 100,32
21944,train,1 5 10 25 50 100,36
21945,train,50 100,45
21946,train, 100,12
21947,train,5 10 25 50 100,13
21951,train,25 50 100,41
21952,train,10 25 50 100,43
21953,train, 100,8
21954,train, 100,44
21956,train,25 50 100,39
21957,train,25 50 100,26
21958,train,10 25 50 100,45
21959,train,25 50 100,42
21962,train, 100,69
21963,train, 100,68
21964,train, 100,71
21965,train, 100,56
21966,train, 100,53
21967,train,50 100,4
21968,train, 100,16
21969,train, 100,21
21970,train, 100,42
21971,train,5 10 25 50 100,28
21972,train,50 100,39
21973,train,25 50 100,59
21974,train, 100,64
21975,train,5 10 25 50 100,25
21976,train,25 50 100,25
21977,train,50 100,33
21978,train, 100,35
21979,train,25 50 100,33
21980,train, 100,19
21981,train,25 50 100,43
21982,train, 100,22
21983,train, 100,31
21984,train, 100,35
21985,train, 100,28
21986,train,5 10 25 50 100,26
21987,train,25 50 100,25
21988,train,25 50 100,35
21989,train,50 100,39
21990,train, 100,22
21994,train,50 100,43
21996,train,25 50 100,22
21997,train,50 100,43
21998,train, 100,14
21999,train,50 100,40
22000,train, 100,49
22001,train,50 100,3
22002,train, 100,21
22003,train, 100,27
22004,train,50 100,34
22006,train, 100,30
22008,train, 100,27
22009,train,5 10 25 50 100,37
22012,train,50 100,1
22016,train, 100,2
22017,train,50 100,4
22018,train,25 50 100,19
22022,train, 100,45
22023,train, 100,22
22024,train, 100,18
22025,train,1 5 10 25 50 100,16
22026,train,25 50 100,26
22027,train,5 10 25 50 100,15
22030,train, 100,28
22031,train,50 100,3
22032,train, 100,40
22033,train,25 50 100,12
22035,train, 100,10
22036,train,25 50 100,12
22037,train,50 100,6
22038,train, 100,3
22039,train, 100,4
22042,train, 100,4
22043,train,50 100,8
22048,train,25 50 100,10
22051,train, 100,41
22052,train, 100,40
22053,train, 100,45
22054,train,50 100,37
22055,train, 100,26
22056,train, 100,32
22057,train,50 100,21
22058,train, 100,20
22059,train, 100,28
22060,train,50 100,31
22061,train,50 100,29
22062,train, 100,25
22063,train,25 50 100,23
22064,train, 100,20
22065,train, 100,13
22066,train,50 100,21
22070,train,25 50 100,8
22071,train,10 25 50 100,34
22072,train, 100,4
22073,train,50 100,34
22075,train,50 100,4
22077,train, 100,28
22078,train, 100,22
22080,train, 100,16
22081,train,50 100,8
22082,train,5 10 25 50 100,21
22083,train,25 50 100,13
22084,train, 100,17
22085,train, 100,22
22086,train,5 10 25 50 100,23
22088,train, 100,35
22089,train, 100,22
22091,train,25 50 100,33
22092,train,50 100,44
22093,train,50 100,32
22094,train, 100,54
22095,train,25 50 100,56
22098,train,50 100,43
22099,train,50 100,39
22100,train, 100,27
22101,train,50 100,36
22102,train, 100,45
22105,train, 100,35
22110,train, 100,45
22111,train, 100,2
22112,train, 100,49
22113,train, 100,49
22114,train,50 100,17
22115,train,25 50 100,36
22116,train, 100,41
22117,train,25 50 100,37
22118,train, 100,35
22119,train, 100,35
22121,train,50 100,23
22122,train, 100,43
22123,train,25 50 100,42
22124,train, 100,36
22125,train,50 100,48
22126,train,50 100,51
22127,train,50 100,20
22129,train,10 25 50 100,15
22131,train, 100,52
22132,train, 100,38
22133,train,50 100,6
22134,train,10 25 50 100,37
22135,train, 100,32
22136,train,50 100,27
22137,train, 100,31
22138,train, 100,30
22139,train,25 50 100,1
22140,train,25 50 100,15
22141,train, 100,2
22144,train, 100,31
22145,train,50 100,36
22146,train,1 5 10 25 50 100,37
22151,train,5 10 25 50 100,2
22153,train,50 100,2
22157,train,50 100,2
22159,train, 100,2
22162,train,50 100,1
22163,train, 100,4
22167,train,5 10 25 50 100,41
22168,train,10 25 50 100,97
22169,train, 100,92
22170,train,50 100,88
22171,train,25 50 100,90
22172,train,10 25 50 100,94
22173,train, 100,94
22174,train, 100,99
22175,train,10 25 50 100,89
22176,train, 100,88
22177,train, 100,57
22178,train,50 100,76
22179,train,25 50 100,90
22180,train,10 25 50 100,74
22181,train,25 50 100,83
22182,train,10 25 50 100,84
22183,train,25 50 100,90
22184,train, 100,17
22191,train, 100,2
22192,train, 100,19
22195,train, 100,37
22196,train,25 50 100,95
22197,train,50 100,95
22199,train, 100,72
22200,train, 100,87
22206,train, 100,88
22209,train, 100,44
22210,train,10 25 50 100,77
22211,train, 100,85
22212,train, 100,24
22213,train,50 100,21
22214,train, 100,22
22215,train, 100,20
22217,train,25 50 100,26
22219,train, 100,41
22220,train, 100,40
22221,train,25 50 100,40
22222,train, 100,40
22223,train,25 50 100,34
22224,train, 100,40
22225,train, 100,32
22226,train, 100,31
22227,train,50 100,26
22228,train, 100,37
22229,train,5 10 25 50 100,26
22230,train, 100,33
22231,train,50 100,46
22232,train, 100,32
22233,train, 100,30
22234,train, 100,47
22235,train, 100,53
22236,train,50 100,52
22237,train, 100,30
22238,train, 100,35
22241,train, 100,43
22242,train,25 50 100,35
22243,train, 100,42
22245,train, 100,37
22246,train, 100,29
22247,train,25 50 100,44
22248,train,50 100,43
22249,train,50 100,41
22251,train, 100,1
22253,train, 100,8
22254,train,50 100,26
22255,train, 100,20
22258,train,50 100,43
22259,train, 100,13
22260,train, 100,25
22261,train,50 100,11
22263,train, 100,15
22264,train,50 100,14
22265,train, 100,1
22266,train, 100,18
22267,train,50 100,23
22268,train,25 50 100,1
22270,train, 100,22
22271,train,25 50 100,24
22272,train, 100,19
22273,train, 100,17
22274,train, 100,10
22275,train, 100,21
22276,train,25 50 100,19
22277,train, 100,13
22278,train,25 50 100,24
22279,train, 100,17
22280,train, 100,24
22281,train,10 25 50 100,23
22282,train, 100,21
22283,train,10 25 50 100,14
22284,train,25 50 100,23
22287,train,50 100,31
22288,train, 100,44
22290,train, 100,2
22292,train,25 50 100,19
22294,train,25 50 100,2
22296,train,50 100,25
22297,train,50 100,31
22298,train,50 100,16
22300,train,50 100,16
22301,train, 100,16
22302,train, 100,25
22303,train,50 100,32
22304,train,5 10 25 50 100,32
22305,train, 100,30
22306,train,50 100,30
22308,train, 100,30
22309,train,50 100,29
22312,train, 100,28
22313,train, 100,24
22315,train,25 50 100,29
22316,train, 100,18
22317,train, 100,27
22321,train,25 50 100,41
22322,train, 100,33
22323,train,50 100,38
22324,train, 100,15
22325,train,25 50 100,14
22326,train,50 100,34
22327,train,50 100,41
22328,train,5 10 25 50 100,15
22329,train, 100,21
22331,train,50 100,13
22332,train, 100,23
22339,train,5 10 25 50 100,28
22340,train, 100,23
22341,train,50 100,28
22343,train, 100,25
22344,train,25 50 100,24
22346,train, 100,10
22348,train, 100,22
22351,train, 100,30
22629,train,50 100,40
22630,train, 100,29
22631,train,25 50 100,3
22632,train, 100,6
22633,train, 100,1
22634,train, 100,10
22635,train,50 100,4
22636,train,5 10 25 50 100,5
22637,train, 100,7
22638,train, 100,18
22639,train,25 50 100,3
22640,train, 100,1
22641,train, 100,1
22642,train,50 100,3
22646,train, 100,45
22647,train, 100,42
22649,train,25 50 100,56
22650,train, 100,36
22651,train, 100,36
22652,train,25 50 100,25
22653,train, 100,32
22654,train, 100,31
22655,train, 100,26
22656,train, 100,28
22657,train,50 100,35
22658,train,25 50 100,53
22659,train,25 50 100,23
22660,train, 100,30
22662,train,50 100,33
22664,train,10 25 50 100,34
22665,train,50 100,7
22666,train, 100,17
22667,train, 100,1
22671,train,25 50 100,41
22672,train, 100,2
22674,train,50 100,14
22675,train,25 50 100,4
22677,train,5 10 25 50 100,9
22678,train,25 50 100,12
22679,train, 100,8
22686,train, 100,23
22687,train,50 100,16
22688,train, 100,16
22689,train,5 10 25 50 100,6
22690,train,10 25 50 100,49
22691,train, 100,52
22692,train, 100,37
22693,train,50 100,22
22694,train, 100,36
22695,train, 100,6
22696,train,50 100,1
22697,train, 100,10
22698,train,50 100,8
22699,train, 100,2
22702,train,25 50 100,45
22705,train,10 25 50 100,29
22706,train, 100,21
22707,train, 100,10
22708,train, 100,26
22709,train,25 50 100,6
22710,train, 100,43
22711,train,50 100,37
22712,train,50 100,26
22713,train, 100,43
22714,train, 100,80
22715,train,10 25 50 100,82
22716,train,10 25 50 100,43
22717,train,50 100,21
22718,train, 100,42
22721,train, 100,36
22722,train, 100,42
22723,train,25 50 100,42
22725,train,25 50 100,19
22726,train,10 25 50 100,21
22729,train, 100,1
22730,train,50 100,24
22731,train, 100,21
22732,train,25 50 100,71
22733,train, 100,76
22734,train, 100,67
22735,train,25 50 100,64
22736,train,50 100,27
22737,train, 100,26
22738,train, 100,31
22740,train, 100,24
22741,train,50 100,22
22742,train, 100,23
22743,train, 100,2
22744,train, 100,18
22745,train,50 100,13
22746,train,50 100,26
22748,train,5 10 25 50 100,31
22749,train, 100,15
22750,train,50 100,34
22751,train, 100,26
22754,train,10 25 50 100,40
22755,train,50 100,18
22756,train, 100,22
22758,train, 100,25
22759,train,50 100,35
22761,train,50 100,6
22762,train, 100,5
22765,train, 100,1
22767,train,10 25 50 100,3
22768,train,50 100,11
22769,train, 100,10
22772,train,50 100,40
22773,train, 100,8
22774,train, 100,30
22775,train,50 100,48
22776,train,10 25 50 100,45
22777,train,50 100,27
22778,train,25 50 100,22
22779,train,25 50 100,26
22780,train,50 100,23
22781,train,50 100,24
22782,train,50 100,32
22783,train,50 100,14
22784,train, 100,2
22786,train, 100,19
22787,train, 100,8
22788,train, 100,20
22790,train, 100,14
22791,train,25 50 100,19
22792,train, 100,24
22793,train,50 100,10
22794,train, 100,14
22795,train, 100,20
22796,train, 100,19
22797,train,50 100,16
22798,train,25 50 100,4
22799,train,50 100,1
22801,train,50 100,10
22802,train, 100,17
22803,train, 100,12
22804,train,50 100,10
22805,train,50 100,1
22806,train,50 100,4
22807,train,25 50 100,37
22810,train,25 50 100,42
22811,train,25 50 100,17
22812,train,25 50 100,20
22813,train,25 50 100,18
22814,train,50 100,19
22816,train,10 25 50 100,21
22817,train,50 100,26
22819,train, 100,2
22820,train, 100,8
22821,train,25 50 100,5
22822,train,50 100,1
22823,train,10 25 50 100,29
22824,train, 100,5
22825,train, 100,9
22826,train, 100,5
22827,train,5 10 25 50 100,6
22829,train,5 10 25 50 100,31
22830,train,25 50 100,12
22831,train, 100,17
22922,train, 100,19
22923,train,50 100,25
22924,train,50 100,18
22925,train,25 50 100,24
22926,train,50 100,18
22927,train,50 100,20
22928,train,5 10 25 50 100,28
22929,train,5 10 25 50 100,20
22930,train,10 25 50 100,33
22933,train, 100,25
22935,train, 100,20
22937,train, 100,39
22941,train, 100,33
22942,train, 100,36
22943,train, 100,40
22944,train, 100,81
22946,train, 100,78
22947,train,25 50 100,82
22948,train,50 100,32
22949,train,50 100,35
22951,train, 100,35
22952,train, 100,83
22953,train,5 10 25 50 100,80
22954,train, 100,82
22955,train, 100,41
22956,train, 100,40
22957,train,25 50 100,37
22958,train, 100,81
22959,train,25 50 100,67
22960,train, 100,73
22965,train, 100,34
22966,train,50 100,39
22967,train, 100,32
22968,train,25 50 100,36
22969,train,50 100,35
22970,train,50 100,43
22971,train, 100,45
22975,train, 100,38
22976,train, 100,40
22977,train,25 50 100,41
22978,train, 100,40
22979,train,50 100,53
22980,train,50 100,44
22981,train,50 100,46
22982,train, 100,44
22983,train,50 100,52
22984,train, 100,39
22985,train,10 25 50 100,50
22986,train, 100,48
22987,train, 100,58
22988,train, 100,60
22989,train, 100,33
22992,train, 100,36
22993,train, 100,41
22997,train, 100,56
22998,train,50 100,46
22999,train,50 100,2
23000,train, 100,55
23001,train, 100,46
23005,train, 100,70
23007,train,50 100,74
23009,train,50 100,55
23010,train,25 50 100,64
23014,train, 100,75
23015,train, 100,80
23017,train, 100,62
23018,train, 100,58
23129,train, 100,35
23141,train,50 100,31
23142,train, 100,31
23143,train,50 100,28
23144,train, 100,33
23156,train, 100,30
23158,train,10 25 50 100,32
23161,train,10 25 50 100,35
23162,train, 100,58
23163,train,25 50 100,79
23164,train,10 25 50 100,78
23165,train, 100,68
23167,train,10 25 50 100,75
23168,train,25 50 100,51
23169,train,25 50 100,71
23172,train,25 50 100,45
23173,train,50 100,37
23181,train, 100,38
23211,train, 100,30
23273,train, 100,40
23274,train,50 100,11
23275,train, 100,24
23276,train,50 100,19
23279,train,10 25 50 100,24
23280,train,50 100,24
23281,train,50 100,31
23282,train, 100,34
23284,train, 100,30
23285,train,50 100,31
23286,train, 100,41
23287,train, 100,17
23288,train, 100,35
23289,train,50 100,40
23290,train,50 100,42
23292,train,50 100,39
23302,train, 100,32
23303,train, 100,1
23304,train,50 100,32
23305,train, 100,9
23306,train, 100,37
23307,train,50 100,2
23309,train, 100,38
23311,train, 100,11
23312,train, 100,30
23315,train,5 10 25 50 100,78
23316,train, 100,74
23317,train, 100,73
23318,train, 100,72
23319,train, 100,15
23320,train, 100,15
23321,train,1 5 10 25 50 100,64
23322,train, 100,50
23323,train,25 50 100,47
23324,train, 100,52
23325,train,10 25 50 100,51
23326,train, 100,51
23327,train, 100,51
23328,train, 100,52
23329,train, 100,50
23330,train,50 100,53
23331,train,50 100,51
23332,train, 100,23
23333,train, 100,18
23336,train, 100,44
23337,train,25 50 100,55
23338,train,50 100,55
23339,train,50 100,57
23340,train, 100,48
23341,train, 100,2
23342,train,50 100,33
23343,train, 100,13
23344,train,10 25 50 100,46
23345,train,50 100,51
23346,train, 100,51
23347,train,50 100,47
23348,train, 100,52
23349,train, 100,51
23350,train, 100,51
23351,train,25 50 100,48
23352,train,25 50 100,56
23353,train,50 100,53
23354,train,50 100,57
23355,train, 100,37
23356,train, 100,50
23357,train, 100,41
23358,train,25 50 100,51
23359,train, 100,50
23360,train,25 50 100,52
23361,train, 100,49
23362,train, 100,40
23365,train, 100,45
23367,train,50 100,84
23368,train, 100,49
23369,train,50 100,76
23370,train, 100,55
23371,train, 100,66
23372,train,25 50 100,74
23375,train,25 50 100,48
23376,train, 100,52
23378,train,25 50 100,48
23379,train, 100,49
23380,train, 100,67
23383,train, 100,73
23384,train,25 50 100,46
23385,train, 100,59
23386,train, 100,58
23387,train,50 100,46
23388,train,50 100,45
23389,train, 100,56
23390,train, 100,33
23391,train,50 100,37
23392,train, 100,25
23394,train,50 100,38
23395,train,25 50 100,40
23398,train,50 100,40
23399,train, 100,16
23400,train,5 10 25 50 100,68
23401,train, 100,4
23402,train, 100,19
23403,train,50 100,9
23404,train,5 10 25 50 100,23
23405,train,50 100,41
23406,train,25 50 100,45
23407,train,25 50 100,13
23408,train,25 50 100,40
23409,train,25 50 100,30
23410,train, 100,34
23411,train,50 100,43
23412,train, 100,33
23426,train, 100,87
23427,train, 100,32
23428,train, 100,25
23429,train, 100,23
23430,train,50 100,26
23431,train, 100,29
23432,train, 100,17
23433,train, 100,22
23434,train,50 100,29
23435,train, 100,23
23436,train, 100,24
23437,train, 100,25
23438,train,25 50 100,28
23439,train, 100,27
23441,train, 100,41
23442,train,50 100,32
23444,train,50 100,33
23445,train, 100,55
23446,train, 100,33
23447,train,25 50 100,40
23448,train,5 10 25 50 100,31
23450,train, 100,54
23451,train,25 50 100,56
23452,train, 100,41
23453,train,50 100,48
23456,train, 100,47
23457,train, 100,32
23459,train,50 100,41
23460,train, 100,30
23461,train, 100,25
23462,train,25 50 100,5
23463,train, 100,24
23474,train,50 100,37
23475,train, 100,12
23476,train, 100,37
23478,train, 100,25
23479,train, 100,37
23480,train, 100,12
23481,train,10 25 50 100,33
23484,train,25 50 100,51
23486,train, 100,6
23487,train, 100,28
23488,train, 100,25
23489,train,50 100,25
23490,train, 100,82
23491,train,5 10 25 50 100,28
23492,train, 100,86
23493,train, 100,88
23494,train, 100,90
23495,train, 100,6
23496,train,50 100,16
23497,train,50 100,15
23498,train, 100,15
23499,train,10 25 50 100,5
23500,train, 100,29
23501,train, 100,29
23502,train,25 50 100,32
23503,train,10 25 50 100,23
23504,train, 100,30
23505,train,25 50 100,33
23506,train, 100,21
23507,train, 100,22
23508,train,50 100,29
23509,train,50 100,23
23512,train, 100,32
23515,train,50 100,45
23516,train,25 50 100,47
23519,train, 100,42
23521,train,5 10 25 50 100,10
23522,train, 100,1
23523,train, 100,30
23524,train, 100,1
23525,train, 100,40
23526,train,50 100,29
23527,train,50 100,20
23528,train, 100,45
23529,train, 100,8
23530,train,50 100,68
23531,train,25 50 100,41
23532,train, 100,43
23533,train, 100,51
23534,train, 100,73
23535,train,50 100,67
23536,train, 100,41
23537,train, 100,45
23583,train, 100,46
23584,train, 100,26
23585,train, 100,26
23586,train, 100,20
23589,train,25 50 100,44
23590,train,50 100,27
23591,train, 100,26
23592,train, 100,44
23593,train,50 100,24
23594,train,50 100,25
23595,train, 100,25
23596,train,5 10 25 50 100,25
23597,train, 100,28
23598,train,50 100,39
23600,train, 100,36
23601,train, 100,28
23602,train,10 25 50 100,31
23603,train, 100,32
23604,train, 100,32
23605,train, 100,22
23606,train, 100,28
23607,train, 100,30
23608,train, 100,27
23609,train, 100,33
23610,train,10 25 50 100,42
23611,train, 100,74
23612,train,50 100,12
23613,train, 100,15
23616,train, 100,14
23617,train, 100,16
23618,train, 100,35
23619,train,25 50 100,7
23620,train, 100,9
23621,train,10 25 50 100,33
23624,train,50 100,40
23626,train, 100,46
23627,train,50 100,47
23630,train, 100,21
23631,train,50 100,35
23632,train,25 50 100,38
23633,train,25 50 100,26
23634,train,25 50 100,33
23635,train,50 100,21
23636,train,25 50 100,38
23637,train, 100,26
23638,train,50 100,25
23660,train, 100,45
23667,train, 100,22
23673,train,1 5 10 25 50 100,13
23674,train, 100,22
23676,train, 100,1
23684,train, 100,2
23685,train, 100,3
23686,train, 100,4
23687,train,50 100,5
23692,train, 100,8
23695,train,50 100,9
23696,train, 100,6
23697,train,10 25 50 100,3
23698,train, 100,13
23699,train,5 10 25 50 100,1
23700,train, 100,2
23701,train,25 50 100,2
23702,train,10 25 50 100,5
23705,train,50 100,1
23708,train,50 100,2
23710,train,50 100,7
23711,train, 100,3
23712,train, 100,9
23713,train,25 50 100,2
23716,train,50 100,16
23719,train,50 100,27
23726,train,1 5 10 25 50 100,6
23727,train, 100,14
23728,train,25 50 100,1
23730,train,50 100,1
23732,train,50 100,11
23735,train, 100,8
23737,train,25 50 100,10
23738,train, 100,6
23739,train, 100,13
23743,train,50 100,9
23744,train, 100,5
23745,train, 100,4
23747,train, 100,1
23775,train,50 100,45
23776,train,1 5 10 25 50 100,62
23777,train,50 100,78
23778,train, 100,64
23779,train, 100,57
23780,train,10 25 50 100,55
23781,train, 100,75
23782,train, 100,20
23783,train,50 100,4
23784,train, 100,6
23785,train,50 100,10
23788,train, 100,8
23789,train,50 100,9
23790,train,50 100,44
23792,train,50 100,36
23795,train,50 100,75
23807,train, 100,1
23808,train, 100,1
23809,train,25 50 100,26
23811,train, 100,34
23812,train, 100,30
23813,train,25 50 100,34
23814,train, 100,1
23821,train, 100,1
23824,train,25 50 100,1
23826,train,10 25 50 100,1
23827,train, 100,1
23828,train,50 100,1
23834,train,25 50 100,3
23847,train,10 25 50 100,2
23852,train,50 100,4
23854,train,25 50 100,17
23855,train,25 50 100,39
23857,train,25 50 100,21
23858,train,50 100,19
23859,train, 100,29
23866,train,50 100,1
23873,train, 100,1
23880,train,10 25 50 100,6
23881,train,5 10 25 50 100,4
23882,train, 100,6
23883,train,50 100,1
23884,train,50 100,2
23885,train,10 25 50 100,3
23886,train,50 100,32
23888,train,10 25 50 100,2
23889,train, 100,2
23890,train, 100,8
23891,train,25 50 100,1
23892,train, 100,1
23893,train,50 100,1
23894,train,50 100,1
23897,train, 100,7
23898,train,25 50 100,8
23900,train,25 50 100,52
23901,train,50 100,5
23904,train,5 10 25 50 100,2
23905,train,50 100,7
23906,train, 100,4
23908,train, 100,5
23912,train, 100,5
23914,train,50 100,2
23915,train, 100,3
23916,train,10 25 50 100,4
23917,train,50 100,13
23918,train,50 100,12
23919,train,50 100,13
23920,train,50 100,20
23921,train, 100,25
23922,train,25 50 100,4
23923,train, 100,3
23924,train,50 100,2
23928,train,25 50 100,14
23930,train,50 100,11
23932,train,25 50 100,3
23933,train,25 50 100,1
23934,train, 100,11
23935,train, 100,24
23936,train, 100,3
23937,train,50 100,9
23938,train,50 100,2
23939,train,50 100,35
23940,train, 100,22
23941,train, 100,4
23942,train,25 50 100,4
23944,train,50 100,2
23967,train,50 100,85
23968,train, 100,88
23970,train, 100,86
23972,train,50 100,85
23973,train,25 50 100,82
23974,train,50 100,86
23975,train, 100,64
23979,train, 100,83
23980,train,50 100,84
23982,train,50 100,55
23983,train,50 100,54
23984,train, 100,23
23985,train,50 100,35
23986,train,50 100,53
23987,train, 100,80
23988,train,10 25 50 100,50
23990,train,50 100,81
23991,train, 100,40
23992,train, 100,82
23993,train, 100,84
23994,train, 100,44
23995,train, 100,81
23997,train, 100,73
23999,train,25 50 100,48
24000,train, 100,64
24004,train, 100,1
24005,train, 100,25
24016,train, 100,13
24018,train,25 50 100,13
24019,train,50 100,12
24020,train,25 50 100,4
24021,train, 100,5
24022,train,50 100,15
24023,train, 100,6
24024,train, 100,16
24028,train, 100,1
24029,train,50 100,9
24030,train, 100,10
24032,train,25 50 100,9
24033,train, 100,11
24034,train, 100,10
24035,train, 100,8
24036,train,50 100,18
24037,train, 100,33
24040,train, 100,12
24047,train, 100,1
24069,train, 100,1
24070,train,25 50 100,21
24072,train, 100,4
24074,train,50 100,4
24075,train,50 100,10
24076,train, 100,16
24077,train, 100,1
24079,train,50 100,1
24081,train, 100,1
24082,train, 100,1
24086,train, 100,3
24087,train, 100,7
24088,train,50 100,7
24089,train,25 50 100,42
24091,train, 100,4
24094,train, 100,6
24095,train,50 100,8
24096,train, 100,7
24097,train, 100,6
24098,train, 100,8
24125,train, 100,1
24141,train,10 25 50 100,81
24142,train,25 50 100,20
24143,train, 100,32
24144,train, 100,26
24151,train,25 50 100,1
24152,train, 100,1
24157,train, 100,1
24159,train,25 50 100,5
24160,train,50 100,1
24164,train, 100,1
24166,train, 100,1
24167,train,25 50 100,1
24168,train,50 100,1
24170,train,50 100,1
24171,train, 100,1
24174,train,50 100,2
24175,train, 100,1
24177,train,50 100,1
24195,train, 100,29
24196,train, 100,25
24197,train,25 50 100,2
24198,train,25 50 100,3
24200,train,25 50 100,1
24212,train, 100,6
24213,train, 100,9
24218,train, 100,1
24280,train,50 100,1
24318,train, 100,3
24374,train, 100,4
24375,train, 100,5
24376,train, 100,5
24377,train,50 100,6
24378,train,25 50 100,4
24379,train,5 10 25 50 100,6
24380,train,25 50 100,3
24381,train,25 50 100,6
24382,train, 100,5
24383,train,50 100,9
24384,train,25 50 100,5
24385,train, 100,8
24386,train, 100,6
24387,train, 100,6
24388,train,25 50 100,5
24389,train,50 100,8
24390,train,5 10 25 50 100,9
24391,train, 100,6
24392,train, 100,51
24393,train,50 100,5
24394,train,25 50 100,7
24397,train, 100,90
24398,train,50 100,83
24415,train,50 100,1
24416,train,50 100,1
24428,train,25 50 100,6
24432,train,5 10 25 50 100,7
24463,train,25 50 100,2
24473,train,50 100,34
24474,train,5 10 25 50 100,1
24475,train, 100,5
24477,train,50 100,4
24479,train, 100,1
24480,train,50 100,1
24481,train, 100,33
24482,train,25 50 100,1
24493,train, 100,21
24503,train, 100,39
24513,train,50 100,54
24531,train, 100,1
24590,train, 100,1
24615,train, 100,1
24616,train, 100,1
24617,train, 100,1
24621,train, 100,1
24622,train,10 25 50 100,1
24623,train,50 100,1
24624,train, 100,2
24625,train, 100,1
24627,train, 100,2
24630,train,50 100,3
24631,train, 100,1
24640,train, 100,19
24642,train, 100,27
24643,train,25 50 100,24
24644,train,50 100,2
24645,train, 100,4
24646,train,10 25 50 100,18
24647,train, 100,16
24648,train,50 100,23
24649,train,10 25 50 100,27
24650,train,25 50 100,15
24651,train, 100,22
24652,train, 100,6
24653,train,10 25 50 100,23
24656,train,50 100,5
24658,train, 100,4
24659,train, 100,2
24661,train,5 10 25 50 100,1
24676,train, 100,1
24680,train, 100,1
24691,train, 100,17
24692,train,50 100,14
24693,train, 100,12
24694,train,50 100,8
24695,train,50 100,16
24696,train, 100,15
24697,train, 100,13
24698,train, 100,22
24699,train, 100,28
24700,train,25 50 100,37
24701,train,25 50 100,32
24702,train,5 10 25 50 100,36
24726,train,25 50 100,13
24728,train,50 100,35
24729,train, 100,9
24730,train, 100,26
24731,train,50 100,22
24732,train,50 100,3
24733,train,50 100,42
24734,train, 100,5
24735,train,50 100,46
24736,train, 100,14
24737,train, 100,10
24738,train,50 100,22
24739,train,50 100,20
24740,train,50 100,29
24741,train, 100,45
24747,train, 100,1
24748,train, 100,2
24750,train,10 25 50 100,1
24753,train,5 10 25 50 100,1
24755,train, 100,2
24757,train,50 100,1
24758,train, 100,5
24760,train,25 50 100,1
24781,train,50 100,54
24816,train, 100,19
24820,train,50 100,18
24821,train, 100,20
24822,train, 100,19
24823,train, 100,26
24826,train, 100,23
24827,train,25 50 100,35
24828,train, 100,1
24831,train,25 50 100,1
24833,train,1 5 10 25 50 100,25
24840,train,10 25 50 100,67
24843,train,10 25 50 100,61
24845,train,25 50 100,65
24846,train, 100,58
24847,train, 100,70
24848,train,50 100,80
24849,train,50 100,71
24850,train,50 100,63
24851,train, 100,70
24858,train,50 100,36
24859,train,50 100,1
24860,train,5 10 25 50 100,3
24861,train,50 100,40
24862,train,50 100,4
24863,train, 100,2
24864,train, 100,1
24866,train, 100,34
24867,train,50 100,8
24868,train,25 50 100,8
24869,train,50 100,3
24876,train,10 25 50 100,54
24884,train, 100,1
24887,train,5 10 25 50 100,1
24890,train,50 100,1
24892,train,50 100,3
24893,train, 100,1
24895,train,25 50 100,1
24897,train,50 100,1
24898,train, 100,1
24899,train,50 100,15
24903,train,50 100,2
24904,train,50 100,1
24905,train,5 10 25 50 100,1
24906,train, 100,1
24907,train,50 100,12
24908,train,10 25 50 100,2
24911,train,1 5 10 25 50 100,15
24913,train, 100,1
24917,train,50 100,4
24918,train, 100,11
24922,train, 100,1
24926,train, 100,1
24929,train,50 100,6
24934,train,50 100,1
24999,train,50 100,2
25000,train, 100,1
25003,train, 100,1
25004,train,50 100,28
25006,train, 100,10
25007,train,50 100,16
25008,train,50 100,18
25009,train, 100,17
25010,train, 100,17
25011,train,50 100,17
25012,train, 100,47
25013,train, 100,48
25014,train,50 100,2
25016,train, 100,32
25017,train, 100,1
25605,val,,4
25607,val,,8
25609,val,,2
25616,val,,4
25648,val,,5
25656,val,,9
25657,val,,11
25658,val,,5
25659,val,,11
25660,val,,13
25661,val,,18
25664,val,,2
25665,val,,5
25666,val,,10
25672,val,,2
25673,val,,5
25674,val,,17
25675,val,,5
25678,val,,4
25679,val,,5
25680,val,,14
25682,val,,11
25683,val,,7
25686,val,,8
25687,val,,15
25688,val,,9
25692,val,,7
25693,val,,9
25696,val,,8
25697,val,,14
25698,val,,10
25699,val,,9
25701,val,,10
25702,val,,6
25703,val,,15
25707,val,,9
25710,val,,11
25711,val,,7
25712,val,,16
25713,val,,13
25714,val,,18
25715,val,,16
25716,val,,14
25717,val,,3
25719,val,,4
25757,val,,7
25758,val,,2
25762,val,,4
25767,val,,2
25772,val,,5
25782,val,,6
25787,val,,15
25788,val,,17
25790,val,,16
25791,val,,17
25792,val,,18
25852,val,,13
25855,val,,20
25856,val,,21
25857,val,,11
25859,val,,11
25860,val,,1
25861,val,,4
25866,val,,11
25907,val,,6
25951,val,,1
25956,val,,1
25957,val,,9
25958,val,,8
25959,val,,3
25967,val,,1
25968,val,,2
25972,val,,5
25985,val,,12
25986,val,,13
25987,val,,12
25990,val,,19
25991,val,,19
25992,val,,18
25993,val,,9
25994,val,,18
25995,val,,18
25998,val,,13
25999,val,,18
26000,val,,13
26004,val,,2
26005,val,,1
26016,val,,5
26017,val,,10
26036,val,,5
26037,val,,1
26038,val,,10
26047,val,,1
26048,val,,1
26049,val,,1
26050,val,,4
26051,val,,2
26083,val,,20
26084,val,,17
26107,val,,12
26109,val,,5
26128,val,,9
26129,val,,12
26130,val,,9
26131,val,,10
26132,val,,21
26133,val,,26
26134,val,,8
26135,val,,6
26136,val,,7
26137,val,,9
26138,val,,8
26143,val,,2
26147,val,,1
26148,val,,1
26150,val,,1
26152,val,,12
26153,val,,19
26154,val,,15
26155,val,,15
26156,val,,19
26157,val,,15
26158,val,,19
26159,val,,16
26163,val,,17
26164,val,,23
26165,val,,19
26166,val,,10
26167,val,,14
26168,val,,22
26169,val,,12
26170,val,,20
26171,val,,15
26172,val,,17
26173,val,,19
26174,val,,20
26176,val,,16
26177,val,,25
26178,val,,8
26180,val,,19
26184,val,,13
26192,val,,16
26193,val,,17
26194,val,,20
26196,val,,14
26197,val,,17
26198,val,,14
26199,val,,3
26201,val,,19
26202,val,,2
26218,val,,2
26221,val,,1
26234,val,,3
26244,val,,1
26245,val,,2
26246,val,,1
26250,val,,1
26251,val,,1
26259,val,,3
26260,val,,1
26267,val,,23
26268,val,,21
26269,val,,21
26270,val,,12
26271,val,,21
26272,val,,12
26293,val,,17
26294,val,,16
26295,val,,16
26296,val,,16
26318,val,,9
26319,val,,17
26320,val,,17
26321,val,,16
26322,val,,18
26323,val,,16
26324,val,,19
26325,val,,17
26334,val,,3
26358,val,,4
26366,val,,8
26367,val,,6
26368,val,,19
26371,val,,13
26376,val,,10
26377,val,,9
26378,val,,16
26407,val,,1
26408,val,,1
26409,val,,6
26410,val,,18
26411,val,,25
26464,val,,19
26466,val,,10
26467,val,,9
26470,val,,9
26474,val,,6
26476,val,,5
26477,val,,5
26478,val,,6
26481,val,,9
26482,val,,8
26484,val,,5
26489,val,,25
26490,val,,45
26491,val,,3
26492,val,,14
26493,val,,15
26496,val,,8
26510,val,,3
26511,val,,10
26513,val,,4
26530,val,,1
26541,val,,1
26544,val,,27
26546,val,,4
26550,val,,2
26551,val,,1
26552,val,,1
26553,val,,6
26554,val,,1
26555,val,,4
26563,val,,3
26564,val,,3
26565,val,,1
26566,val,,1
26567,val,,2
26568,val,,1
26571,val,,2
26572,val,,1
26573,val,,2
26574,val,,2
26575,val,,4
26576,val,,3
26578,val,,12
26579,val,,5
26580,val,,8
26619,val,,2
26759,val,,13
26761,val,,7
26762,val,,18
26763,val,,8
26764,val,,18
26765,val,,8
26766,val,,11
26767,val,,14
26768,val,,26
26769,val,,26
26770,val,,26
26772,val,,27
26776,val,,5
26777,val,,26
26778,val,,12
26779,val,,24
26782,val,,19
26799,val,,11
26800,val,,12
26801,val,,13
26802,val,,26
26804,val,,20
26805,val,,4
26818,val,,4
26819,val,,1
26820,val,,3
26823,val,,25
26837,val,,11
26842,val,,5
26843,val,,7
26844,val,,5
26845,val,,8
26846,val,,9
26847,val,,13
26927,val,,14
26928,val,,7
26929,val,,2
26933,val,,1
26946,val,,3
26947,val,,9
26948,val,,1
26950,val,,4
26951,val,,5
26953,val,,12
26954,val,,3
26955,val,,15
26956,val,,14
26957,val,,2
26958,val,,6
26959,val,,9
26961,val,,9
26963,val,,14
26991,val,,1
27024,val,,2
27025,val,,22
27032,val,,1
27058,val,,11
27059,val,,6
27061,val,,22
27063,val,,13
27064,val,,22
27073,val,,12
27075,val,,9
27076,val,,4
27077,val,,8
27078,val,,22
27079,val,,21
27080,val,,9
27081,val,,22
27082,val,,15
27083,val,,13
27084,val,,12
27085,val,,20
27087,val,,11
27088,val,,11
27090,val,,2
27120,val,,5
27121,val,,1
27122,val,,7
27123,val,,6
27124,val,,1
27125,val,,12
27127,val,,6
27128,val,,3
27129,val,,10
27131,val,,3
27132,val,,3
27141,val,,2
27203,val,,2
27204,val,,1
27205,val,,4
27206,val,,6
27207,val,,1
27208,val,,4
27209,val,,1
27210,val,,4
27211,val,,7
27212,val,,2
27218,val,,18
27219,val,,23
27220,val,,24
27221,val,,24
27222,val,,11
27224,val,,6
27225,val,,5
27226,val,,14
27227,val,,6
27228,val,,13
27231,val,,8
27299,val,,2
27300,val,,4
27301,val,,3
27302,val,,15
27303,val,,2
27305,val,,8
27311,val,,7
27312,val,,7
27314,val,,7
27315,val,,5
27323,val,,1
27338,val,,2
27340,val,,7
27351,val,,2
27352,val,,3
27353,val,,3
27355,val,,1
27358,val,,38
27359,val,,3
27360,val,,1
27361,val,,10
27362,val,,32
27372,val,,11
27410,val,,37
27441,val,,46
27442,val,,3
27464,val,,3
27467,val,,6
27468,val,,14
27469,val,,7
27475,val,,15
27476,val,,16
27478,val,,12
27480,val,,40
27481,val,,5
27492,val,,22
27493,val,,23
27494,val,,24
27495,val,,41
27496,val,,18
27497,val,,32
27499,val,,6
27500,val,,10
27501,val,,12
27509,val,,9
27542,val,,15
27551,val,,1
27555,val,,2
27597,val,,38
27599,val,,13
27615,val,,15
27616,val,,3
27617,val,,9
27623,val,,4
27635,val,,8
27637,val,,3
27638,val,,8
27641,val,,5
27643,val,,7
27648,val,,6
27654,val,,5
27655,val,,8
27656,val,,3
27683,val,,21
27698,val,,1
27699,val,,4
27700,val,,16
27701,val,,9
27702,val,,35
27707,val,,9
27709,val,,14
27710,val,,12
27711,val,,6
27712,val,,17
27713,val,,4
27715,val,,9
27721,val,,23
27722,val,,31
27732,val,,20
27763,val,,2
27792,val,,8
27794,val,,1
27796,val,,1
27798,val,,10
27800,val,,1
27811,val,,5
27813,val,,7
27814,val,,6
27815,val,,8
27816,val,,10
27817,val,,20
27820,val,,5
27821,val,,8
27823,val,,6
27824,val,,18
27825,val,,2
27826,val,,4
27828,val,,11
27829,val,,4
27830,val,,9
27846,val,,6
27847,val,,4
27848,val,,4
27849,val,,50
27850,val,,12
27851,val,,6
27854,val,,15
27855,val,,35
27872,val,,2
27878,val,,4
27879,val,,17
27880,val,,1
27881,val,,10
27886,val,,1
27888,val,,1
27890,val,,25
27891,val,,8
27892,val,,9
27893,val,,10
27894,val,,43
27895,val,,2
27897,val,,13
27898,val,,2
27929,val,,16
27930,val,,9
27931,val,,9
27933,val,,14
27934,val,,12
27936,val,,1
27937,val,,8
27943,val,,7
27945,val,,2
27962,val,,1
27967,val,,5
27969,val,,5
27970,val,,8
27971,val,,4
27987,val,,4
27990,val,,10
27997,val,,46
27998,val,,1
27999,val,,9
28000,val,,8
28001,val,,4
28002,val,,12
28004,val,,11
28048,val,,1
28051,val,,31
28064,val,,2
28065,val,,2
28066,val,,1
28068,val,,1
28084,val,,3
28085,val,,7
28086,val,,16
28087,val,,5
28089,val,,2
28097,val,,46
28121,val,,7
28145,val,,8
28146,val,,3
28157,val,,1
28158,val,,8
28159,val,,7
28160,val,,3
28161,val,,9
28162,val,,11
28163,val,,52
28164,val,,63
28165,val,,48
28168,val,,67
28169,val,,13
28170,val,,17
28211,val,,5
28212,val,,1
28230,val,,9
28231,val,,52
28232,val,,61
28237,val,,3
28239,val,,27
28240,val,,6
28241,val,,2
28242,val,,8
28243,val,,11
28244,val,,15
28245,val,,10
28246,val,,15
28247,val,,32
28248,val,,10
28249,val,,24
28250,val,,34
28264,val,,1
28268,val,,1
28272,val,,1
28274,val,,3
28277,val,,11
28278,val,,3
28279,val,,5
28286,val,,5
28287,val,,4
28290,val,,5
28303,val,,11
28304,val,,15
28305,val,,54
28306,val,,69
28307,val,,12
28308,val,,38
28309,val,,47
28310,val,,57
28314,val,,8
28321,val,,4
28346,val,,1
28631,test,,6
28632,test,,6
28647,test,,1
28652,test,,19
28653,test,,21
28655,test,,21
28656,test,,22
28657,test,,16
28739,test,,1
28744,test,,27
28745,test,,25
28775,test,,49
28776,test,,39
28783,test,,14
28784,test,,13
28785,test,,8
28786,test,,4
28791,test,,22
28796,test,,9
28802,test,,21
28814,test,,25
28815,test,,11
28816,test,,8
28817,test,,11
28818,test,,3
28819,test,,3
28820,test,,9
28823,test,,18
28828,test,,9
28829,test,,4
28833,test,,9
28839,test,,21
28840,test,,11
28841,test,,5
28847,test,,13
28848,test,,16
28849,test,,25
28851,test,,4
28852,test,,22
28853,test,,10
28854,test,,19
28857,test,,20
28858,test,,22
28865,test,,29
28866,test,,34
28868,test,,22
28897,test,,18
28899,test,,19
28900,test,,6
28911,test,,42
28939,test,,46
28946,test,,1
28957,test,,33
28975,test,,4
28976,test,,26
28978,test,,28
28979,test,,32
28985,test,,1
28986,test,,23
28988,test,,31
28989,test,,21
28990,test,,7
28991,test,,46
28992,test,,26
28993,test,,2
28994,test,,3
28997,test,,22
28998,test,,16
28999,test,,19
29000,test,,18
29001,test,,20
29002,test,,16
29003,test,,21
29004,test,,31
29007,test,,1
29009,test,,17
29012,test,,31
29017,test,,31
29018,test,,10
29019,test,,23
29021,test,,29
29022,test,,23
29023,test,,26
29025,test,,32
29026,test,,27
29027,test,,23
29028,test,,20
29029,test,,21
29046,test,,5
29047,test,,2
29049,test,,1
29050,test,,3
29052,test,,1
29053,test,,5
29059,test,,1
29070,test,,19
29072,test,,44
29073,test,,11
29074,test,,44
29076,test,,34
29077,test,,38
29079,test,,41
29091,test,,41
29092,test,,30
29094,test,,11
29101,test,,14
29102,test,,18
29120,test,,27
29136,test,,30
29137,test,,17
29138,test,,30
29143,test,,27
29144,test,,14
29146,test,,21
29148,test,,10
29149,test,,16
29150,test,,21
29151,test,,17
29153,test,,43
29156,test,,30
29158,test,,31
29159,test,,32
29165,test,,17
29166,test,,30
29171,test,,23
29178,test,,18
29180,test,,55
29189,test,,26
29199,test,,2
29202,test,,2
29205,test,,1
29212,test,,5
29216,test,,25
29218,test,,11
29226,test,,21
29227,test,,38
29242,test,,3
29243,test,,8
29245,test,,2
29251,test,,1
29260,test,,10
29265,test,,2
29266,test,,27
29273,test,,1
29274,test,,61
29285,test,,16
29292,test,,7
29293,test,,17
29296,test,,21
29302,test,,38
29330,test,,18
29331,test,,24
29345,test,,59
29346,test,,52
29347,test,,56
29348,test,,50
29349,test,,37
29351,test,,85
29352,test,,34
29361,test,,35
29364,test,,51
29366,test,,79
29368,test,,69
29369,test,,81
29371,test,,85
29372,test,,58
29373,test,,29
29376,test,,40
29377,test,,50
29378,test,,66
29379,test,,46
29380,test,,32
29381,test,,44
29382,test,,44
29383,test,,64
29384,test,,35
29385,test,,38
29388,test,,44
29389,test,,88
29390,test,,38
29392,test,,35
29406,test,,9
29410,test,,25
29411,test,,60
29412,test,,53
29413,test,,28
29414,test,,30
29415,test,,27
29416,test,,1
29417,test,,1
29436,test,,19
29437,test,,19
29445,test,,39
29446,test,,46
29455,test,,1
29464,test,,15
29482,test,,22
29490,test,,97
29492,test,,58
29496,test,,31
29500,test,,21
29501,test,,6
29504,test,,59
29514,test,,22
29515,test,,2
29516,test,,17
29517,test,,9
29520,test,,27
29521,test,,22
29522,test,,18
29524,test,,38
29525,test,,16
29538,test,,20
29539,test,,45
29541,test,,40
29561,test,,65
29562,test,,39
29563,test,,15
29564,test,,38
29575,test,,23
29576,test,,27
29578,test,,49
29580,test,,68
29581,test,,36
29582,test,,25
29583,test,,58
29586,test,,78
29606,test,,37
29608,test,,41
29610,test,,22
29611,test,,18
29614,test,,17
29615,test,,28
29616,test,,21
29621,test,,25
29622,test,,23
29625,test,,70
29628,test,,34
29629,test,,14
29637,test,,10
29638,test,,48
29639,test,,47
29640,test,,41
29641,test,,28
29642,test,,31
29643,test,,50
29645,test,,44
29646,test,,66
29648,test,,74
29649,test,,36
29650,test,,36
29651,test,,36
29652,test,,60
29653,test,,63
29656,test,,69
29657,test,,40
29659,test,,43
29660,test,,64
29662,test,,37
29666,test,,27
29668,test,,37
29669,test,,41
29677,test,,45
29678,test,,65
29679,test,,76
29681,test,,22
29683,test,,46
29684,test,,78
29685,test,,8
29686,test,,34
29687,test,,78
29688,test,,53
29690,test,,16
29692,test,,19
29693,test,,46
29708,test,,47
29714,test,,26
29717,test,,80
29718,test,,36
29720,test,,50
29722,test,,50
29732,test,,22
29737,test,,65
29738,test,,53
29739,test,,101
29741,test,,44
29742,test,,67
29743,test,,61
29746,test,,48
29758,test,,65
29767,test,,12
29768,test,,79
29769,test,,72
29771,test,,102
29775,test,,41
29776,test,,100
29777,test,,84
29778,test,,108
29780,test,,25
29781,test,,23
29782,test,,24
29783,test,,79
29784,test,,87
29794,test,,26
29796,test,,84
29799,test,,100
29800,test,,33
29803,test,,34
29811,test,,3
29812,test,,8
29813,test,,16
29815,test,,17
29818,test,,6
29820,test,,8
29821,test,,7
29825,test,,6
29826,test,,36
29827,test,,64
29832,test,,20
29834,test,,19
29835,test,,6
29840,test,,20
29841,test,,20
29852,test,,2
29872,test,,16
29876,test,,16
29877,test,,6
29888,test,,78
29889,test,,49
29890,test,,72
29891,test,,77
29892,test,,96
29915,test,,27
29916,test,,34
29934,test,,67
29935,test,,94
29937,test,,38
29938,test,,24
29939,test,,95
29940,test,,49
29941,test,,40
29942,test,,81
29943,test,,108
29944,test,,72
29945,test,,25
29946,test,,106
29947,test,,82
29948,test,,91
29949,test,,102
29951,test,,88
29952,test,,90
29953,test,,89
29954,test,,95
29955,test,,105
29957,test,,90
29958,test,,14
29959,test,,90
29961,test,,31
29964,test,,2
29974,test,,13
29987,test,,1
29988,test,,23
29989,test,,47
30005,test,,32
30006,test,,38
30007,test,,29
30008,test,,8
30009,test,,3
30010,test,,45
30014,test,,9
30015,test,,4
30018,test,,18
30019,test,,5
30022,test,,1
30030,test,,63
30031,test,,39
30032,test,,45
30034,test,,10
30037,test,,42
30038,test,,4
30039,test,,10
30041,test,,108
30042,test,,69
30048,test,,108
30052,test,,10
30053,test,,37
30054,test,,24
30055,test,,28
30056,test,,29
30057,test,,25
30060,test,,58
30062,test,,5
30063,test,,3
30064,test,,4
30065,test,,1
30066,test,,23
30067,test,,8
30068,test,,10
30069,test,,1
30071,test,,3
30081,test,,90
30086,test,,60
30087,test,,93
30090,test,,103
30091,test,,71
30092,test,,5
30093,test,,8
30095,test,,42
30097,test,,3
30098,test,,1
30099,test,,44
30100,test,,3
30107,test,,31
30127,test,,55
30128,test,,22
30130,test,,50
30131,test,,78
30132,test,,55
30133,test,,87
30134,test,,85
30135,test,,7
30136,test,,3
30137,test,,40
30138,test,,44
30139,test,,27
30140,test,,98
30141,test,,89
30142,test,,39
30143,test,,46
30144,test,,38
30145,test,,46
30147,test,,67
30156,test,,53
30165,test,,2
30173,test,,60
30174,test,,71
30176,test,,6
30177,test,,17
30178,test,,4
30185,test,,40
30188,test,,18
30189,test,,2
30198,test,,102
30202,test,,40
30208,test,,44
30209,test,,6
30210,test,,35
30250,test,,1
30251,test,,1
30253,test,,1
30254,test,,28
30255,test,,61
30258,test,,44
30259,test,,47
30260,test,,53
30261,test,,39
30262,test,,35
30263,test,,32
30265,test,,67
30266,test,,23
30269,test,,11
30270,test,,30
30271,test,,81
30272,test,,56
30276,test,,20
30277,test,,73
30278,test,,92
30279,test,,68
30280,test,,87
30281,test,,79
30282,test,,89
30317,test,,26
30319,test,,23
30322,test,,60
30323,test,,5
30336,test,,2
30345,test,,43
30350,test,,34
30351,test,,45
30354,test,,2
30361,test,,11
30362,test,,8
30369,test,,74
30378,test,,84
30388,test,,38
30389,test,,38
30397,test,,16
30398,test,,33
30404,test,,35
30405,test,,31
30406,test,,32
30407,test,,25
30409,test,,14
30410,test,,2
30411,test,,18
30412,test,,30
30413,test,,2
30416,test,,23
30417,test,,40
30418,test,,84
30419,test,,53
30421,test,,37
30424,test,,40
30425,test,,30
30426,test,,12
30441,test,,1
30451,test,,1
