shot_id,phase,n_slices,n_ood_slices,r_OOD,train_fraction_membership
11766,train,7,0,0,"5,50,100"
11767,train,7,0,0,"50,100"
11768,train,6,0,0,100
11769,train,12,0,0,"25,100"
11771,train,9,0,0,100
11772,train,1,0,0,"50,100"
11773,train,4,0,0,"50,100"
11774,train,12,0,0,100
11775,train,17,0,0,"25,100"
11776,train,12,0,0,"25,50,100"
11777,train,10,0,0,"50,100"
11779,train,14,0,0,"50,100"
11780,train,15,0,0,"50,100"
11789,train,13,0,0,"25,100"
11790,train,14,0,0,100
11791,train,13,0,0,100
11794,train,22,0,0,100
11795,train,18,0,0,100
11796,train,21,0,0,"25,50,100"
11797,train,18,0,0,"5,100"
11798,train,12,0,0,"50,100"
11799,train,19,0,0,100
11802,train,14,0,0,100
11804,train,5,0,0,"25,100"
11805,train,10,0,0,"50,100"
11806,train,7,0,0,"25,50,100"
11807,train,13,0,0,"50,100"
11808,train,9,0,0,"50,100"
11809,train,5,0,0,100
11810,train,16,0,0,"50,100"
11811,train,9,0,0,"50,100"
11812,train,16,0,0,"5,100"
11816,train,21,0,0,100
11817,train,4,0,0,100
11818,train,1,0,0,100
11819,train,1,0,0,"25,100"
11820,train,2,0,0,100
11825,train,9,0,0,"1,100"
11826,train,1,0,0,"50,100"
11827,train,17,0,0,100
11829,train,7,0,0,100
11831,train,17,0,0,"50,100"
11834,train,1,0,0,"50,100"
11835,train,16,0,0,"50,100"
11836,train,9,0,0,"50,100"
11837,train,4,0,0,"5,25,50,100"
11838,train,2,0,0,"50,100"
11840,train,3,0,0,"25,50,100"
11841,train,1,0,0,"50,100"
11847,train,12,0,0,"50,100"
11848,train,10,0,0,100
11849,train,10,0,0,"5,25,100"
11850,train,8,0,0,"50,100"
11851,train,11,0,0,"50,100"
11889,train,22,0,0,"25,100"
11890,train,19,0,0,"50,100"
11891,train,14,0,0,"5,25,100"
11893,train,16,0,0,"25,100"
11894,train,14,0,0,"50,100"
11896,train,5,0,0,"50,100"
11897,train,7,0,0,"1,50,100"
11898,train,12,0,0,"5,50,100"
11901,train,1,0,0,100
11902,train,21,0,0,"50,100"
11903,train,11,0,0,"50,100"
11905,train,22,0,0,"50,100"
11906,train,19,0,0,100
11908,train,18,0,0,"25,50,100"
11911,train,26,0,0,"50,100"
11912,train,28,0,0,100
11913,train,17,0,0,100
11914,train,16,0,0,100
11915,train,1,0,0,"5,25,50,100"
11916,train,9,0,0,"50,100"
11917,train,9,0,0,"50,100"
11921,train,7,0,0,"25,50,100"
11922,train,7,0,0,"25,100"
11923,train,9,0,0,100
11924,train,9,0,0,"5,100"
11925,train,5,0,0,"1,50,100"
11926,train,1,0,0,"50,100"
11927,train,4,0,0,100
11930,train,5,0,0,100
11931,train,22,0,0,"50,100"
11932,train,1,0,0,100
11933,train,15,0,0,"50,100"
11934,train,10,0,0,"25,50,100"
11935,train,7,0,0,100
11936,train,16,0,0,"50,100"
11937,train,35,0,0,"25,100"
11938,train,23,0,0,100
11939,train,11,0,0,"50,100"
11940,train,20,0,0,"50,100"
11941,train,19,0,0,100
11942,train,16,0,0,100
11943,train,38,0,0,"50,100"
11944,train,39,0,0,"50,100"
11945,train,40,0,0,"50,100"
11946,train,39,0,0,"25,100"
11948,train,36,0,0,"50,100"
11949,train,33,0,0,"25,50,100"
11950,train,4,0,0,100
11951,train,44,0,0,"50,100"
11952,train,44,0,0,"50,100"
11953,train,46,0,0,"25,100"
11954,train,36,0,0,100
11955,train,44,0,0,"25,50,100"
11956,train,46,0,0,"50,100"
11957,train,23,0,0,"25,50,100"
11958,train,31,0,0,"50,100"
11993,train,29,0,0,"50,100"
11996,train,47,0,0,100
11998,train,29,0,0,"50,100"
12001,train,28,0,0,"50,100"
12003,train,29,0,0,"50,100"
12004,train,25,0,0,"50,100"
12006,train,24,0,0,"25,50,100"
12007,train,22,0,0,"5,50,100"
12008,train,8,0,0,"50,100"
12009,train,5,0,0,"50,100"
12010,train,29,0,0,100
12012,train,27,0,0,100
12013,train,20,0,0,"25,50,100"
12014,train,5,0,0,"50,100"
12016,train,37,0,0,"50,100"
12017,train,27,0,0,"50,100"
12018,train,16,0,0,"50,100"
12022,train,26,0,0,"25,100"
12023,train,42,0,0,100
12024,train,37,0,0,"25,50,100"
12025,train,27,0,0,"5,50,100"
12027,train,23,0,0,100
12028,train,33,0,0,"50,100"
12029,train,36,0,0,"50,100"
12030,train,40,0,0,"25,50,100"
12031,train,46,0,0,100
12032,train,32,0,0,100
12033,train,40,0,0,100
12034,train,47,0,0,100
12035,train,21,0,0,100
12036,train,33,0,0,"50,100"
12037,train,33,0,0,"25,50,100"
12038,train,21,0,0,"50,100"
12039,train,31,0,0,"50,100"
12046,train,19,0,0,"1,100"
12055,train,3,0,0,100
12056,train,4,0,0,"50,100"
12058,train,13,0,0,"50,100"
12080,train,7,0,0,"50,100"
12083,train,8,0,0,100
12085,train,8,0,0,100
12088,train,13,0,0,100
12089,train,14,0,0,"5,100"
12090,train,13,0,0,"50,100"
12092,train,25,0,0,"50,100"
12093,train,20,0,0,"50,100"
12094,train,11,0,0,"50,100"
12097,train,37,0,0,"50,100"
12098,train,41,0,0,"50,100"
12100,train,41,0,0,100
12101,train,48,0,0,"50,100"
12102,train,44,0,0,"50,100"
12106,train,45,0,0,"5,50,100"
12107,train,43,0,0,"50,100"
12108,train,52,0,0,"50,100"
12109,train,36,0,0,"25,50,100"
12110,train,30,0,0,100
12111,train,46,0,0,"5,100"
12112,train,30,0,0,100
12113,train,44,0,0,100
12114,train,31,0,0,"25,100"
12115,train,33,0,0,"25,100"
12116,train,31,0,0,"50,100"
12117,train,32,0,0,"50,100"
12118,train,47,0,0,"25,50,100"
12120,train,20,0,0,"5,25,50,100"
12130,train,24,0,0,"25,50,100"
12139,train,41,0,0,"25,100"
12140,train,48,0,0,"25,50,100"
12141,train,46,0,0,"50,100"
12142,train,42,0,0,100
12143,train,45,0,0,"25,50,100"
12144,train,46,0,0,"25,100"
12145,train,46,0,0,"25,50,100"
12146,train,20,0,0,100
12147,train,26,0,0,100
12148,train,42,0,0,100
12150,train,26,0,0,"50,100"
12151,train,27,0,0,"25,50,100"
12152,train,48,0,0,"25,100"
12153,train,5,0,0,"25,50,100"
12154,train,16,0,0,"50,100"
12158,train,39,0,0,"50,100"
12161,train,14,0,0,"50,100"
12162,train,25,0,0,100
12163,train,13,0,0,"50,100"
12164,train,33,0,0,100
12165,train,12,0,0,100
12166,train,30,0,0,100
12167,train,12,0,0,100
12168,train,12,0,0,"50,100"
12169,train,10,0,0,100
12170,train,28,0,0,100
12171,train,8,0,0,100
12172,train,7,0,0,100
12173,train,8,0,0,"50,100"
12174,train,7,0,0,"50,100"
12175,train,19,0,0,"25,100"
12177,train,28,0,0,"50,100"
12178,train,23,0,0,100
12179,train,10,0,0,"50,100"
12180,train,28,0,0,100
12181,train,27,0,0,"50,100"
12182,train,4,0,0,"25,100"
12183,train,18,0,0,"25,50,100"
12184,train,3,0,0,"50,100"
12185,train,19,0,0,"5,100"
12189,train,47,0,0,"50,100"
12190,train,50,0,0,"50,100"
12191,train,49,0,0,"50,100"
12192,train,47,0,0,"25,50,100"
12194,train,48,0,0,"50,100"
12195,train,56,0,0,100
12196,train,41,0,0,"50,100"
12198,train,39,0,0,"25,50,100"
12200,train,41,0,0,"25,100"
12201,train,43,0,0,"25,100"
12202,train,26,0,0,100
12203,train,36,0,0,100
12204,train,35,0,0,"25,100"
12208,train,25,0,0,"25,50,100"
12209,train,30,0,0,100
12210,train,18,0,0,"50,100"
12214,train,54,0,0,"50,100"
12215,train,54,0,0,"25,100"
12216,train,52,0,0,"25,50,100"
12218,train,39,0,0,100
12219,train,45,0,0,"50,100"
12220,train,57,0,0,"50,100"
12221,train,50,0,0,"50,100"
12223,train,32,0,0,"50,100"
12224,train,48,0,0,100
12228,train,1,0,0,"25,100"
12229,train,44,0,0,100
12230,train,14,0,0,"50,100"
12231,train,1,0,0,"5,100"
12232,train,37,0,0,100
12233,train,1,0,0,"50,100"
12234,train,54,0,0,100
12236,train,51,0,0,"50,100"
12237,train,40,0,0,100
12241,train,44,0,0,"50,100"
12242,train,40,0,0,100
12243,train,26,0,0,100
12245,train,28,0,0,"50,100"
12246,train,23,0,0,"50,100"
12247,train,32,0,0,"50,100"
12248,train,29,0,0,"25,50,100"
12250,train,33,0,0,"50,100"
12252,train,29,0,0,100
12253,train,31,0,0,"50,100"
12254,train,33,0,0,100
12255,train,40,0,0,100
12256,train,37,0,0,"25,50,100"
12257,train,35,0,0,"25,100"
12258,train,35,0,0,"50,100"
12259,train,14,0,0,"25,100"
12260,train,35,0,0,100
12261,train,35,0,0,"50,100"
12262,train,30,0,0,"25,50,100"
12263,train,22,0,0,"25,100"
12264,train,23,0,0,"50,100"
12266,train,33,0,0,"25,50,100"
12267,train,33,0,0,"5,50,100"
12268,train,35,0,0,100
12269,train,36,0,0,100
12270,train,27,0,0,100
12272,train,38,0,0,"50,100"
12275,train,15,0,0,"50,100"
12278,train,23,0,0,"25,50,100"
12280,train,2,0,0,"5,25,50,100"
12287,train,10,0,0,"25,100"
12288,train,1,0,0,100
12289,train,4,0,0,100
12294,train,3,0,0,"50,100"
12299,train,22,0,0,100
12300,train,38,0,0,"25,100"
12301,train,38,0,0,100
12302,train,38,0,0,"25,100"
12303,train,31,0,0,100
12304,train,24,0,0,100
12305,train,4,0,0,100
12306,train,41,0,0,100
12309,train,4,0,0,"25,50,100"
12313,train,36,0,0,"50,100"
12314,train,39,0,0,100
12315,train,34,0,0,100
12320,train,31,0,0,"25,100"
12321,train,18,0,0,"50,100"
12323,train,20,0,0,"50,100"
12326,train,30,0,0,100
12327,train,40,0,0,"50,100"
12328,train,36,0,0,100
12354,train,33,1,0.0303030303,100
12355,train,45,0,0,100
12356,train,36,0,0,"50,100"
12357,train,15,0,0,"50,100"
12358,train,21,0,0,"25,100"
12359,train,33,0,0,"50,100"
12360,train,36,0,0,"50,100"
12361,train,39,0,0,"5,50,100"
12362,train,33,0,0,100
12363,train,29,0,0,"25,100"
12364,train,21,0,0,100
12365,train,26,0,0,"50,100"
12366,train,21,0,0,100
12368,train,3,0,0,"25,50,100"
12369,train,29,0,0,100
12370,train,37,0,0,100
12371,train,41,0,0,"1,50,100"
12372,train,40,0,0,"25,100"
12373,train,35,0,0,100
12376,train,47,0,0,100
12378,train,41,0,0,"50,100"
12379,train,43,0,0,"50,100"
12382,train,30,0,0,"50,100"
12397,train,41,0,0,"50,100"
12399,train,46,0,0,100
12404,train,22,0,0,"50,100"
12406,train,27,0,0,100
12407,train,8,0,0,100
12408,train,19,0,0,"25,50,100"
12409,train,13,0,0,"5,25,50,100"
12410,train,40,0,0,"25,50,100"
12411,train,10,0,0,100
12412,train,3,0,0,"25,100"
12413,train,6,0,0,100
12414,train,15,0,0,"50,100"
12415,train,15,0,0,"25,50,100"
12416,train,12,0,0,"50,100"
12422,train,11,0,0,100
12426,train,48,0,0,100
12427,train,30,0,0,"25,50,100"
12428,train,8,0,0,100
12429,train,28,0,0,"25,50,100"
12430,train,46,0,0,"25,50,100"
12431,train,27,0,0,"50,100"
12432,train,32,0,0,"50,100"
12433,train,40,0,0,"50,100"
12434,train,36,0,0,"25,50,100"
12435,train,34,0,0,100
12436,train,19,0,0,"50,100"
12437,train,50,0,0,"50,100"
12438,train,31,0,0,"25,50,100"
12439,train,9,0,0,100
12440,train,47,0,0,"25,50,100"
12441,train,36,0,0,"25,50,100"
12442,train,32,0,0,100
12444,train,34,0,0,"25,100"
12445,train,40,0,0,100
12446,train,25,0,0,"50,100"
12447,train,41,0,0,"5,100"
12448,train,35,0,0,"50,100"
12449,train,33,0,0,100
12450,train,36,0,0,"25,100"
12451,train,39,0,0,"5,50,100"
12455,train,38,0,0,"50,100"
12456,train,7,0,0,"50,100"
12457,train,6,0,0,"25,100"
12458,train,22,0,0,100
12460,train,17,0,0,"5,100"
12461,train,19,0,0,"25,50,100"
12462,train,18,0,0,"50,100"
12463,train,18,0,0,"5,25,50,100"
12465,train,4,0,0,"25,100"
12466,train,17,0,0,100
12467,train,6,0,0,100
12468,train,15,0,0,100
12469,train,13,0,0,"25,50,100"
12470,train,17,0,0,"25,50,100"
12471,train,13,0,0,"5,25,100"
12472,train,27,0,0,"25,50,100"
12473,train,19,0,0,"50,100"
12474,train,28,0,0,100
12475,train,53,0,0,"50,100"
12476,train,27,0,0,"50,100"
12477,train,28,0,0,"50,100"
12493,train,48,0,0,100
12494,train,33,0,0,"50,100"
12495,train,28,0,0,100
12497,train,40,0,0,100
12498,train,5,0,0,"50,100"
12499,train,38,0,0,"50,100"
12500,train,49,0,0,"50,100"
12501,train,34,0,0,"25,100"
12503,train,19,0,0,"50,100"
12505,train,49,0,0,"50,100"
12506,train,49,0,0,100
12509,train,4,0,0,"50,100"
12511,train,12,0,0,100
12512,train,14,0,0,"25,50,100"
12513,train,16,0,0,"50,100"
12514,train,11,0,0,"50,100"
12515,train,29,0,0,100
12517,train,30,0,0,"25,100"
12518,train,30,0,0,"25,100"
12519,train,30,0,0,100
12522,train,47,0,0,"50,100"
12523,train,44,0,0,"25,50,100"
12524,train,19,0,0,"25,100"
12527,train,38,0,0,"50,100"
12528,train,27,0,0,"50,100"
12530,train,29,0,0,"25,100"
12532,train,21,0,0,100
12533,train,27,0,0,"25,100"
12534,train,25,0,0,"50,100"
12535,train,15,0,0,"25,50,100"
12536,train,35,0,0,100
12537,train,39,0,0,100
12538,train,26,0,0,100
12539,train,32,0,0,"25,50,100"
12540,train,31,0,0,"25,50,100"
12541,train,33,0,0,"50,100"
12542,train,38,0,0,100
12543,train,43,0,0,100
12544,train,40,0,0,100
12545,train,35,0,0,"25,50,100"
12546,train,39,0,0,"50,100"
12547,train,40,0,0,100
12548,train,29,0,0,"25,100"
12549,train,37,0,0,100
12550,train,34,0,0,100
12551,train,31,0,0,100
12552,train,15,0,0,100
12554,train,25,0,0,100
12555,train,40,0,0,"25,100"
12556,train,15,0,0,"50,100"
12557,train,36,0,0,"50,100"
12560,train,39,0,0,100
12561,train,39,0,0,"50,100"
12563,train,26,0,0,100
12602,train,50,0,0,"25,100"
12603,train,9,0,0,100
12604,train,16,0,0,100
12605,train,16,0,0,"50,100"
12607,train,15,0,0,"50,100"
12608,train,15,0,0,"50,100"
12613,train,12,0,0,100
12614,train,2,0,0,100
12616,train,7,0,0,100
12617,train,11,0,0,"50,100"
12619,train,20,0,0,"50,100"
12620,train,18,0,0,"50,100"
12621,train,11,0,0,"50,100"
12622,train,14,0,0,"50,100"
12623,train,6,0,0,"25,50,100"
12624,train,16,0,0,"1,100"
12625,train,19,0,0,"25,100"
12626,train,18,0,0,"50,100"
12627,train,14,0,0,"25,100"
12628,train,11,0,0,"25,50,100"
12629,train,9,0,0,100
12631,train,18,0,0,"25,50,100"
12656,train,5,0,0,"25,100"
12660,train,1,0,0,"50,100"
12665,train,51,0,0,100
12671,train,20,0,0,100
12678,train,11,0,0,"50,100"
12680,train,53,0,0,100
12681,train,31,0,0,"25,50,100"
12682,train,4,0,0,"1,50,100"
12683,train,7,0,0,"5,25,50,100"
12684,train,12,0,0,"25,100"
12685,train,11,0,0,"25,100"
12686,train,14,0,0,"25,50,100"
12687,train,5,0,0,100
12688,train,3,0,0,"25,100"
12689,train,2,0,0,100
12690,train,5,0,0,"1,50,100"
12691,train,10,0,0,"50,100"
12694,train,51,0,0,"25,50,100"
12695,train,4,0,0,"50,100"
12696,train,17,0,0,100
12697,train,1,0,0,100
12698,train,4,0,0,100
12699,train,3,0,0,"5,100"
12700,train,2,0,0,"50,100"
12701,train,18,0,0,"25,100"
12702,train,2,0,0,100
12704,train,8,0,0,"50,100"
12705,train,12,0,0,100
12706,train,6,0,0,"50,100"
12707,train,9,0,0,"50,100"
12711,train,50,0,0,"50,100"
12712,train,18,0,0,100
12724,train,1,0,0,100
12739,train,9,0,0,100
12742,train,52,0,0,100
12743,train,25,0,0,"50,100"
12744,train,9,0,0,"25,50,100"
12745,train,10,0,0,100
12746,train,49,0,0,"25,50,100"
12747,train,13,0,0,"50,100"
12750,train,6,0,0,"25,100"
12751,train,13,0,0,"25,100"
12752,train,13,0,0,"5,100"
12753,train,21,0,0,"25,50,100"
12755,train,15,0,0,100
12756,train,49,0,0,"50,100"
12757,train,38,0,0,"50,100"
12758,train,37,0,0,"25,50,100"
12759,train,43,0,0,100
12762,train,29,0,0,100
12763,train,27,0,0,"25,50,100"
12764,train,24,0,0,"50,100"
12765,train,16,0,0,100
12766,train,14,0,0,"50,100"
12774,train,3,0,0,100
12776,train,37,0,0,100
12777,train,30,0,0,"50,100"
12778,train,15,0,0,100
12779,train,19,0,0,"25,100"
12780,train,17,0,0,"50,100"
12781,train,15,0,0,"50,100"
12782,train,20,0,0,100
12783,train,19,0,0,"50,100"
12784,train,24,0,0,100
12785,train,26,0,0,"25,50,100"
12786,train,22,0,0,"50,100"
12787,train,29,0,0,100
12788,train,30,0,0,100
12789,train,32,0,0,"50,100"
12790,train,26,0,0,100
12791,train,3,0,0,"50,100"
12792,train,40,0,0,"25,50,100"
12793,train,27,0,0,100
12794,train,37,0,0,100
12795,train,43,0,0,"50,100"
12797,train,30,0,0,100
12798,train,47,0,0,"50,100"
12799,train,24,0,0,100
12803,train,52,0,0,"50,100"
12804,train,43,0,0,"50,100"
12805,train,42,0,0,"25,100"
12806,train,35,0,0,100
12807,train,1,0,0,100
12808,train,14,0,0,"25,100"
12809,train,35,0,0,100
12811,train,8,0,0,100
12812,train,23,0,0,100
12814,train,25,0,0,100
12817,train,19,0,0,"25,50,100"
12820,train,10,0,0,"25,100"
12821,train,14,0,0,"25,50,100"
12822,train,24,0,0,"25,50,100"
12823,train,33,0,0,"50,100"
12824,train,4,0,0,100
12825,train,24,0,0,"50,100"
12826,train,17,0,0,"25,50,100"
12827,train,8,0,0,"50,100"
12828,train,1,0,0,100
12829,train,2,0,0,100
12830,train,2,0,0,100
12832,train,2,0,0,"25,50,100"
12835,train,48,0,0,100
12836,train,4,0,0,"25,50,100"
12837,train,23,0,0,"25,50,100"
12838,train,8,0,0,100
12839,train,12,0,0,"25,50,100"
12840,train,20,0,0,100
12841,train,19,0,0,"50,100"
12842,train,27,0,0,"25,50,100"
12843,train,33,0,0,100
12844,train,39,0,0,100
12845,train,46,0,0,100
12846,train,29,0,0,100
12853,train,12,0,0,"50,100"
12857,train,54,0,0,"50,100"
12858,train,31,0,0,100
12859,train,29,0,0,100
12860,train,43,0,0,"25,100"
12861,train,42,0,0,100
12863,train,38,0,0,"5,100"
12864,train,36,0,0,100
12866,train,33,0,0,"50,100"
12867,train,36,0,0,100
12868,train,35,0,0,100
12869,train,34,0,0,"25,100"
12870,train,33,0,0,"25,50,100"
12871,train,41,0,0,"5,100"
12872,train,39,0,0,"25,50,100"
12873,train,41,0,0,"50,100"
12874,train,46,0,0,100
12875,train,47,0,0,"50,100"
12876,train,41,0,0,100
12877,train,39,0,0,100
12878,train,42,0,0,100
12879,train,44,0,0,100
12881,train,48,0,0,"50,100"
12882,train,46,0,0,100
12883,train,45,0,0,"50,100"
12884,train,42,0,0,100
12885,train,47,0,0,"25,50,100"
12886,train,39,1,0.0256410256,"50,100"
12887,train,33,0,0,"50,100"
12890,train,48,0,0,"50,100"
12899,train,19,0,0,100
12900,train,25,0,0,"50,100"
12901,train,1,0,0,"50,100"
12902,train,6,0,0,"1,50,100"
12903,train,26,0,0,100
12904,train,18,0,0,"50,100"
12905,train,49,0,0,"50,100"
12906,train,45,0,0,100
12910,train,48,0,0,100
12911,train,46,0,0,"50,100"
12912,train,31,0,0,"50,100"
12913,train,16,0,0,"50,100"
12914,train,17,0,0,100
12915,train,28,0,0,100
12916,train,6,0,0,"25,100"
12917,train,7,0,0,"50,100"
12918,train,7,0,0,100
12919,train,14,0,0,100
12920,train,41,0,0,"50,100"
12921,train,26,0,0,"25,100"
12922,train,18,0,0,100
12923,train,20,0,0,"50,100"
12924,train,16,0,0,"50,100"
12925,train,37,0,0,"5,25,50,100"
12926,train,34,0,0,"50,100"
12927,train,35,0,0,"25,100"
12929,train,18,0,0,"25,100"
12930,train,10,0,0,100
12931,train,18,0,0,"50,100"
12932,train,12,0,0,100
12936,train,52,0,0,"50,100"
12944,train,1,0,0,"50,100"
12945,train,1,0,0,"5,50,100"
12947,train,4,0,0,100
12948,train,3,0,0,"25,100"
12951,train,2,0,0,100
12955,train,15,0,0,100
12956,train,24,0,0,"5,25,100"
12957,train,17,0,0,100
12958,train,19,0,0,100
12959,train,15,0,0,100
12960,train,40,0,0,100
12961,train,41,0,0,100
12962,train,14,0,0,100
12963,train,22,0,0,"50,100"
12964,train,42,0,0,"25,50,100"
12965,train,23,0,0,"25,100"
12966,train,16,0,0,"25,50,100"
12967,train,26,0,0,100
12968,train,27,0,0,100
12971,train,55,0,0,"25,100"
12972,train,51,0,0,"25,50,100"
12973,train,24,0,0,"25,100"
12974,train,26,0,0,100
12975,train,16,0,0,"50,100"
12976,train,12,0,0,"25,50,100"
12977,train,1,0,0,"50,100"
12978,train,2,0,0,100
12980,train,5,0,0,"25,100"
12981,train,1,0,0,"25,100"
12982,train,15,0,0,"50,100"
12983,train,11,0,0,"25,50,100"
12984,train,2,0,0,100
12985,train,12,0,0,"50,100"
12986,train,9,0,0,100
12987,train,8,0,0,"25,50,100"
12988,train,14,0,0,100
12989,train,39,0,0,"50,100"
12990,train,42,0,0,"50,100"
12991,train,32,0,0,"50,100"
12995,train,31,0,0,"50,100"
12996,train,21,0,0,"25,100"
12998,train,26,0,0,"50,100"
12999,train,23,0,0,"50,100"
13001,train,44,0,0,"50,100"
13002,train,25,0,0,100
13003,train,36,0,0,100
13004,train,33,0,0,100
13007,train,53,0,0,"5,100"
13008,train,33,0,0,"50,100"
13009,train,10,0,0,100
13010,train,5,0,0,"25,100"
13011,train,33,0,0,"25,100"
13012,train,28,0,0,100
13015,train,42,0,0,"50,100"
13016,train,46,0,0,100
13017,train,33,0,0,100
13018,train,37,0,0,100
13019,train,35,0,0,"50,100"
13020,train,18,0,0,"25,100"
13021,train,21,0,0,100
13022,train,37,0,0,100
13023,train,29,0,0,100
13024,train,42,0,0,"25,100"
13026,train,44,0,0,"25,100"
13028,train,48,0,0,"50,100"
13029,train,49,0,0,100
13030,train,43,0,0,"50,100"
13031,train,43,0,0,100
13032,train,45,0,0,"25,50,100"
13033,train,48,0,0,100
13034,train,44,0,0,"5,50,100"
13035,train,45,0,0,"50,100"
13038,train,49,0,0,"50,100"
13039,train,23,2,0.0869565217,100
13043,train,5,0,0,"5,100"
13044,train,11,0,0,100
13046,train,2,0,0,"50,100"
13053,train,20,0,0,100
13059,train,6,0,0,"50,100"
13061,train,6,0,0,"25,50,100"
13062,train,16,0,0,100
13063,train,2,0,0,"5,50,100"
13066,train,4,0,0,"50,100"
13071,train,2,0,0,"50,100"
13080,train,2,0,0,100
13081,train,2,0,0,100
13084,train,23,0,0,100
13085,train,31,0,0,"50,100"
13086,train,13,0,0,100
13089,train,17,0,0,"50,100"
13090,train,18,0,0,"25,50,100"
13092,train,16,0,0,"25,50,100"
13093,train,23,0,0,"25,50,100"
13094,train,25,0,0,"50,100"
13095,train,21,0,0,100
13097,train,19,0,0,100
13101,train,34,0,0,100
13102,train,6,0,0,100
13103,train,7,0,0,"25,100"
13104,train,6,0,0,"50,100"
13109,train,9,0,0,"50,100"
13111,train,11,0,0,100
13112,train,9,0,0,100
13113,train,13,0,0,"25,50,100"
13114,train,2,0,0,"25,50,100"
13115,train,5,0,0,"5,100"
13116,train,8,0,0,100
13117,train,1,0,0,"25,100"
13119,train,6,0,0,"50,100"
13122,train,9,0,0,"25,100"
13125,train,9,0,0,"50,100"
13127,train,12,0,0,"25,100"
13135,train,50,0,0,"50,100"
13137,train,39,0,0,100
13139,train,26,0,0,100
13140,train,16,0,0,"50,100"
13223,train,5,0,0,"50,100"
13224,train,47,0,0,"50,100"
13225,train,40,0,0,"50,100"
13226,train,32,0,0,100
13227,train,26,0,0,"25,50,100"
13228,train,27,0,0,"5,100"
13229,train,35,0,0,"50,100"
13230,train,11,0,0,100
13231,train,13,0,0,"25,100"
13233,train,5,0,0,"50,100"
13234,train,3,0,0,"50,100"
13235,train,8,0,0,"25,50,100"
13237,train,33,0,0,"50,100"
13238,train,17,0,0,"25,50,100"
13252,train,50,0,0,"25,100"
13254,train,39,0,0,"25,50,100"
13265,train,20,0,0,100
13266,train,6,0,0,"50,100"
13268,train,16,0,0,"50,100"
13269,train,17,0,0,100
13274,train,16,0,0,"25,50,100"
13275,train,20,0,0,100
13276,train,24,0,0,"50,100"
13277,train,36,0,0,100
13278,train,24,0,0,"25,50,100"
13279,train,30,0,0,"25,50,100"
13280,train,17,0,0,"50,100"
13281,train,22,0,0,100
13282,train,15,0,0,100
13283,train,28,0,0,"25,100"
13285,train,32,0,0,"50,100"
13286,train,35,0,0,100
13287,train,33,0,0,"50,100"
13288,train,39,0,0,"25,100"
13289,train,22,0,0,100
13290,train,19,0,0,100
13291,train,22,0,0,"25,100"
13292,train,32,0,0,100
13293,train,40,0,0,"50,100"
13294,train,23,0,0,100
13295,train,36,0,0,"5,50,100"
13298,train,26,0,0,100
13299,train,22,0,0,100
13300,train,24,0,0,100
13301,train,23,0,0,"25,100"
13315,train,23,0,0,100
13316,train,6,0,0,100
13318,train,3,0,0,100
13319,train,4,0,0,100
13320,train,7,0,0,100
13322,train,8,0,0,"50,100"
13323,train,3,0,0,100
13326,train,7,0,0,"25,100"
13327,train,5,0,0,100
13328,train,2,0,0,100
13329,train,1,0,0,"25,50,100"
13333,train,3,0,0,"25,50,100"
13334,train,1,0,0,"5,100"
13335,train,1,0,0,"50,100"
13336,train,1,0,0,"50,100"
13337,train,1,0,0,"50,100"
13339,train,1,0,0,"50,100"
13340,train,1,0,0,"50,100"
13342,train,5,0,0,100
13346,train,1,0,0,"25,100"
13347,train,4,0,0,100
13354,train,33,0,0,"50,100"
13355,train,22,0,0,100
13356,train,35,0,0,100
13357,train,41,0,0,100
13358,train,51,0,0,100
13359,train,45,0,0,"25,100"
13360,train,37,0,0,100
14540,train,53,0,0,100
14542,train,50,0,0,"50,100"
14544,train,49,0,0,"25,50,100"
14555,train,4,0,0,"25,50,100"
14557,train,8,0,0,"50,100"
14558,train,9,0,0,"25,50,100"
14559,train,22,0,0,"25,100"
14560,train,43,0,0,"50,100"
14566,train,54,0,0,"50,100"
14567,train,16,0,0,"25,50,100"
14568,train,38,0,0,"5,25,100"
14569,train,29,0,0,100
14570,train,15,0,0,"50,100"
14571,train,16,0,0,100
14573,train,37,0,0,"50,100"
14574,train,30,0,0,"50,100"
14576,train,41,0,0,"25,50,100"
14577,train,31,0,0,"25,100"
14578,train,42,0,0,"50,100"
14580,train,41,0,0,"50,100"
14581,train,44,0,0,"50,100"
14582,train,42,0,0,100
14583,train,21,0,0,"50,100"
14584,train,24,0,0,"50,100"
14585,train,19,0,0,100
14586,train,9,0,0,"25,100"
14587,train,17,0,0,"50,100"
14589,train,3,0,0,"25,100"
14590,train,14,0,0,100
14591,train,18,0,0,"50,100"
14592,train,4,0,0,"50,100"
14594,train,17,0,0,100
14597,train,54,0,0,"50,100"
14600,train,1,0,0,"50,100"
14602,train,21,0,0,"50,100"
14605,train,5,0,0,"50,100"
14607,train,2,0,0,100
14608,train,17,0,0,"50,100"
14611,train,15,0,0,"25,50,100"
14614,train,24,0,0,100
14615,train,10,0,0,"50,100"
14616,train,22,0,0,"25,100"
14618,train,3,0,0,100
14619,train,40,0,0,"50,100"
14620,train,36,0,0,"50,100"
14621,train,20,0,0,100
14622,train,40,0,0,"25,50,100"
14623,train,7,0,0,"25,100"
14624,train,41,0,0,"5,100"
14625,train,46,0,0,"25,50,100"
14626,train,15,0,0,"50,100"
14627,train,39,0,0,100
14628,train,18,0,0,"50,100"
14629,train,23,0,0,100
14630,train,36,0,0,"50,100"
14631,train,16,0,0,"50,100"
14636,train,51,0,0,"50,100"
14648,train,43,0,0,"50,100"
14649,train,48,0,0,"50,100"
14650,train,46,0,0,100
14652,train,50,0,0,"50,100"
14653,train,53,0,0,"50,100"
14655,train,27,0,0,"50,100"
14656,train,31,0,0,100
14657,train,46,0,0,"25,100"
14658,train,44,0,0,"50,100"
14659,train,27,0,0,"25,50,100"
14791,train,36,0,0,"50,100"
14792,train,37,0,0,100
14795,train,37,0,0,"50,100"
14797,train,50,0,0,"50,100"
14798,train,51,0,0,"50,100"
14800,train,52,0,0,100
14801,train,51,0,0,100
14802,train,50,0,0,"50,100"
14803,train,53,0,0,100
14804,train,51,0,0,100
14805,train,51,0,0,"50,100"
14806,train,48,0,0,"50,100"
14807,train,53,0,0,"50,100"
14808,train,51,0,0,"50,100"
14809,train,50,0,0,"50,100"
14810,train,53,0,0,"25,50,100"
14811,train,53,0,0,"50,100"
14815,train,51,0,0,100
14816,train,51,0,0,100
14817,train,51,0,0,100
14818,train,52,0,0,"25,50,100"
14819,train,53,0,0,"50,100"
14820,train,51,0,0,"50,100"
14822,train,50,0,0,100
14823,train,50,0,0,100
14824,train,51,0,0,"50,100"
14825,train,49,0,0,100
14827,train,49,0,0,"25,100"
14828,train,50,0,0,"5,100"
14830,train,52,0,0,"50,100"
14831,train,49,0,0,100
14832,train,50,0,0,"50,100"
14834,train,23,0,0,"25,50,100"
14835,train,52,0,0,"50,100"
14837,train,52,0,0,100
14885,train,51,0,0,100
14886,train,1,0,0,"25,50,100"
14889,train,48,0,0,"25,100"
14890,train,35,0,0,100
14891,train,43,0,0,"25,100"
14892,train,35,0,0,"50,100"
14893,train,39,0,0,"50,100"
14894,train,49,0,0,"50,100"
14895,train,45,0,0,"50,100"
14896,train,11,0,0,"50,100"
14898,train,41,0,0,"50,100"
14900,train,43,0,0,"50,100"
14901,train,43,0,0,100
14902,train,42,0,0,"50,100"
14904,train,4,0,0,"50,100"
14909,train,51,0,0,"5,100"
14911,train,25,0,0,"50,100"
14912,train,18,0,0,"50,100"
14913,train,12,0,0,"50,100"
14914,train,14,0,0,"50,100"
14947,train,52,0,0,"5,50,100"
14949,train,9,0,0,"50,100"
14950,train,15,0,0,"25,50,100"
14951,train,32,0,0,100
14952,train,33,0,0,"25,50,100"
14953,train,31,0,0,100
14954,train,33,0,0,"50,100"
14955,train,40,0,0,"5,100"
14957,train,45,0,0,100
14959,train,40,0,0,100
14962,train,36,0,0,"25,50,100"
14965,train,50,0,0,"25,100"
14969,train,14,0,0,100
14973,train,13,0,0,100
14974,train,9,0,0,100
14976,train,12,0,0,"50,100"
14977,train,12,0,0,100
14978,train,45,0,0,100
14979,train,40,0,0,"25,100"
14981,train,37,0,0,"1,5,50,100"
14982,train,30,0,0,100
14983,train,37,0,0,100
14986,train,54,0,0,"50,100"
14988,train,53,0,0,"50,100"
14989,train,55,0,0,100
14990,train,54,0,0,"25,100"
14993,train,39,0,0,"25,50,100"
14995,train,18,0,0,"25,50,100"
14997,train,34,0,0,100
14998,train,44,0,0,"50,100"
14999,train,32,0,0,"50,100"
15000,train,18,0,0,"50,100"
15001,train,11,0,0,100
15003,train,18,0,0,"50,100"
15004,train,18,0,0,"50,100"
15005,train,6,0,0,"25,50,100"
15006,train,6,0,0,"25,100"
15007,train,41,0,0,"50,100"
15008,train,24,0,0,100
15009,train,6,0,0,"50,100"
15010,train,23,0,0,"5,50,100"
15011,train,57,0,0,"50,100"
15012,train,33,0,0,"50,100"
15015,train,53,0,0,100
15016,train,36,0,0,"50,100"
15017,train,23,0,0,"25,50,100"
15018,train,19,0,0,"50,100"
15019,train,38,0,0,"25,50,100"
15020,train,29,0,0,"50,100"
15021,train,43,0,0,100
15022,train,42,0,0,"50,100"
15023,train,43,0,0,"50,100"
15024,train,28,0,0,100
15034,train,2,0,0,"25,50,100"
15035,train,42,0,0,100
15036,train,42,0,0,100
15037,train,19,0,0,100
15038,train,31,0,0,100
15039,train,13,1,0.0769230769,"50,100"
15040,train,33,0,0,"25,50,100"
15041,train,29,0,0,100
15042,train,23,0,0,100
15043,train,51,0,0,"25,50,100"
15044,train,42,0,0,"50,100"
15045,train,36,0,0,100
15046,train,53,0,0,"25,100"
15048,train,50,0,0,"50,100"
15049,train,51,0,0,100
15052,train,53,0,0,"50,100"
15054,train,23,0,0,"50,100"
15055,train,24,0,0,"50,100"
15056,train,18,0,0,"25,50,100"
15057,train,14,0,0,"5,25,50,100"
15058,train,9,0,0,"50,100"
15059,train,11,0,0,"25,50,100"
15060,train,13,0,0,"50,100"
15061,train,11,0,0,"50,100"
15063,train,1,0,0,"25,100"
15064,train,10,0,0,"25,50,100"
15065,train,12,0,0,100
15067,train,26,0,0,100
15068,train,22,0,0,100
15069,train,18,0,0,"50,100"
15070,train,19,0,0,100
15071,train,21,0,0,"50,100"
15072,train,4,0,0,"50,100"
15085,train,27,0,0,"50,100"
15086,train,5,0,0,"50,100"
15087,train,4,0,0,100
15088,train,28,0,0,100
15089,train,8,0,0,"50,100"
15092,train,30,0,0,100
15093,train,28,0,0,100
15094,train,27,0,0,"50,100"
15095,train,23,0,0,100
15096,train,25,0,0,"50,100"
15097,train,22,0,0,100
15098,train,25,0,0,"50,100"
15099,train,23,0,0,"50,100"
15100,train,21,0,0,"25,100"
15104,train,36,0,0,"25,100"
15106,train,22,0,0,"50,100"
15107,train,26,0,0,100
15108,train,25,0,0,"25,100"
15109,train,4,0,0,"5,100"
15111,train,27,0,0,100
15112,train,29,0,0,"25,100"
15113,train,2,0,0,"50,100"
15114,train,29,0,0,"25,100"
15115,train,26,0,0,"50,100"
15116,train,26,0,0,"50,100"
15117,train,3,0,0,"25,100"
15118,train,26,0,0,"50,100"
15119,train,25,0,0,"5,25,100"
15120,train,26,0,0,"25,50,100"
15121,train,25,0,0,100
15122,train,25,0,0,"50,100"
15125,train,24,1,0.0416666667,"50,100"
15133,train,28,0,0,100
15135,train,54,0,0,"50,100"
15137,train,24,0,0,"25,50,100"
15139,train,37,0,0,"50,100"
15140,train,14,0,0,100
15141,train,15,0,0,"50,100"
15142,train,38,0,0,100
15143,train,19,0,0,"50,100"
15144,train,41,0,0,"25,100"
15147,train,5,0,0,100
15148,train,22,0,0,100
15149,train,24,1,0.0416666667,"25,100"
15152,train,44,0,0,"50,100"
15153,train,3,0,0,"50,100"
15154,train,27,2,0.0740740741,100
15159,train,26,1,0.0384615385,100
15160,train,4,0,0,100
15161,train,27,0,0,"50,100"
15162,train,28,0,0,100
15163,train,27,0,0,100
15165,train,25,0,0,100
15167,train,26,0,0,"25,50,100"
15169,train,26,0,0,"50,100"
15170,train,25,0,0,100
15173,train,26,0,0,100
15176,train,51,0,0,"50,100"
15178,train,23,0,0,100
15179,train,26,1,0.0384615385,100
15180,train,4,0,0,100
15181,train,26,0,0,100
15182,train,27,0,0,100
15183,train,26,0,0,"25,100"
15185,train,25,0,0,"5,25,50,100"
15186,train,26,0,0,"50,100"
15187,train,25,0,0,"50,100"
15188,train,28,0,0,100
15190,train,3,0,0,100
15192,train,26,0,0,"50,100"
15196,train,27,1,0.037037037,100
15198,train,27,1,0.037037037,100
15199,train,27,0,0,"50,100"
15202,train,53,0,0,100
15203,train,27,0,0,"25,100"
15204,train,26,0,0,"50,100"
15205,train,27,0,0,"50,100"
15206,train,26,0,0,"50,100"
15207,train,26,0,0,"50,100"
15209,train,26,0,0,"5,100"
15210,train,25,0,0,"50,100"
15211,train,27,0,0,"25,100"
15212,train,27,0,0,"50,100"
15213,train,24,0,0,100
15214,train,24,0,0,"25,100"
15215,train,3,0,0,100
15217,train,26,0,0,"5,100"
15219,train,13,0,0,"25,100"
15220,train,24,0,0,100
15221,train,23,0,0,100
15223,train,24,0,0,100
15224,train,23,0,0,"50,100"
15225,train,27,0,0,"50,100"
15226,train,7,0,0,"25,100"
15227,train,27,0,0,"50,100"
15228,train,30,0,0,"25,50,100"
15229,train,27,0,0,"50,100"
15231,train,30,0,0,"25,50,100"
15232,train,36,0,0,100
15233,train,26,0,0,"50,100"
15234,train,26,0,0,"50,100"
15235,train,26,0,0,"50,100"
15236,train,26,0,0,"25,100"
15245,train,21,0,0,"25,50,100"
15246,train,52,0,0,"25,50,100"
15247,train,41,0,0,"5,50,100"
15248,train,46,0,0,100
15250,train,46,0,0,100
15251,train,47,0,0,"50,100"
15252,train,54,0,0,100
15253,train,39,0,0,"25,50,100"
15254,train,10,0,0,100
15255,train,34,0,0,100
15257,train,32,0,0,"50,100"
15258,train,12,0,0,"50,100"
15259,train,29,0,0,"50,100"
15260,train,31,0,0,"50,100"
15261,train,24,0,0,100
15262,train,30,0,0,"50,100"
15263,train,24,0,0,100
15265,train,34,0,0,"25,100"
15266,train,35,0,0,100
15267,train,36,0,0,100
15268,train,31,0,0,"50,100"
15271,train,3,0,0,100
15272,train,24,0,0,100
15274,train,25,0,0,"25,50,100"
15275,train,25,0,0,"25,100"
15276,train,22,0,0,"50,100"
15277,train,2,0,0,"50,100"
15278,train,26,0,0,100
15279,train,26,0,0,100
15280,train,22,0,0,"25,50,100"
15281,train,2,0,0,100
15282,train,21,0,0,"50,100"
15283,train,13,0,0,"25,100"
15284,train,12,0,0,100
15285,train,16,0,0,"50,100"
15286,train,22,0,0,"50,100"
15287,train,11,0,0,"25,100"
15288,train,12,0,0,"50,100"
15289,train,12,0,0,"25,50,100"
15290,train,13,0,0,"50,100"
15291,train,14,0,0,100
15292,train,6,0,0,"50,100"
15293,train,12,0,0,100
15308,train,18,0,0,"5,25,100"
15309,train,13,0,0,"50,100"
15310,train,14,0,0,"50,100"
15311,train,6,0,0,"50,100"
15312,train,7,0,0,"1,100"
15313,train,19,0,0,"50,100"
15314,train,15,0,0,"50,100"
15315,train,25,0,0,"25,100"
15316,train,21,0,0,"50,100"
15317,train,23,0,0,100
15319,train,19,0,0,"50,100"
15320,train,12,0,0,100
15325,train,22,0,0,"50,100"
15326,train,20,0,0,"50,100"
15327,train,5,0,0,"5,100"
15328,train,19,0,0,"25,100"
15329,train,21,0,0,100
15330,train,16,0,0,"50,100"
15331,train,8,0,0,"5,50,100"
15334,train,7,0,0,"50,100"
15335,train,9,0,0,"25,100"
15336,train,33,0,0,"50,100"
15337,train,35,0,0,"50,100"
15338,train,35,0,0,100
15339,train,32,0,0,100
15340,train,29,0,0,"50,100"
15341,train,32,0,0,100
15349,train,51,0,0,"25,100"
15350,train,53,0,0,"50,100"
15353,train,22,0,0,"50,100"
15355,train,26,0,0,"1,50,100"
15356,train,18,0,0,"25,100"
15357,train,2,0,0,100
15360,train,37,0,0,"50,100"
15361,train,36,0,0,"50,100"
15362,train,36,0,0,"50,100"
15363,train,37,0,0,100
15364,train,35,0,0,"5,100"
15365,train,38,0,0,100
15366,train,36,0,0,100
15370,train,1,0,0,"50,100"
15376,train,1,0,0,"50,100"
15379,train,26,0,0,"50,100"
15380,train,33,0,0,"50,100"
15381,train,30,0,0,"50,100"
15382,train,30,0,0,"25,50,100"
15383,train,33,0,0,100
15384,train,29,0,0,"50,100"
15386,train,30,0,0,100
15441,train,48,0,0,"25,50,100"
15442,train,44,0,0,"25,100"
15444,train,29,0,0,100
15446,train,31,0,0,"25,50,100"
15448,train,5,0,0,"50,100"
15449,train,6,0,0,100
15450,train,9,0,0,"50,100"
15451,train,14,0,0,"1,100"
15452,train,15,0,0,100
15454,train,9,0,0,"1,25,50,100"
15455,train,7,0,0,"50,100"
15456,train,20,0,0,"5,100"
15457,train,7,0,0,"50,100"
15458,train,7,0,0,100
15459,train,20,0,0,100
15460,train,19,0,0,"50,100"
15461,train,17,0,0,"50,100"
15477,train,54,0,0,"50,100"
15478,train,24,0,0,"25,100"
15479,train,12,0,0,100
15480,train,30,0,0,"50,100"
15481,train,35,0,0,"50,100"
15482,train,5,0,0,100
15483,train,32,0,0,100
15484,train,25,0,0,100
15485,train,8,0,0,"50,100"
15486,train,9,0,0,100
15490,train,53,0,0,100
15491,train,40,0,0,"50,100"
15492,train,42,0,0,100
15493,train,40,0,0,"25,100"
15494,train,40,0,0,"25,100"
15495,train,36,0,0,"5,100"
15496,train,35,0,0,"50,100"
15498,train,28,0,0,"50,100"
15499,train,32,0,0,100
15500,train,34,0,0,"50,100"
15501,train,42,0,0,"25,100"
15504,train,52,0,0,100
15505,train,39,0,0,"50,100"
15506,train,30,0,0,"50,100"
15507,train,35,0,0,"25,100"
15508,train,38,0,0,"50,100"
15509,train,40,0,0,"50,100"
15510,train,35,0,0,"50,100"
15511,train,41,0,0,100
15512,train,39,0,0,"25,100"
15513,train,7,0,0,"50,100"
15514,train,36,0,0,"25,50,100"
15515,train,30,0,0,"50,100"
15517,train,30,0,0,"50,100"
15518,train,33,0,0,"25,50,100"
15519,train,47,0,0,"25,50,100"
15521,train,41,0,0,"25,50,100"
15523,train,28,0,0,"5,50,100"
15524,train,7,0,0,"50,100"
15525,train,54,0,0,"25,50,100"
15526,train,51,0,0,"5,50,100"
15527,train,28,0,0,"5,100"
15528,train,29,0,0,100
15529,train,35,0,0,"25,100"
15530,train,40,0,0,"25,50,100"
15531,train,30,0,0,100
15532,train,33,0,0,100
15536,train,50,0,0,"50,100"
15537,train,34,0,0,"50,100"
15539,train,48,0,0,100
15540,train,37,0,0,100
15541,train,39,0,0,"50,100"
15544,train,43,0,0,"50,100"
15545,train,31,0,0,"25,50,100"
15546,train,44,0,0,100
15547,train,45,0,0,"1,25,100"
15548,train,8,0,0,"50,100"
15552,train,55,0,0,"50,100"
15553,train,45,0,0,"25,100"
15554,train,56,0,0,"50,100"
15555,train,48,0,0,100
15556,train,40,0,0,"25,100"
15557,train,48,0,0,"50,100"
15558,train,39,0,0,100
15561,train,52,0,0,"25,100"
15562,train,49,0,0,100
15563,train,50,0,0,100
15564,train,51,0,0,100
15565,train,50,0,0,"5,50,100"
15566,train,48,0,0,100
15567,train,47,0,0,100
15569,train,46,0,0,"25,50,100"
15570,train,42,0,0,100
15571,train,1,0,0,100
15572,train,51,0,0,100
15573,train,47,0,0,"25,50,100"
15578,train,53,0,0,"25,100"
15579,train,49,0,0,"50,100"
15580,train,48,0,0,"50,100"
15581,train,45,0,0,100
15582,train,48,0,0,100
15583,train,44,0,0,"25,100"
15585,train,50,0,0,"50,100"
15586,train,49,0,0,"25,50,100"
15587,train,53,0,0,"5,50,100"
15588,train,45,0,0,"50,100"
15589,train,50,0,0,100
15590,train,50,0,0,"50,100"
15591,train,42,0,0,"50,100"
15592,train,37,0,0,100
15593,train,46,0,0,"50,100"
15594,train,48,0,0,"50,100"
15595,train,46,0,0,"50,100"
15596,train,44,0,0,100
15599,train,46,0,0,"50,100"
15600,train,39,0,0,100
15601,train,52,0,0,100
15602,train,40,0,0,"50,100"
15605,train,52,0,0,"25,100"
15606,train,40,0,0,"50,100"
15607,train,44,0,0,"25,100"
15608,train,49,0,0,"50,100"
15609,train,53,0,0,100
15610,train,49,0,0,"5,25,50,100"
15611,train,52,0,0,"25,50,100"
15612,train,48,0,0,"50,100"
15613,train,47,0,0,"50,100"
15614,train,49,0,0,100
15615,train,46,0,0,"25,100"
15617,train,48,0,0,"50,100"
15618,train,48,0,0,100
15619,train,51,0,0,"25,100"
15620,train,42,0,0,"25,100"
15621,train,47,0,0,100
15622,train,45,0,0,"50,100"
15625,train,54,0,0,100
15626,train,51,0,0,100
15627,train,43,0,0,"50,100"
15628,train,51,0,0,"25,50,100"
15629,train,42,0,0,"50,100"
15630,train,54,0,0,"50,100"
15632,train,41,0,0,100
15633,train,37,0,0,"50,100"
15634,train,42,0,0,"50,100"
15635,train,41,2,0.0487804878,"50,100"
15636,train,43,0,0,"50,100"
15638,train,43,2,0.0465116279,"25,100"
15640,train,41,0,0,"50,100"
15641,train,36,1,0.0277777778,100
15643,train,39,3,0.0769230769,"25,50,100"
15644,train,43,2,0.0465116279,100
15645,train,37,0,0,"50,100"
15646,train,37,0,0,"25,100"
15647,train,8,0,0,"50,100"
15648,train,10,0,0,100
15649,train,31,0,0,"25,100"
15650,train,28,0,0,"25,50,100"
15651,train,22,0,0,100
15652,train,26,2,0.0769230769,"25,100"
15653,train,23,2,0.0869565217,100
15656,train,55,0,0,"25,100"
15659,train,25,0,0,"50,100"
15660,train,21,0,0,100
15661,train,22,0,0,100
15662,train,8,0,0,100
15663,train,9,0,0,"25,50,100"
15664,train,7,0,0,"25,50,100"
15666,train,45,0,0,100
15668,train,52,0,0,100
15669,train,40,0,0,100
15670,train,44,0,0,"50,100"
15672,train,43,0,0,"25,100"
15673,train,41,0,0,100
15674,train,45,0,0,100
15675,train,44,0,0,"50,100"
15676,train,59,0,0,"25,50,100"
15677,train,39,0,0,100
15680,train,54,0,0,100
15681,train,38,0,0,"25,100"
15682,train,39,0,0,"50,100"
15683,train,35,0,0,100
15684,train,39,0,0,100
15685,train,39,0,0,100
15686,train,38,0,0,"25,50,100"
15687,train,37,0,0,100
15688,train,33,0,0,100
15689,train,37,0,0,"25,50,100"
15694,train,32,0,0,"25,50,100"
15695,train,37,0,0,100
15696,train,35,0,0,"50,100"
15697,train,28,0,0,"50,100"
15698,train,34,0,0,100
15699,train,39,0,0,100
15700,train,37,0,0,"25,100"
15701,train,29,0,0,"25,100"
15702,train,39,0,0,"50,100"
15703,train,46,0,0,"50,100"
15704,train,40,0,0,100
15705,train,30,0,0,"5,50,100"
15708,train,50,0,0,"50,100"
15722,train,40,0,0,"50,100"
15723,train,8,0,0,"1,100"
15724,train,38,0,0,"50,100"
15725,train,38,0,0,"25,100"
15726,train,34,0,0,100
15727,train,32,0,0,"50,100"
15728,train,23,0,0,"25,50,100"
15729,train,40,0,0,100
15730,train,4,0,0,"25,50,100"
15732,train,56,0,0,"25,100"
15733,train,62,0,0,"5,100"
15734,train,15,0,0,100
15735,train,24,0,0,"50,100"
15738,train,53,0,0,"25,50,100"
15748,train,37,0,0,100
15749,train,38,0,0,100
15750,train,44,0,0,"50,100"
15751,train,38,0,0,"50,100"
15752,train,36,0,0,100
15758,train,29,0,0,100
15759,train,27,0,0,100
15761,train,23,0,0,100
15762,train,33,0,0,"25,50,100"
15763,train,32,0,0,"50,100"
15764,train,32,0,0,"50,100"
15766,train,1,0,0,100
15767,train,2,0,0,100
15770,train,13,0,0,"25,100"
15771,train,7,0,0,"25,100"
15772,train,5,0,0,100
15774,train,10,0,0,"25,50,100"
15788,train,39,0,0,"25,100"
15789,train,50,0,0,"25,50,100"
15790,train,48,0,0,100
15791,train,44,0,0,"50,100"
15792,train,44,0,0,"5,25,100"
15793,train,51,0,0,"50,100"
15795,train,51,0,0,"50,100"
15796,train,18,0,0,100
15797,train,23,0,0,100
15801,train,31,0,0,"50,100"
15802,train,33,0,0,100
15803,train,28,0,0,"50,100"
15804,train,31,0,0,"50,100"
15805,train,28,0,0,100
15806,train,34,0,0,"50,100"
15807,train,36,0,0,"50,100"
15808,train,38,0,0,"5,25,50,100"
15809,train,29,0,0,"50,100"
15814,train,54,0,0,"50,100"
15815,train,44,0,0,100
15816,train,51,0,0,"5,25,100"
15817,train,55,0,0,"25,50,100"
15818,train,52,0,0,"25,50,100"
15819,train,54,0,0,"25,50,100"
15824,train,55,0,0,"50,100"
15825,train,40,0,0,"50,100"
15826,train,37,0,0,"50,100"
15827,train,45,0,0,100
15828,train,43,0,0,100
15829,train,36,0,0,100
15831,train,37,0,0,100
15832,train,30,0,0,100
15833,train,33,0,0,"25,100"
15834,train,31,0,0,"50,100"
15835,train,40,0,0,100
15836,train,43,0,0,"25,50,100"
15837,train,41,0,0,100
15838,train,22,0,0,100
15839,train,28,0,0,"25,100"
15840,train,47,0,0,"50,100"
15843,train,54,0,0,"50,100"
15845,train,25,0,0,"25,50,100"
15846,train,33,0,0,"50,100"
15847,train,33,0,0,"50,100"
15848,train,39,0,0,"50,100"
15850,train,18,0,0,"50,100"
15851,train,35,0,0,100
15852,train,42,0,0,"50,100"
15853,train,41,0,0,"50,100"
15854,train,40,0,0,100
15855,train,39,0,0,100
15856,train,45,0,0,"50,100"
15858,train,33,0,0,"50,100"
15859,train,26,0,0,"50,100"
15860,train,32,0,0,"50,100"
15861,train,50,0,0,"50,100"
15866,train,54,0,0,"25,100"
15867,train,52,0,0,100
15868,train,40,0,0,"25,50,100"
15869,train,40,0,0,"50,100"
15870,train,42,0,0,100
15871,train,51,0,0,"50,100"
15872,train,52,0,0,"50,100"
15873,train,42,0,0,"50,100"
15874,train,50,0,0,100
15877,train,50,0,0,"25,100"
15883,train,34,0,0,"25,50,100"
15884,train,35,0,0,"5,100"
15885,train,34,0,0,"25,50,100"
15886,train,33,0,0,100
15889,train,47,0,0,100
15890,train,11,1,0.0909090909,"50,100"
15892,train,8,0,0,"25,50,100"
15893,train,17,0,0,"25,100"
15895,train,31,0,0,"50,100"
15896,train,33,0,0,100
15897,train,6,0,0,100
15898,train,7,0,0,"50,100"
15899,train,30,0,0,"25,100"
15900,train,37,0,0,100
15901,train,42,0,0,"5,25,100"
15902,train,43,0,0,"50,100"
15903,train,34,0,0,100
15904,train,42,0,0,"25,50,100"
15905,train,46,0,0,"50,100"
15906,train,45,0,0,"25,100"
15907,train,44,0,0,100
15908,train,37,0,0,100
15909,train,10,0,0,100
15912,train,53,0,0,"25,100"
15930,train,6,0,0,"50,100"
15931,train,34,0,0,"50,100"
15932,train,17,0,0,100
15934,train,19,0,0,100
15935,train,41,0,0,100
15936,train,58,0,0,100
15937,train,52,0,0,"25,50,100"
15938,train,50,0,0,"5,25,100"
15939,train,53,0,0,100
15940,train,55,0,0,"50,100"
15941,train,55,0,0,"50,100"
15945,train,54,0,0,"25,50,100"
15946,train,50,0,0,100
15948,train,32,0,0,"25,50,100"
15951,train,36,0,0,"50,100"
15952,train,49,0,0,"50,100"
15953,train,14,0,0,"25,50,100"
15955,train,21,2,0.0952380952,"50,100"
15956,train,19,0,0,"50,100"
15957,train,24,0,0,"25,100"
15958,train,25,0,0,100
15960,train,27,1,0.037037037,"25,50,100"
15962,train,2,0,0,"50,100"
15967,train,36,0,0,100
15968,train,22,0,0,"25,50,100"
15969,train,20,0,0,"25,100"
15970,train,47,0,0,"5,25,100"
15971,train,46,0,0,"25,50,100"
15972,train,17,0,0,100
15975,train,36,0,0,"25,100"
15976,train,53,0,0,"50,100"
15977,train,44,0,0,100
15978,train,42,0,0,"50,100"
15980,train,42,0,0,100
15981,train,44,0,0,100
15982,train,30,0,0,100
15983,train,38,0,0,"25,100"
15984,train,35,0,0,"50,100"
15985,train,33,0,0,"25,100"
15986,train,31,0,0,100
15987,train,37,0,0,100
15988,train,30,0,0,"50,100"
15989,train,35,0,0,"5,100"
15991,train,34,0,0,100
15993,train,29,0,0,"50,100"
15994,train,33,0,0,"50,100"
15995,train,31,0,0,"25,50,100"
15996,train,2,0,0,"50,100"
15997,train,7,0,0,"25,100"
15999,train,18,0,0,"25,50,100"
16000,train,21,0,0,"50,100"
16003,train,24,0,0,"50,100"
16004,train,18,0,0,"50,100"
16008,train,42,0,0,100
16009,train,50,0,0,"50,100"
16010,train,37,0,0,"25,100"
16011,train,33,0,0,"50,100"
16013,train,36,0,0,100
16014,train,36,0,0,"1,50,100"
16016,train,38,0,0,"50,100"
16018,train,27,0,0,"25,50,100"
16019,train,38,0,0,100
16020,train,53,0,0,"5,25,50,100"
16021,train,17,1,0.0588235294,100
16022,train,15,1,0.0666666667,100
16023,train,17,0,0,"50,100"
16024,train,17,0,0,"50,100"
16025,train,19,0,0,100
16026,train,7,0,0,100
16027,train,23,0,0,"25,100"
16028,train,17,0,0,"5,25,50,100"
16029,train,15,0,0,100
16032,train,37,0,0,100
16033,train,12,0,0,"50,100"
16035,train,30,0,0,"50,100"
16036,train,33,0,0,"5,25,50,100"
16037,train,46,0,0,100
16038,train,45,0,0,"50,100"
16039,train,45,0,0,"50,100"
16040,train,43,0,0,100
16042,train,23,0,0,"25,100"
16043,train,34,0,0,100
16047,train,42,0,0,"50,100"
16048,train,41,0,0,100
16049,train,50,0,0,100
16051,train,27,0,0,"50,100"
16052,train,53,0,0,100
16053,train,28,0,0,100
16054,train,32,0,0,100
16055,train,50,0,0,"25,50,100"
16056,train,32,0,0,100
16057,train,35,0,0,"50,100"
16058,train,51,0,0,"50,100"
16060,train,52,0,0,"25,100"
16061,train,35,0,0,"50,100"
16062,train,31,0,0,100
16065,train,54,0,0,100
16066,train,15,0,0,"50,100"
16067,train,8,0,0,100
16068,train,10,0,0,100
16070,train,34,0,0,"25,100"
16071,train,37,0,0,100
16072,train,27,0,0,"25,100"
16074,train,26,0,0,"25,50,100"
16075,train,26,0,0,100
16076,train,34,0,0,100
16077,train,30,0,0,100
16078,train,10,0,0,"50,100"
16080,train,32,0,0,100
16081,train,41,0,0,"25,100"
16082,train,36,0,0,"50,100"
16084,train,35,0,0,100
16085,train,29,0,0,"25,50,100"
16086,train,44,0,0,"50,100"
16091,train,32,0,0,100
16092,train,5,0,0,"25,50,100"
16097,train,30,0,0,"50,100"
16098,train,30,0,0,100
16099,train,32,0,0,"50,100"
16100,train,27,0,0,100
16102,train,36,0,0,"25,100"
16105,train,32,0,0,"25,50,100"
16106,train,35,0,0,"25,100"
16108,train,49,0,0,100
16109,train,40,0,0,100
16110,train,45,0,0,"50,100"
16111,train,15,0,0,"25,100"
16119,train,17,0,0,"50,100"
16120,train,40,0,0,"25,100"
16121,train,42,0,0,100
16122,train,45,0,0,100
16123,train,47,0,0,"50,100"
16124,train,43,0,0,"25,50,100"
16125,train,51,0,0,"50,100"
16126,train,35,0,0,"25,50,100"
16127,train,55,0,0,"50,100"
16129,train,47,0,0,100
16130,train,45,0,0,"50,100"
16131,train,22,0,0,100
16132,train,25,0,0,100
16134,train,32,0,0,100
16136,train,30,0,0,"50,100"
16137,train,31,0,0,"25,50,100"
16138,train,30,0,0,100
16140,train,44,0,0,100
16144,train,52,0,0,"5,100"
16145,train,25,0,0,100
16146,train,22,0,0,"50,100"
16147,train,29,0,0,100
16148,train,18,0,0,"50,100"
16149,train,33,0,0,"5,50,100"
16150,train,16,0,0,"50,100"
16151,train,38,0,0,"25,50,100"
16152,train,31,0,0,"50,100"
16153,train,37,0,0,100
16155,train,31,0,0,"25,100"
16157,train,18,0,0,"50,100"
16165,train,37,0,0,100
16166,train,41,0,0,100
16167,train,36,0,0,"25,50,100"
16168,train,44,0,0,"50,100"
16169,train,51,0,0,"25,50,100"
16170,train,41,0,0,100
16174,train,35,0,0,100
16180,train,5,0,0,"50,100"
16181,train,63,0,0,100
16182,train,49,0,0,"50,100"
16184,train,43,0,0,"50,100"
16185,train,37,0,0,"25,50,100"
16186,train,51,0,0,100
16187,train,42,0,0,"50,100"
16188,train,59,0,0,100
16189,train,51,0,0,"50,100"
16190,train,34,0,0,"50,100"
16192,train,51,0,0,100
16193,train,39,0,0,"5,25,100"
16194,train,33,0,0,"50,100"
16195,train,36,0,0,"50,100"
16196,train,29,0,0,100
16197,train,8,0,0,"5,100"
16198,train,29,0,0,"25,50,100"
16201,train,54,0,0,"25,50,100"
16203,train,40,0,0,"25,100"
16206,train,42,0,0,100
16207,train,16,0,0,100
16208,train,30,0,0,"50,100"
16209,train,49,0,0,"5,100"
16210,train,32,0,0,100
16211,train,43,0,0,100
16212,train,42,0,0,"50,100"
16213,train,44,0,0,100
16214,train,35,0,0,"50,100"
16215,train,48,0,0,100
16216,train,49,0,0,"50,100"
16217,train,35,0,0,"5,50,100"
16218,train,35,0,0,"50,100"
16219,train,40,0,0,"50,100"
16221,train,27,0,0,"25,100"
16222,train,17,0,0,"50,100"
16223,train,25,0,0,100
16224,train,31,0,0,"50,100"
16225,train,18,0,0,"50,100"
16226,train,15,0,0,100
16228,train,17,0,0,"50,100"
16229,train,20,0,0,"25,100"
16230,train,25,0,0,100
16231,train,31,0,0,100
16235,train,51,0,0,"50,100"
16237,train,31,0,0,"50,100"
16238,train,12,0,0,100
16239,train,30,0,0,100
16240,train,17,0,0,"25,100"
16241,train,34,0,0,"50,100"
16242,train,13,0,0,"25,50,100"
16244,train,45,0,0,100
16245,train,43,0,0,"25,50,100"
16246,train,44,0,0,"50,100"
16247,train,43,0,0,100
16248,train,44,0,0,"25,50,100"
16249,train,45,0,0,"25,100"
16251,train,50,0,0,100
16254,train,52,0,0,"25,100"
16255,train,39,0,0,"50,100"
16256,train,42,0,0,100
16257,train,39,0,0,100
16258,train,20,0,0,"50,100"
16259,train,18,0,0,"50,100"
16260,train,41,0,0,100
16261,train,48,0,0,100
16262,train,41,0,0,100
16263,train,49,0,0,100
16264,train,48,0,0,100
16265,train,51,0,0,"25,100"
16266,train,51,0,0,"50,100"
16267,train,48,0,0,100
16268,train,34,0,0,"50,100"
16269,train,40,0,0,"25,50,100"
16271,train,27,0,0,"1,100"
16272,train,23,0,0,"50,100"
16273,train,26,0,0,"25,50,100"
16274,train,26,0,0,"50,100"
16275,train,28,0,0,100
16276,train,21,0,0,100
16277,train,24,0,0,100
16278,train,28,0,0,"50,100"
16279,train,33,0,0,"50,100"
16281,train,29,0,0,"50,100"
16282,train,32,0,0,"25,100"
16283,train,24,0,0,"25,100"
16284,train,29,0,0,100
16287,train,54,0,0,"50,100"
16288,train,36,0,0,"50,100"
16289,train,33,0,0,100
16290,train,35,0,0,100
16291,train,35,0,0,100
16292,train,33,0,0,"50,100"
16293,train,34,0,0,"50,100"
16294,train,31,0,0,100
16295,train,32,0,0,"5,50,100"
16296,train,39,0,0,100
16297,train,37,0,0,"25,50,100"
16298,train,33,0,0,"50,100"
16299,train,32,0,0,"25,100"
16300,train,34,0,0,"50,100"
16301,train,30,0,0,100
16302,train,22,0,0,"25,100"
16303,train,18,0,0,100
16304,train,60,0,0,"50,100"
16310,train,54,0,0,100
16316,train,29,1,0.0344827586,"50,100"
16324,train,34,3,0.0882352941,"50,100"
16326,train,51,0,0,"5,50,100"
16327,train,51,0,0,"25,100"
16328,train,53,0,0,"50,100"
16329,train,42,0,0,"25,50,100"
16330,train,42,0,0,"50,100"
16333,train,46,0,0,100
16334,train,41,0,0,100
16335,train,42,0,0,"50,100"
16338,train,54,0,0,"50,100"
16339,train,48,0,0,100
16340,train,48,0,0,"50,100"
16341,train,47,0,0,"25,50,100"
16342,train,44,0,0,100
16344,train,46,0,0,"50,100"
16345,train,46,0,0,"50,100"
16346,train,30,0,0,100
16347,train,5,0,0,"5,100"
16349,train,19,0,0,100
16350,train,13,0,0,"25,100"
16352,train,27,0,0,100
16353,train,28,0,0,"25,50,100"
16357,train,55,0,0,"25,50,100"
16358,train,37,0,0,"50,100"
16359,train,12,0,0,100
16360,train,60,0,0,100
16362,train,32,0,0,"50,100"
16364,train,15,0,0,"50,100"
16367,train,24,0,0,"25,100"
16368,train,62,0,0,100
16369,train,16,0,0,"50,100"
16370,train,35,0,0,"50,100"
16372,train,33,0,0,100
16373,train,36,0,0,"50,100"
16374,train,37,0,0,100
16375,train,35,0,0,"25,50,100"
16376,train,36,0,0,100
16378,train,30,0,0,"50,100"
16379,train,33,0,0,"25,50,100"
16382,train,52,0,0,"50,100"
16384,train,17,0,0,"25,100"
16385,train,19,0,0,"25,100"
16388,train,13,0,0,"25,100"
16389,train,3,0,0,"5,50,100"
16390,train,23,0,0,"50,100"
16392,train,10,0,0,100
16394,train,20,0,0,"50,100"
16395,train,1,0,0,100
16396,train,9,0,0,100
16400,train,54,0,0,100
16402,train,43,0,0,100
16403,train,32,0,0,100
16404,train,48,0,0,100
16406,train,39,0,0,"50,100"
16407,train,48,0,0,"25,100"
16408,train,49,0,0,"50,100"
16409,train,46,0,0,100
16411,train,51,0,0,100
16412,train,48,0,0,100
16413,train,42,0,0,"25,100"
16419,train,54,0,0,"50,100"
16420,train,45,0,0,"50,100"
16421,train,39,0,0,100
16422,train,36,0,0,"50,100"
16423,train,38,0,0,"25,100"
16424,train,39,0,0,100
16425,train,35,0,0,"50,100"
16427,train,38,0,0,100
16428,train,37,0,0,"50,100"
16429,train,32,0,0,100
16430,train,29,0,0,"50,100"
16431,train,30,0,0,100
16432,train,3,0,0,"50,100"
16433,train,1,0,0,"50,100"
16437,train,40,0,0,100
16441,train,53,0,0,"25,100"
16442,train,30,0,0,"50,100"
16443,train,37,0,0,"5,25,50,100"
16445,train,25,2,0.08,"25,50,100"
16453,train,33,0,0,"25,50,100"
16454,train,25,0,0,"50,100"
16455,train,30,0,0,100
16456,train,33,0,0,100
16457,train,31,0,0,"50,100"
16458,train,28,0,0,100
16460,train,26,0,0,"50,100"
16461,train,32,0,0,"50,100"
16466,train,54,0,0,"5,25,50,100"
16468,train,40,0,0,"50,100"
16469,train,32,0,0,"25,100"
16470,train,31,0,0,"50,100"
16471,train,31,0,0,"25,100"
16472,train,48,0,0,"25,100"
16473,train,39,0,0,100
16474,train,42,0,0,"50,100"
16475,train,46,0,0,"50,100"
16476,train,40,0,0,"50,100"
16477,train,43,0,0,100
16479,train,51,0,0,"50,100"
16480,train,49,0,0,100
16481,train,31,0,0,"25,100"
16482,train,17,0,0,"50,100"
16483,train,36,0,0,100
16484,train,33,0,0,"50,100"
16485,train,14,0,0,100
16488,train,7,0,0,100
16542,train,4,0,0,"25,50,100"
16549,train,1,0,0,100
16552,train,10,0,0,100
16553,train,13,0,0,100
16568,train,10,0,0,100
16572,train,17,0,0,"5,50,100"
16573,train,21,0,0,100
16577,train,29,0,0,"5,50,100"
16578,train,37,0,0,100
16579,train,32,0,0,"50,100"
16581,train,18,0,0,"50,100"
16582,train,31,0,0,"50,100"
16583,train,22,0,0,"25,100"
16584,train,28,0,0,"50,100"
16588,train,43,0,0,"50,100"
16589,train,39,0,0,"50,100"
16590,train,36,0,0,100
16591,train,34,0,0,"25,100"
16592,train,37,0,0,"50,100"
16593,train,35,0,0,"25,100"
16594,train,44,0,0,"25,50,100"
16595,train,45,0,0,"1,100"
16598,train,35,0,0,"50,100"
16601,train,48,0,0,"25,100"
16602,train,21,0,0,"50,100"
16603,train,55,0,0,100
16607,train,5,0,0,"5,100"
16611,train,45,0,0,"50,100"
16615,train,36,0,0,"50,100"
16618,train,61,0,0,"50,100"
16620,train,57,0,0,"25,50,100"
16621,train,5,0,0,"25,100"
16622,train,40,0,0,100
16623,train,54,0,0,"50,100"
16624,train,7,0,0,"50,100"
16627,train,57,0,0,"25,100"
16629,train,50,0,0,100
16631,train,44,0,0,"25,100"
16635,train,51,0,0,"50,100"
16636,train,49,0,0,100
16637,train,55,0,0,"50,100"
16638,train,55,0,0,100
16639,train,55,0,0,100
16644,train,57,0,0,100
16648,train,53,0,0,"25,100"
16650,train,48,0,0,100
16651,train,58,0,0,"25,100"
16652,train,57,0,0,"25,100"
16663,train,1,0,0,100
16665,train,40,0,0,"50,100"
16667,train,22,0,0,100
16668,train,21,0,0,"50,100"
16669,train,18,0,0,"25,100"
16671,train,34,0,0,100
16673,train,37,0,0,"50,100"
16674,train,36,0,0,"50,100"
16675,train,37,0,0,"25,100"
16677,train,35,0,0,"25,50,100"
16678,train,35,0,0,"50,100"
16679,train,37,0,0,100
16680,train,34,0,0,"25,100"
16681,train,37,0,0,100
16682,train,35,0,0,"50,100"
16683,train,33,0,0,100
16684,train,36,0,0,"50,100"
16686,train,38,0,0,"50,100"
16687,train,36,0,0,100
16688,train,37,0,0,"50,100"
16689,train,37,0,0,100
16690,train,36,0,0,100
16691,train,37,0,0,"50,100"
16692,train,21,0,0,100
16695,train,15,0,0,"50,100"
16696,train,41,0,0,100
16697,train,34,0,0,"5,25,100"
16698,train,38,0,0,"5,100"
16699,train,30,0,0,100
16700,train,28,0,0,100
16701,train,37,0,0,100
16702,train,54,0,0,"50,100"
16703,train,56,0,0,100
16704,train,13,0,0,100
16705,train,8,0,0,100
16707,train,14,0,0,100
16708,train,36,0,0,"50,100"
16709,train,24,0,0,"25,100"
16711,train,4,0,0,"50,100"
16716,train,3,0,0,"50,100"
16718,train,16,0,0,100
16722,train,37,0,0,100
16723,train,39,0,0,100
16724,train,39,0,0,"50,100"
16725,train,25,0,0,100
16726,train,23,0,0,"50,100"
16727,train,26,0,0,"25,100"
16728,train,23,0,0,"50,100"
16729,train,26,0,0,100
16730,train,23,0,0,"50,100"
16731,train,13,0,0,"25,100"
16733,train,3,0,0,"25,50,100"
16734,train,25,0,0,"25,100"
16735,train,8,0,0,"50,100"
16736,train,19,0,0,"50,100"
16738,train,22,0,0,"50,100"
16743,train,20,0,0,100
16745,train,38,0,0,100
16748,train,39,0,0,100
16749,train,39,0,0,"50,100"
16750,train,38,0,0,"50,100"
16754,train,40,0,0,"25,100"
16769,train,18,0,0,"50,100"
16770,train,40,0,0,"50,100"
16771,train,55,0,0,"50,100"
16787,train,54,0,0,100
16789,train,52,0,0,"50,100"
16790,train,41,0,0,"50,100"
16791,train,47,0,0,"25,100"
16792,train,63,0,0,100
16793,train,62,0,0,100
16794,train,64,0,0,100
16795,train,43,0,0,"50,100"
16796,train,11,0,0,"25,50,100"
16797,train,28,0,0,"50,100"
16798,train,24,0,0,"50,100"
16799,train,9,0,0,100
16801,train,28,0,0,"25,100"
16802,train,21,0,0,"50,100"
16804,train,44,0,0,100
16805,train,13,0,0,"50,100"
16818,train,31,0,0,"50,100"
16820,train,12,0,0,"50,100"
16821,train,24,0,0,"50,100"
16822,train,25,0,0,"50,100"
16823,train,25,0,0,100
16825,train,24,0,0,"50,100"
16826,train,22,0,0,100
16827,train,25,0,0,"50,100"
16828,train,25,0,0,"50,100"
16831,train,38,0,0,100
16847,train,34,0,0,"25,100"
16850,train,64,0,0,100
16869,train,13,0,0,"50,100"
16919,train,13,0,0,"50,100"
16920,train,46,0,0,"50,100"
16921,train,6,0,0,"50,100"
16922,train,42,0,0,"50,100"
16923,train,41,0,0,"25,100"
16924,train,50,0,0,"25,100"
16927,train,42,0,0,100
16928,train,36,0,0,100
16929,train,44,0,0,"50,100"
16932,train,42,0,0,100
16936,train,28,0,0,"50,100"
16937,train,15,0,0,100
16938,train,21,0,0,"25,50,100"
16939,train,28,0,0,"50,100"
16940,train,29,0,0,100
16941,train,28,0,0,100
16942,train,19,0,0,"50,100"
16943,train,61,0,0,100
16944,train,68,0,0,"5,25,50,100"
16945,train,62,0,0,100
16948,train,47,0,0,"50,100"
16949,train,54,0,0,"50,100"
16950,train,39,0,0,"50,100"
16953,train,29,0,0,"50,100"
16954,train,5,0,0,"5,25,50,100"
16955,train,39,0,0,"50,100"
16956,train,39,0,0,100
16957,train,37,0,0,"50,100"
16958,train,24,0,0,100
16959,train,32,0,0,100
16960,train,30,0,0,100
16961,train,42,0,0,100
16964,train,17,0,0,"50,100"
16966,train,6,0,0,100
16967,train,6,0,0,100
16968,train,47,0,0,"25,100"
16969,train,7,0,0,100
16970,train,35,0,0,"50,100"
16971,train,31,0,0,"50,100"
16972,train,37,0,0,100
16973,train,25,0,0,"25,50,100"
16974,train,38,0,0,"25,50,100"
16976,train,38,0,0,"25,50,100"
16977,train,41,0,0,100
16978,train,40,0,0,"5,100"
16979,train,23,0,0,100
16980,train,15,0,0,100
16981,train,25,0,0,100
16984,train,7,0,0,100
16985,train,18,0,0,"50,100"
16986,train,14,0,0,"5,25,100"
16987,train,5,0,0,"25,50,100"
16988,train,18,0,0,"50,100"
16989,train,5,0,0,"50,100"
16990,train,36,0,0,"50,100"
16991,train,29,0,0,"50,100"
16992,train,28,0,0,100
16996,train,5,0,0,100
16999,train,34,0,0,"50,100"
17000,train,34,0,0,"25,100"
17001,train,35,0,0,"5,50,100"
17002,train,33,0,0,100
17003,train,27,0,0,"50,100"
17004,train,41,0,0,"25,50,100"
17005,train,40,0,0,"50,100"
17006,train,21,0,0,"25,100"
17021,train,42,0,0,"50,100"
17022,train,43,0,0,"1,50,100"
17024,train,33,0,0,"50,100"
17028,train,53,0,0,"50,100"
17029,train,33,0,0,"25,100"
17030,train,38,0,0,"25,100"
17032,train,43,0,0,"25,50,100"
17033,train,43,0,0,"50,100"
17035,train,46,0,0,100
17036,train,46,0,0,100
17037,train,65,0,0,"25,100"
17038,train,57,0,0,100
17039,train,67,0,0,"25,50,100"
17040,train,56,0,0,"25,100"
17041,train,63,0,0,100
17042,train,68,0,0,"25,100"
17043,train,55,0,0,"25,100"
17044,train,6,0,0,"5,25,100"
17045,train,12,0,0,"25,100"
17046,train,26,0,0,"50,100"
17047,train,31,0,0,100
17048,train,5,0,0,"25,100"
17053,train,52,0,0,"50,100"
17054,train,62,0,0,"50,100"
17055,train,56,0,0,100
17056,train,37,0,0,"25,100"
17057,train,38,0,0,"5,25,50,100"
17058,train,36,0,0,"5,100"
17059,train,35,0,0,"50,100"
17062,train,37,0,0,"50,100"
17063,train,44,0,0,"25,50,100"
17064,train,60,0,0,"5,25,50,100"
17065,train,50,0,0,"50,100"
17066,train,58,0,0,"25,100"
17067,train,62,0,0,100
17068,train,59,0,0,"50,100"
17069,train,41,0,0,100
17070,train,48,0,0,100
17071,train,34,0,0,"5,50,100"
17074,train,49,0,0,"50,100"
17075,train,36,0,0,"50,100"
17076,train,38,0,0,"25,50,100"
17077,train,37,0,0,"50,100"
17078,train,30,0,0,100
17079,train,36,0,0,"50,100"
17080,train,59,0,0,100
17081,train,36,0,0,100
17082,train,56,0,0,"25,50,100"
17083,train,40,0,0,"50,100"
17085,train,68,0,0,"50,100"
17086,train,36,0,0,"25,50,100"
17087,train,36,0,0,"50,100"
17088,train,39,0,0,"50,100"
17089,train,42,0,0,"25,100"
17091,train,36,0,0,100
17092,train,21,0,0,"50,100"
17093,train,31,0,0,"25,50,100"
17094,train,37,0,0,"50,100"
17095,train,22,0,0,"50,100"
17096,train,31,0,0,"50,100"
17097,train,37,0,0,"25,100"
17098,train,35,0,0,"25,50,100"
17101,train,45,0,0,100
17110,train,39,0,0,"50,100"
17111,train,47,0,0,100
17112,train,66,0,0,"50,100"
17113,train,40,0,0,"50,100"
17115,train,31,0,0,"50,100"
17116,train,38,0,0,100
17117,train,41,0,0,"50,100"
17118,train,34,0,0,"50,100"
17119,train,36,0,0,"25,100"
17122,train,39,0,0,"25,50,100"
17126,train,42,0,0,"25,50,100"
17127,train,43,0,0,100
17129,train,42,0,0,"50,100"
17130,train,34,0,0,"25,50,100"
17131,train,29,0,0,"25,100"
17132,train,7,0,0,"5,100"
17133,train,16,0,0,"50,100"
17134,train,14,0,0,"50,100"
17135,train,36,0,0,"50,100"
17136,train,39,0,0,100
17137,train,16,0,0,"50,100"
17138,train,14,0,0,"25,100"
17139,train,32,0,0,100
17142,train,23,0,0,"25,50,100"
17143,train,20,0,0,100
17146,train,14,0,0,100
17147,train,11,0,0,"50,100"
17148,train,9,0,0,"25,100"
17149,train,28,0,0,"25,100"
17151,train,30,0,0,100
17152,train,24,0,0,"50,100"
17153,train,21,0,0,"50,100"
17154,train,34,0,0,"50,100"
17156,train,42,0,0,100
17157,train,36,0,0,"25,50,100"
17158,train,41,0,0,"50,100"
17159,train,25,0,0,100
17162,train,45,0,0,"50,100"
17163,train,46,0,0,"25,50,100"
17164,train,7,0,0,100
17165,train,57,0,0,"50,100"
17166,train,76,0,0,"50,100"
17167,train,74,0,0,"50,100"
17168,train,69,0,0,"50,100"
17169,train,73,0,0,"50,100"
17170,train,78,0,0,"50,100"
17171,train,58,0,0,100
17172,train,76,0,0,"50,100"
17173,train,64,0,0,"25,100"
17174,train,75,0,0,"50,100"
17175,train,56,0,0,"25,100"
17176,train,74,0,0,100
17177,train,41,0,0,100
17178,train,41,0,0,"50,100"
17180,train,46,0,0,100
17181,train,45,0,0,100
17182,train,44,0,0,"25,100"
17185,train,26,0,0,"25,50,100"
17186,train,8,0,0,100
17187,train,24,0,0,"50,100"
17188,train,24,0,0,100
17189,train,24,0,0,100
17190,train,65,0,0,"50,100"
17191,train,53,0,0,"25,100"
17192,train,54,0,0,"50,100"
17193,train,62,0,0,"50,100"
17194,train,44,0,0,"5,25,100"
17195,train,43,0,0,100
17196,train,53,0,0,"50,100"
17197,train,39,0,0,100
17198,train,31,0,0,"5,50,100"
17199,train,58,0,0,"50,100"
17200,train,34,0,0,"25,100"
17201,train,30,0,0,100
17203,train,56,0,0,"25,100"
17204,train,54,0,0,"50,100"
17205,train,33,0,0,100
17206,train,43,0,0,"5,100"
17207,train,55,0,0,100
17208,train,62,0,0,100
17210,train,42,0,0,"25,50,100"
17212,train,60,0,0,"5,100"
17213,train,60,0,0,"50,100"
17214,train,62,0,0,100
17215,train,38,0,0,100
17216,train,55,0,0,"25,50,100"
17217,train,55,0,0,100
17218,train,41,0,0,"50,100"
17260,train,47,0,0,"5,50,100"
17261,train,47,0,0,"50,100"
17262,train,49,0,0,"50,100"
17292,train,24,0,0,"25,100"
17301,train,29,0,0,100
17303,train,26,0,0,100
17313,train,33,0,0,100
17329,train,26,0,0,"5,100"
17330,train,27,0,0,100
17348,train,21,0,0,"50,100"
17353,train,26,0,0,100
17354,train,32,0,0,"50,100"
17355,train,33,0,0,"25,100"
17356,train,27,0,0,"5,100"
17357,train,26,0,0,"25,100"
17367,train,37,0,0,"50,100"
17381,train,38,0,0,100
17382,train,41,0,0,"25,100"
17384,train,12,0,0,"25,50,100"
17385,train,35,0,0,"25,50,100"
17386,train,44,0,0,"25,100"
17387,train,17,0,0,"50,100"
17388,train,33,0,0,"25,50,100"
17389,train,27,0,0,"5,50,100"
17390,train,27,0,0,"25,100"
17391,train,32,0,0,100
17392,train,47,0,0,100
17393,train,43,0,0,"25,50,100"
17394,train,43,0,0,"50,100"
17400,train,40,0,0,100
17407,train,16,0,0,100
17409,train,1,0,0,"25,100"
17410,train,28,0,0,100
17412,train,6,0,0,"25,100"
17414,train,26,0,0,100
17416,train,23,0,0,"25,100"
17419,train,13,0,0,100
17422,train,52,0,0,"50,100"
17423,train,50,0,0,100
17425,train,33,0,0,"50,100"
17426,train,40,0,0,100
17427,train,34,0,0,100
17437,train,30,0,0,100
17438,train,23,0,0,"50,100"
17439,train,39,0,0,"5,100"
17440,train,10,0,0,"1,100"
17445,train,57,0,0,"25,50,100"
17446,train,53,0,0,100
17447,train,36,0,0,"50,100"
17448,train,45,0,0,100
17449,train,47,0,0,100
17450,train,53,0,0,100
17451,train,53,0,0,"25,50,100"
17452,train,45,0,0,"50,100"
17453,train,9,0,0,100
17454,train,6,0,0,100
17455,train,32,0,0,100
17458,train,53,0,0,"50,100"
17459,train,1,0,0,"25,50,100"
17460,train,27,0,0,"50,100"
17461,train,27,0,0,"25,100"
17462,train,50,0,0,"50,100"
17463,train,48,0,0,"50,100"
17464,train,42,0,0,"25,100"
17466,train,45,0,0,100
17467,train,68,0,0,100
17468,train,58,0,0,100
17469,train,48,0,0,100
17470,train,66,0,0,"25,50,100"
17471,train,61,0,0,100
17472,train,52,0,0,100
17473,train,65,0,0,"50,100"
17474,train,62,0,0,"25,50,100"
17477,train,48,0,0,"50,100"
17478,train,67,0,0,"50,100"
17479,train,49,0,0,"25,100"
17481,train,67,0,0,"50,100"
17484,train,37,0,0,100
17486,train,50,0,0,"50,100"
17487,train,57,0,0,100
17490,train,68,0,0,100
17491,train,67,0,0,"5,50,100"
17492,train,53,0,0,"50,100"
17493,train,65,0,0,100
17494,train,43,0,0,"50,100"
17496,train,25,0,0,"25,50,100"
17497,train,49,0,0,"50,100"
17498,train,46,0,0,100
17500,train,48,0,0,100
17501,train,18,0,0,"50,100"
17503,train,30,0,0,"25,50,100"
17507,train,66,0,0,"25,100"
17508,train,68,0,0,100
17509,train,64,0,0,"50,100"
17510,train,61,0,0,"50,100"
17511,train,64,0,0,"50,100"
17512,train,46,0,0,100
17513,train,17,0,0,"50,100"
17514,train,58,0,0,"25,100"
17515,train,59,0,0,100
17516,train,59,0,0,100
17517,train,59,0,0,"50,100"
17518,train,67,0,0,100
17519,train,61,0,0,100
17520,train,51,0,0,"50,100"
17521,train,51,0,0,"50,100"
17522,train,50,0,0,"25,100"
17523,train,47,0,0,100
17524,train,42,0,0,"50,100"
17525,train,41,0,0,100
17526,train,49,0,0,"50,100"
17527,train,23,0,0,100
17528,train,31,0,0,100
17529,train,27,0,0,"50,100"
17530,train,49,0,0,"50,100"
17531,train,46,0,0,"50,100"
17532,train,41,0,0,"50,100"
17533,train,64,0,0,100
17534,train,59,0,0,"25,50,100"
17535,train,54,0,0,"50,100"
17536,train,59,0,0,"50,100"
17537,train,67,0,0,100
17540,train,43,0,0,"50,100"
17544,train,61,0,0,100
17545,train,71,0,0,100
17546,train,28,0,0,100
17547,train,29,0,0,"25,50,100"
17554,train,39,0,0,100
17555,train,50,0,0,"50,100"
17556,train,37,0,0,"25,50,100"
17557,train,38,0,0,"50,100"
17558,train,9,0,0,"25,100"
17559,train,36,0,0,"25,50,100"
17560,train,22,0,0,"50,100"
17561,train,35,0,0,"50,100"
17562,train,39,0,0,"25,100"
17564,train,32,0,0,"25,50,100"
17565,train,7,0,0,100
17566,train,31,0,0,"25,100"
17567,train,39,0,0,100
17568,train,39,0,0,"50,100"
17571,train,39,0,0,"50,100"
17572,train,28,0,0,"50,100"
17573,train,19,0,0,"50,100"
17575,train,13,0,0,"50,100"
17577,train,4,0,0,100
17578,train,15,0,0,100
17579,train,33,0,0,100
17580,train,25,0,0,100
17581,train,27,0,0,100
17582,train,44,0,0,100
17583,train,31,0,0,"25,100"
17585,train,40,0,0,"25,50,100"
17586,train,17,0,0,100
17590,train,51,0,0,"50,100"
17591,train,24,0,0,"50,100"
17592,train,19,0,0,"50,100"
17593,train,30,0,0,"50,100"
17594,train,30,0,0,"50,100"
17595,train,25,0,0,"50,100"
17596,train,5,0,0,100
17597,train,46,0,0,"50,100"
17598,train,62,0,0,100
17599,train,28,0,0,"25,100"
17600,train,39,0,0,"50,100"
17603,train,50,0,0,"50,100"
17604,train,28,0,0,"50,100"
17605,train,41,0,0,100
17606,train,61,0,0,"50,100"
17607,train,26,0,0,"50,100"
17610,train,25,0,0,100
17611,train,27,0,0,"50,100"
17614,train,23,0,0,"25,100"
17615,train,12,0,0,100
17616,train,25,0,0,"50,100"
17617,train,30,0,0,100
17618,train,27,0,0,100
17619,train,20,0,0,100
17622,train,50,0,0,"5,100"
17624,train,48,0,0,"5,25,50,100"
17625,train,52,0,0,"50,100"
17626,train,49,0,0,"50,100"
17627,train,21,0,0,100
17628,train,26,0,0,"50,100"
17629,train,23,0,0,100
17630,train,32,0,0,"50,100"
17631,train,31,0,0,100
17632,train,20,0,0,"25,100"
17633,train,38,0,0,100
17634,train,11,0,0,"25,50,100"
17635,train,15,0,0,"50,100"
17636,train,16,0,0,"25,100"
17637,train,31,0,0,"25,50,100"
17638,train,14,0,0,"25,100"
17639,train,27,0,0,"25,100"
17641,train,37,0,0,100
17642,train,33,0,0,"50,100"
17645,train,37,0,0,"50,100"
17646,train,42,0,0,"25,50,100"
17648,train,35,0,0,"25,50,100"
17649,train,37,0,0,100
17650,train,65,0,0,"25,100"
17651,train,56,0,0,"50,100"
17652,train,4,0,0,100
17653,train,47,0,0,"5,25,50,100"
17654,train,39,0,0,"25,100"
17655,train,43,0,0,"50,100"
17656,train,46,0,0,"25,100"
17657,train,31,0,0,"50,100"
17658,train,36,0,0,"50,100"
17659,train,38,0,0,"50,100"
17660,train,32,0,0,"50,100"
17661,train,34,0,0,"50,100"
17663,train,30,0,0,100
17664,train,27,0,0,100
17665,train,35,0,0,100
17666,train,46,0,0,100
17667,train,26,0,0,"25,50,100"
17668,train,29,0,0,100
17671,train,37,0,0,"25,100"
17673,train,6,0,0,"25,100"
17674,train,11,0,0,"25,100"
17675,train,17,0,0,100
17676,train,50,0,0,100
17677,train,46,0,0,"25,50,100"
17678,train,14,0,0,"50,100"
17679,train,14,0,0,"50,100"
17680,train,49,0,0,"25,50,100"
17681,train,59,0,0,"25,100"
17682,train,56,0,0,"25,50,100"
17683,train,50,0,0,"50,100"
17684,train,44,0,0,"50,100"
17685,train,27,0,0,"25,100"
17686,train,25,0,0,"50,100"
17689,train,33,0,0,"1,50,100"
17690,train,30,0,0,"5,50,100"
17691,train,21,0,0,100
17692,train,17,0,0,"25,100"
17693,train,19,0,0,"25,50,100"
17700,train,37,0,0,"50,100"
17701,train,48,0,0,100
17702,train,20,0,0,"50,100"
17703,train,30,0,0,"50,100"
17704,train,32,0,0,"50,100"
17706,train,15,0,0,100
17707,train,16,0,0,100
17708,train,38,0,0,"25,100"
17709,train,35,0,0,"50,100"
17710,train,21,0,0,"25,100"
17711,train,54,0,0,"50,100"
17712,train,25,0,0,"25,50,100"
17713,train,26,0,0,100
17714,train,42,0,0,100
17715,train,27,0,0,"25,50,100"
17716,train,29,0,0,100
17717,train,29,0,0,"50,100"
17718,train,32,0,0,"25,100"
17719,train,23,0,0,"25,100"
17720,train,18,0,0,"25,50,100"
17721,train,26,0,0,"50,100"
17722,train,25,0,0,"50,100"
17723,train,22,0,0,"25,100"
17724,train,31,0,0,"25,50,100"
17725,train,30,0,0,"25,50,100"
17726,train,29,0,0,"25,50,100"
17727,train,28,0,0,"50,100"
17728,train,25,0,0,"25,50,100"
17729,train,21,0,0,"5,25,50,100"
17732,train,40,0,0,"25,50,100"
17756,train,38,0,0,"50,100"
17757,train,3,0,0,"25,50,100"
17758,train,15,0,0,"50,100"
17762,train,20,0,0,100
17763,train,18,1,0.0555555556,"25,100"
17764,train,22,0,0,"50,100"
17765,train,2,0,0,100
17767,train,16,0,0,"25,50,100"
17771,train,20,0,0,"25,50,100"
17772,train,28,0,0,"25,50,100"
17773,train,26,0,0,"50,100"
17774,train,21,0,0,"50,100"
17775,train,30,0,0,"50,100"
17776,train,26,0,0,"50,100"
17777,train,24,0,0,"5,100"
17778,train,25,0,0,"50,100"
17779,train,19,0,0,"25,100"
17780,train,25,0,0,100
17781,train,21,0,0,"50,100"
17782,train,35,0,0,"50,100"
17783,train,34,0,0,100
17784,train,24,0,0,100
17785,train,44,0,0,100
17786,train,34,0,0,"50,100"
17787,train,31,0,0,"25,50,100"
17788,train,43,0,0,"50,100"
17791,train,45,0,0,"5,100"
17792,train,37,0,0,"25,100"
17793,train,44,0,0,100
17794,train,49,0,0,"25,100"
17795,train,32,0,0,"25,100"
17796,train,43,0,0,100
17799,train,36,0,0,100
17800,train,41,0,0,100
17801,train,38,0,0,"25,50,100"
17802,train,37,0,0,"25,100"
17803,train,35,0,0,100
17804,train,33,0,0,100
17808,train,27,0,0,"5,100"
17809,train,12,0,0,"50,100"
17811,train,6,0,0,"50,100"
17812,train,30,0,0,100
17814,train,21,0,0,"50,100"
17815,train,19,0,0,100
17818,train,39,0,0,"50,100"
17819,train,39,0,0,100
17820,train,44,0,0,"50,100"
17822,train,44,0,0,"50,100"
17823,train,36,0,0,"50,100"
17825,train,4,0,0,"25,100"
17826,train,1,0,0,"50,100"
17827,train,30,0,0,"50,100"
17828,train,38,0,0,100
17829,train,29,0,0,"25,50,100"
17830,train,37,0,0,"50,100"
17831,train,33,0,0,"25,100"
17832,train,31,0,0,"50,100"
17833,train,9,0,0,"50,100"
17834,train,13,0,0,100
17835,train,21,0,0,100
17836,train,25,0,0,100
17837,train,25,0,0,"50,100"
17838,train,24,0,0,100
17839,train,24,0,0,"50,100"
17840,train,28,0,0,100
17841,train,28,0,0,"50,100"
17844,train,35,0,0,100
17845,train,12,0,0,"50,100"
17847,train,31,0,0,"25,100"
17848,train,29,0,0,"25,100"
17849,train,10,0,0,100
17850,train,2,0,0,"50,100"
17854,train,53,0,0,100
17855,train,35,0,0,"50,100"
17856,train,24,0,0,100
17857,train,18,0,0,100
17858,train,17,0,0,"25,50,100"
17859,train,35,0,0,100
17860,train,14,0,0,"25,100"
17861,train,17,0,0,"50,100"
17862,train,12,0,0,"25,50,100"
17863,train,9,0,0,"25,50,100"
17864,train,9,0,0,"50,100"
17865,train,24,0,0,"50,100"
17866,train,25,0,0,"50,100"
17867,train,18,0,0,"25,100"
17868,train,28,0,0,100
17869,train,28,0,0,100
17871,train,22,0,0,"25,100"
17872,train,19,0,0,100
17873,train,22,0,0,"50,100"
17876,train,15,0,0,100
17879,train,46,0,0,"50,100"
17880,train,43,0,0,"5,50,100"
17881,train,21,0,0,"50,100"
17882,train,22,0,0,"50,100"
17884,train,27,0,0,100
17886,train,24,0,0,"5,100"
17887,train,27,0,0,100
17888,train,22,0,0,100
17889,train,15,0,0,"50,100"
17890,train,28,0,0,100
17892,train,43,0,0,"50,100"
17893,train,38,0,0,100
17894,train,39,0,0,"25,50,100"
17895,train,17,0,0,100
17897,train,28,0,0,"50,100"
17898,train,21,0,0,"25,100"
17899,train,15,0,0,"25,100"
17900,train,18,0,0,100
17901,train,13,0,0,"25,50,100"
17903,train,21,0,0,"50,100"
17904,train,41,0,0,100
17905,train,16,0,0,100
17906,train,21,0,0,100
17909,train,33,0,0,"25,100"
17910,train,50,0,0,"50,100"
17911,train,61,0,0,"50,100"
17912,train,64,0,0,100
17913,train,52,0,0,"50,100"
17915,train,46,0,0,"25,100"
17916,train,66,0,0,"25,100"
17917,train,61,0,0,"50,100"
17918,train,64,0,0,"50,100"
17919,train,52,0,0,"25,100"
17920,train,59,0,0,100
17921,train,64,0,0,"50,100"
17922,train,46,0,0,100
17923,train,53,0,0,"25,50,100"
17924,train,61,0,0,"25,100"
17925,train,49,0,0,100
17928,train,52,0,0,100
17929,train,66,0,0,"25,100"
17930,train,50,0,0,"5,25,50,100"
17931,train,54,0,0,100
17932,train,65,0,0,100
17933,train,33,0,0,"50,100"
17934,train,15,0,0,100
17935,train,33,0,0,"50,100"
17936,train,31,0,0,100
17937,train,47,0,0,"25,50,100"
17938,train,45,0,0,"50,100"
17939,train,49,0,0,"25,50,100"
17941,train,14,0,0,"50,100"
17942,train,57,0,0,100
17943,train,37,0,0,"25,50,100"
17944,train,37,0,0,"1,50,100"
17946,train,5,0,0,100
17947,train,52,0,0,"5,50,100"
17948,train,25,0,0,"5,50,100"
17949,train,15,0,0,"50,100"
17950,train,37,0,0,"25,50,100"
17951,train,29,0,0,"5,25,50,100"
17952,train,13,0,0,"25,50,100"
17953,train,9,0,0,"25,50,100"
17954,train,13,0,0,"50,100"
17957,train,54,0,0,"25,50,100"
17958,train,31,0,0,"50,100"
17960,train,26,0,0,100
17962,train,60,0,0,"50,100"
17963,train,48,0,0,"50,100"
17964,train,48,0,0,"50,100"
17965,train,30,0,0,"25,100"
17966,train,20,0,0,"25,100"
17967,train,30,0,0,"25,50,100"
17968,train,35,0,0,"50,100"
17969,train,32,0,0,100
17970,train,24,0,0,"25,50,100"
17971,train,53,0,0,100
17973,train,52,0,0,100
17975,train,42,0,0,"50,100"
17976,train,25,0,0,"5,50,100"
17977,train,16,0,0,100
17978,train,24,0,0,"50,100"
17979,train,26,0,0,100
17980,train,47,0,0,"25,100"
17981,train,48,0,0,100
17982,train,53,0,0,"1,50,100"
17983,train,39,0,0,"50,100"
17984,train,43,0,0,"25,50,100"
17985,train,55,0,0,"50,100"
17986,train,54,0,0,"50,100"
17989,train,49,0,0,"50,100"
17990,train,46,0,0,"25,100"
17991,train,21,0,0,100
17992,train,13,0,0,100
17993,train,23,0,0,"50,100"
17994,train,27,0,0,100
17995,train,31,0,0,100
17996,train,26,0,0,"25,50,100"
17997,train,38,0,0,100
17998,train,22,0,0,"25,100"
17999,train,44,0,0,"50,100"
18002,train,39,0,0,"50,100"
18003,train,20,0,0,"50,100"
18005,train,36,0,0,"50,100"
18006,train,35,0,0,"25,50,100"
18007,train,42,0,0,100
18009,train,53,0,0,"25,50,100"
18010,train,56,0,0,"50,100"
18011,train,46,0,0,"50,100"
18012,train,54,0,0,100
18013,train,46,0,0,100
18014,train,54,0,0,100
18019,train,35,0,0,"50,100"
18020,train,40,0,0,100
18021,train,23,0,0,100
18022,train,26,0,0,"50,100"
18023,train,30,0,0,"50,100"
18024,train,23,0,0,"50,100"
18025,train,39,0,0,"50,100"
18026,train,41,0,0,"50,100"
18027,train,34,0,0,100
18028,train,29,0,0,100
18029,train,20,0,0,"50,100"
18030,train,26,0,0,"25,50,100"
18031,train,30,0,0,"50,100"
18032,train,18,0,0,"50,100"
18033,train,21,0,0,"25,100"
18034,train,33,0,0,"25,50,100"
18035,train,24,0,0,100
18039,train,25,0,0,100
18040,train,29,0,0,100
18041,train,28,0,0,100
18044,train,49,0,0,100
18045,train,24,0,0,"50,100"
18046,train,25,0,0,"50,100"
18047,train,6,0,0,"25,50,100"
18048,train,23,0,0,"25,100"
18049,train,21,0,0,"25,50,100"
18050,train,12,0,0,100
18051,train,16,0,0,"50,100"
18052,train,20,0,0,100
18053,train,21,0,0,"50,100"
18054,train,28,0,0,"50,100"
18055,train,1,0,0,100
18056,train,33,0,0,100
18058,train,48,0,0,"25,100"
18059,train,65,0,0,"25,100"
18061,train,42,0,0,"50,100"
18062,train,49,0,0,"25,100"
18063,train,49,0,0,"50,100"
18064,train,55,0,0,"50,100"
18065,train,52,0,0,"50,100"
18066,train,34,0,0,100
18067,train,24,0,0,"25,50,100"
18068,train,29,0,0,100
18070,train,3,0,0,100
18071,train,52,0,0,"25,50,100"
18073,train,7,0,0,100
18074,train,49,0,0,100
18075,train,5,0,0,"50,100"
18076,train,70,0,0,"50,100"
18077,train,1,0,0,"25,50,100"
18101,train,30,0,0,"50,100"
18144,train,3,0,0,100
18176,train,34,0,0,"25,100"
18203,train,1,0,0,"25,100"
18205,train,38,0,0,"25,100"
18207,train,16,0,0,"5,25,50,100"
18208,train,15,0,0,"5,25,50,100"
18209,train,14,0,0,100
18211,train,3,0,0,"25,100"
18220,train,47,0,0,100
18226,train,36,0,0,"25,100"
18233,train,35,0,0,"50,100"
18234,train,35,0,0,"25,50,100"
18235,train,36,0,0,"25,50,100"
18236,train,32,0,0,"50,100"
18256,train,20,0,0,100
18259,train,27,0,0,100
18267,train,21,0,0,100
18268,train,18,0,0,100
18286,train,37,0,0,"50,100"
18288,train,31,0,0,"25,100"
18289,train,45,0,0,"5,50,100"
18290,train,42,0,0,"50,100"
18291,train,42,0,0,"5,100"
18292,train,33,0,0,"25,50,100"
18293,train,37,0,0,"50,100"
18294,train,22,0,0,100
18296,train,23,0,0,"50,100"
18298,train,38,0,0,"25,100"
18299,train,34,0,0,100
18318,train,53,0,0,100
18319,train,55,0,0,"25,100"
18320,train,54,0,0,100
18321,train,47,0,0,"50,100"
18322,train,47,0,0,100
18323,train,49,0,0,"25,50,100"
18324,train,38,0,0,"25,50,100"
18325,train,35,0,0,100
18326,train,31,0,0,100
18327,train,49,0,0,"25,100"
18329,train,43,0,0,100
18330,train,54,0,0,100
18332,train,56,0,0,"50,100"
18333,train,56,0,0,"5,50,100"
18334,train,40,0,0,100
18335,train,49,0,0,"25,100"
18338,train,2,0,0,"25,50,100"
18340,train,36,0,0,"50,100"
18342,train,19,0,0,"25,50,100"
18345,train,51,0,0,100
18347,train,51,0,0,"50,100"
18348,train,51,0,0,"25,100"
18350,train,44,0,0,100
18352,train,27,0,0,100
18353,train,29,0,0,"25,100"
18354,train,38,0,0,"25,50,100"
18355,train,20,0,0,"50,100"
18356,train,34,0,0,"5,100"
18357,train,22,0,0,"50,100"
18358,train,64,0,0,"50,100"
18359,train,57,0,0,100
18360,train,59,0,0,"50,100"
18361,train,57,0,0,"25,100"
18362,train,2,0,0,"50,100"
18363,train,47,0,0,100
18364,train,52,0,0,"25,50,100"
18365,train,16,0,0,"25,50,100"
18366,train,11,0,0,"25,100"
18367,train,47,0,0,100
18368,train,30,0,0,"25,100"
18369,train,34,0,0,"25,100"
18370,train,26,0,0,100
18371,train,29,0,0,"5,50,100"
18372,train,34,0,0,"50,100"
18373,train,44,0,0,"25,100"
18374,train,37,0,0,100
18375,train,56,0,0,"25,100"
18376,train,56,0,0,"25,100"
18383,train,56,0,0,100
18386,train,41,0,0,"25,100"
18387,train,64,0,0,"25,50,100"
18389,train,47,0,0,100
18390,train,40,0,0,"50,100"
18391,train,34,0,0,"25,50,100"
18392,train,60,0,0,100
18393,train,54,0,0,"50,100"
18394,train,57,0,0,100
18395,train,44,0,0,"25,100"
18396,train,50,0,0,100
18397,train,22,0,0,100
18398,train,30,0,0,100
18399,train,43,0,0,"50,100"
18400,train,16,0,0,"50,100"
18401,train,19,0,0,"50,100"
18402,train,31,0,0,100
18403,train,29,0,0,100
18404,train,19,0,0,100
18405,train,32,0,0,"50,100"
18406,train,15,0,0,"25,100"
18409,train,55,0,0,"50,100"
18411,train,46,0,0,"50,100"
18412,train,50,0,0,"50,100"
18413,train,36,0,0,100
18415,train,46,0,0,"1,25,100"
18416,train,31,0,0,"50,100"
18417,train,22,0,0,"50,100"
18418,train,29,0,0,100
18419,train,7,0,0,100
18421,train,26,0,0,100
18423,train,27,0,0,"50,100"
18424,train,30,0,0,100
18425,train,37,0,0,"50,100"
18426,train,40,0,0,100
18427,train,48,0,0,"5,50,100"
18428,train,48,0,0,"50,100"
18431,train,13,0,0,100
18432,train,1,0,0,"50,100"
18433,train,23,0,0,"25,100"
18436,train,1,0,0,100
18437,train,7,0,0,"50,100"
18438,train,8,0,0,"50,100"
18443,train,21,0,0,100
18444,train,10,0,0,"50,100"
18446,train,2,0,0,100
18447,train,10,0,0,"25,50,100"
18448,train,5,0,0,100
18449,train,13,0,0,"50,100"
18450,train,18,0,0,"25,50,100"
18451,train,15,0,0,100
18452,train,32,0,0,"50,100"
18454,train,8,0,0,100
18455,train,3,0,0,"50,100"
18457,train,32,0,0,"25,100"
18462,train,37,0,0,"25,100"
18463,train,35,0,0,"25,50,100"
18464,train,25,0,0,"50,100"
18466,train,2,0,0,"50,100"
18468,train,25,0,0,100
18471,train,1,0,0,"50,100"
18472,train,9,0,0,"25,100"
18473,train,23,0,0,100
18474,train,31,0,0,"50,100"
18475,train,50,0,0,100
18476,train,32,0,0,100
18477,train,22,0,0,"25,100"
18478,train,13,0,0,"50,100"
18479,train,19,0,0,"50,100"
18480,train,13,0,0,100
18482,train,39,0,0,"50,100"
18483,train,16,0,0,100
18485,train,27,0,0,100
18486,train,13,0,0,"50,100"
18487,train,31,0,0,"50,100"
18488,train,39,0,0,100
18489,train,48,0,0,"5,50,100"
18490,train,10,0,0,100
18491,train,13,0,0,"25,100"
18492,train,38,0,0,100
18495,train,53,0,0,"5,50,100"
18496,train,28,0,0,"5,100"
18497,train,33,0,0,"50,100"
18498,train,3,0,0,"50,100"
18499,train,31,0,0,"25,50,100"
18500,train,21,0,0,"50,100"
18501,train,39,0,0,100
18502,train,23,0,0,100
18503,train,43,0,0,"50,100"
18504,train,44,0,0,"25,100"
18505,train,26,0,0,100
18506,train,10,0,0,"50,100"
18509,train,46,0,0,"25,50,100"
18510,train,30,0,0,"50,100"
18511,train,55,0,0,100
18512,train,1,0,0,100
18513,train,40,0,0,"50,100"
18515,train,45,0,0,"50,100"
18517,train,38,0,0,"50,100"
18518,train,35,0,0,100
18519,train,30,0,0,100
18520,train,31,0,0,"50,100"
18521,train,53,0,0,"25,100"
18522,train,33,0,0,100
18523,train,16,0,0,"50,100"
18524,train,11,0,0,"50,100"
18525,train,10,0,0,"25,100"
18526,train,9,0,0,"50,100"
18527,train,14,0,0,100
18529,train,12,0,0,"50,100"
18530,train,12,0,0,"5,100"
18531,train,12,0,0,"50,100"
18532,train,13,0,0,"25,50,100"
18535,train,53,0,0,100
18536,train,28,0,0,"50,100"
18537,train,19,0,0,100
18538,train,16,0,0,100
18540,train,31,0,0,100
18541,train,23,0,0,"25,50,100"
18542,train,20,0,0,"50,100"
18544,train,26,0,0,"50,100"
18545,train,44,0,0,"50,100"
18546,train,27,0,0,"50,100"
18547,train,26,0,0,"25,100"
18548,train,18,0,0,100
18549,train,27,0,0,"5,25,100"
18550,train,33,0,0,100
18551,train,28,0,0,100
18552,train,16,0,0,"50,100"
18553,train,19,0,0,"50,100"
18554,train,35,0,0,100
18556,train,36,0,0,100
18557,train,11,0,0,"50,100"
18558,train,18,0,0,"25,50,100"
18559,train,46,0,0,"50,100"
18560,train,46,0,0,"50,100"
18563,train,49,0,0,"25,50,100"
18564,train,27,0,0,"25,50,100"
18566,train,38,0,0,"50,100"
18567,train,24,0,0,100
18568,train,34,0,0,100
18569,train,44,0,0,100
18570,train,64,0,0,"50,100"
18571,train,65,0,0,"1,100"
18573,train,47,0,0,100
18574,train,42,0,0,"50,100"
18575,train,31,0,0,"50,100"
18576,train,6,0,0,"25,100"
18578,train,7,0,0,"25,100"
18583,train,8,0,0,"25,50,100"
18586,train,50,0,0,100
18587,train,11,0,0,"25,50,100"
18591,train,30,0,0,"50,100"
18592,train,8,0,0,100
18593,train,16,0,0,"50,100"
18594,train,40,0,0,100
18595,train,43,0,0,"25,50,100"
18596,train,54,0,0,"50,100"
18597,train,35,0,0,100
18598,train,27,0,0,100
18599,train,28,0,0,100
18605,train,19,0,0,"25,100"
18606,train,27,0,0,"50,100"
18607,train,18,0,0,100
18609,train,19,0,0,100
18610,train,24,0,0,"25,100"
18611,train,16,0,0,"25,100"
18612,train,19,0,0,"25,50,100"
18613,train,26,0,0,"25,100"
18615,train,21,0,0,"50,100"
18616,train,25,0,0,"50,100"
18617,train,37,0,0,"50,100"
18618,train,39,0,0,100
18619,train,24,0,0,100
18620,train,37,0,0,100
18626,train,44,0,0,"25,50,100"
18637,train,10,0,0,"5,100"
18642,train,11,0,0,"25,100"
18672,train,13,0,0,"50,100"
18673,train,20,0,0,"25,50,100"
18674,train,41,0,0,100
18675,train,31,0,0,"25,100"
18676,train,38,0,0,"25,100"
18677,train,23,0,0,"5,100"
18678,train,29,0,0,"50,100"
18682,train,51,0,0,100
18683,train,26,0,0,100
18684,train,25,0,0,"50,100"
18685,train,22,0,0,"50,100"
18686,train,13,0,0,"5,25,100"
18688,train,7,0,0,"1,50,100"
18690,train,31,0,0,100
18691,train,13,0,0,"50,100"
18693,train,28,0,0,"50,100"
18694,train,5,0,0,100
18695,train,52,0,0,"50,100"
18696,train,42,0,0,"25,50,100"
18697,train,48,0,0,"50,100"
18698,train,61,0,0,"25,100"
18699,train,5,0,0,"50,100"
18700,train,47,0,0,100
18701,train,44,0,0,"5,50,100"
18702,train,16,0,0,"25,100"
18703,train,24,0,0,"25,100"
18704,train,25,0,0,"50,100"
18705,train,46,0,0,"25,100"
18709,train,51,0,0,100
18710,train,41,0,0,"50,100"
18711,train,21,0,0,"25,50,100"
18712,train,48,0,0,"50,100"
18717,train,27,0,0,"5,25,100"
18719,train,32,0,0,"50,100"
18720,train,33,0,0,100
18721,train,29,0,0,100
18722,train,30,0,0,"50,100"
18723,train,3,0,0,100
18724,train,3,0,0,"50,100"
18725,train,1,0,0,100
18726,train,3,0,0,"25,100"
18727,train,3,0,0,"5,50,100"
18728,train,4,0,0,"50,100"
18730,train,4,0,0,"50,100"
18731,train,25,0,0,"50,100"
18732,train,16,0,0,"50,100"
18736,train,53,0,0,"50,100"
18737,train,52,0,0,"50,100"
18738,train,58,0,0,100
18739,train,39,0,0,"50,100"
18740,train,32,0,0,100
18741,train,31,0,0,100
18742,train,34,0,0,"50,100"
18743,train,26,0,0,100
18744,train,9,0,0,"50,100"
18745,train,17,0,0,"25,100"
18749,train,25,0,0,"50,100"
18750,train,18,0,0,"50,100"
18751,train,24,0,0,"25,50,100"
18752,train,30,0,0,100
18755,train,55,0,0,"50,100"
18756,train,38,0,0,"25,100"
18757,train,20,0,0,"25,50,100"
18758,train,42,0,0,"25,50,100"
18759,train,41,0,0,"50,100"
18760,train,32,0,0,"50,100"
18763,train,46,0,0,100
18764,train,43,0,0,"25,50,100"
18765,train,15,0,0,100
18767,train,40,0,0,100
18768,train,36,0,0,"25,50,100"
18769,train,23,0,0,100
18770,train,17,0,0,100
18771,train,25,0,0,"50,100"
18772,train,22,0,0,100
18773,train,17,0,0,100
18774,train,15,0,0,"50,100"
18775,train,9,0,0,"25,100"
18776,train,22,0,0,"50,100"
18777,train,18,0,0,"25,100"
18778,train,21,0,0,"50,100"
18779,train,10,0,0,100
18780,train,13,0,0,"25,50,100"
18783,train,50,0,0,100
18795,train,29,0,0,100
18796,train,31,0,0,"50,100"
18797,train,10,0,0,"50,100"
18798,train,16,0,0,100
18799,train,45,0,0,"5,50,100"
18800,train,7,0,0,"25,50,100"
18801,train,7,0,0,100
18802,train,20,0,0,100
18806,train,7,0,0,"25,100"
18807,train,20,0,0,"50,100"
18816,train,50,0,0,"50,100"
18817,train,8,0,0,100
18818,train,3,0,0,100
18820,train,16,0,0,100
18822,train,10,0,0,100
18825,train,16,0,0,100
18826,train,12,0,0,100
18827,train,17,0,0,100
18828,train,24,0,0,"25,50,100"
18829,train,22,0,0,"50,100"
18831,train,51,0,0,"50,100"
18832,train,45,0,0,"50,100"
18833,train,24,0,0,"50,100"
18834,train,22,0,0,"25,50,100"
18835,train,22,0,0,"50,100"
18836,train,37,0,0,"50,100"
18837,train,1,0,0,"25,100"
18840,train,28,0,0,100
18841,train,38,0,0,"50,100"
18843,train,27,0,0,"25,100"
18844,train,26,0,0,100
18845,train,25,0,0,100
18846,train,25,0,0,100
18847,train,27,0,0,"50,100"
18848,train,26,0,0,100
18849,train,25,0,0,"25,100"
18850,train,26,0,0,"25,50,100"
18851,train,30,0,0,"50,100"
18854,train,53,0,0,"50,100"
18875,train,17,0,0,"25,50,100"
18876,train,5,0,0,100
18877,train,20,0,0,"25,50,100"
18879,train,23,0,0,"25,50,100"
18882,train,53,0,0,"50,100"
18883,train,37,0,0,100
18884,train,29,0,0,"50,100"
18885,train,16,0,0,"25,50,100"
18886,train,25,0,0,100
18887,train,16,0,0,"1,50,100"
18888,train,6,0,0,100
18890,train,6,0,0,100
18891,train,5,0,0,"50,100"
18892,train,32,0,0,100
18894,train,44,0,0,"50,100"
18895,train,32,0,0,"50,100"
18896,train,52,0,0,"25,100"
18897,train,48,0,0,100
18898,train,32,0,0,"50,100"
18899,train,34,0,0,"25,100"
18900,train,27,0,0,"50,100"
18901,train,40,0,0,"50,100"
18902,train,42,0,0,"50,100"
18903,train,46,0,0,100
18908,train,52,0,0,"5,25,100"
18910,train,37,0,0,"50,100"
18911,train,52,0,0,"50,100"
18916,train,44,0,0,"50,100"
18917,train,37,0,0,"50,100"
18918,train,12,0,0,"50,100"
18919,train,24,0,0,"25,50,100"
18920,train,27,0,0,"50,100"
18921,train,7,0,0,"50,100"
18922,train,21,0,0,"50,100"
18923,train,43,0,0,100
18930,train,32,0,0,100
18931,train,34,0,0,100
18932,train,42,0,0,"5,50,100"
18933,train,43,0,0,100
18934,train,49,0,0,"50,100"
18935,train,27,0,0,100
18939,train,51,0,0,100
19460,train,23,0,0,100
19461,train,8,0,0,"50,100"
19462,train,10,0,0,"50,100"
19463,train,14,0,0,100
19465,train,22,0,0,"50,100"
19467,train,22,0,0,"50,100"
19468,train,19,0,0,"25,100"
19469,train,5,0,0,"50,100"
19472,train,18,0,0,"50,100"
19473,train,30,0,0,"50,100"
19474,train,22,0,0,"25,50,100"
19477,train,22,0,0,"50,100"
19486,train,39,0,0,100
19487,train,34,0,0,"5,25,100"
19490,train,30,0,0,100
19491,train,26,0,0,"50,100"
19492,train,27,0,0,100
19493,train,19,0,0,"50,100"
19494,train,29,0,0,100
19495,train,22,0,0,"5,100"
19496,train,30,0,0,"50,100"
19497,train,27,0,0,100
19498,train,28,0,0,100
19499,train,28,0,0,"25,100"
19502,train,1,0,0,100
19503,train,26,0,0,100
19505,train,15,0,0,"50,100"
19508,train,24,0,0,100
19514,train,33,0,0,"50,100"
19517,train,30,0,0,100
19518,train,25,0,0,"50,100"
19519,train,38,0,0,100
19520,train,20,0,0,"50,100"
19521,train,37,0,0,100
19523,train,43,0,0,100
19524,train,32,0,0,100
19529,train,28,0,0,100
19530,train,42,0,0,100
19531,train,15,0,0,"50,100"
19532,train,14,0,0,100
19536,train,3,0,0,100
19539,train,33,0,0,100
19540,train,15,0,0,100
19541,train,63,0,0,100
19542,train,19,0,0,100
19543,train,19,0,0,"25,100"
19545,train,19,0,0,"50,100"
19548,train,19,0,0,"25,50,100"
19549,train,58,0,0,"50,100"
19550,train,60,0,0,"50,100"
19551,train,68,0,0,100
19552,train,47,0,0,"5,50,100"
19553,train,3,0,0,"1,100"
19554,train,56,0,0,"50,100"
19558,train,64,0,0,"25,100"
19559,train,54,0,0,100
19561,train,48,0,0,"50,100"
19562,train,7,0,0,"50,100"
19563,train,5,0,0,"50,100"
19564,train,7,0,0,"50,100"
19565,train,12,0,0,"25,50,100"
19566,train,6,0,0,"25,50,100"
19567,train,1,0,0,100
19568,train,13,0,0,"25,50,100"
19570,train,14,0,0,100
19573,train,45,0,0,100
19575,train,45,0,0,"25,100"
19576,train,43,0,0,"1,25,100"
19577,train,20,0,0,100
19579,train,19,0,0,"50,100"
19581,train,6,0,0,"50,100"
19596,train,1,0,0,100
19604,train,21,0,0,"50,100"
19637,train,40,0,0,"50,100"
19638,train,44,0,0,100
19639,train,49,0,0,"25,100"
19640,train,56,0,0,"50,100"
19641,train,52,0,0,"25,50,100"
19642,train,42,0,0,"50,100"
19644,train,50,0,0,100
19647,train,32,0,0,"25,100"
19650,train,16,0,0,"50,100"
19660,train,30,0,0,"50,100"
19664,train,5,0,0,100
19675,train,47,0,0,"5,50,100"
19680,train,33,0,0,100
19681,train,33,0,0,"50,100"
19682,train,1,0,0,"50,100"
19691,train,70,0,0,100
19692,train,31,0,0,"50,100"
19694,train,30,0,0,100
19695,train,20,0,0,"5,25,50,100"
19696,train,27,0,0,"50,100"
19697,train,30,0,0,"25,50,100"
19716,train,18,0,0,100
19798,train,35,0,0,100
19799,train,38,0,0,100
19800,train,24,0,0,"50,100"
19801,train,17,0,0,"25,100"
19802,train,22,0,0,"25,100"
19803,train,19,0,0,100
19804,train,19,0,0,100
19805,train,19,0,0,"25,100"
19806,train,16,0,0,"50,100"
19807,train,17,0,0,"50,100"
19809,train,26,0,0,"5,100"
19810,train,1,0,0,100
19811,train,10,0,0,"50,100"
19812,train,23,0,0,"25,100"
19813,train,27,0,0,"5,50,100"
19814,train,14,0,0,"5,100"
19819,train,26,0,0,"5,100"
19820,train,30,0,0,"50,100"
19821,train,29,0,0,100
19822,train,33,0,0,100
19823,train,45,0,0,"50,100"
19824,train,46,0,0,100
19825,train,41,0,0,100
19826,train,40,0,0,"25,100"
19827,train,43,0,0,100
19829,train,35,0,0,100
19830,train,44,0,0,100
19831,train,43,0,0,"5,50,100"
19832,train,43,0,0,"50,100"
19834,train,33,0,0,"25,50,100"
19838,train,43,0,0,100
19839,train,46,0,0,"25,100"
19840,train,43,0,0,"25,50,100"
19842,train,43,0,0,"50,100"
19843,train,44,0,0,"50,100"
19844,train,45,0,0,"50,100"
19847,train,69,0,0,"25,100"
19848,train,70,0,0,100
19849,train,76,0,0,"25,100"
19850,train,78,0,0,100
19852,train,62,0,0,"25,50,100"
19854,train,73,0,0,100
19855,train,75,0,0,"25,50,100"
19856,train,71,0,0,100
19862,train,44,0,0,"5,100"
19863,train,46,0,0,100
19864,train,45,0,0,"50,100"
19868,train,46,0,0,"5,25,50,100"
19869,train,47,0,0,100
19870,train,79,0,0,"25,100"
19871,train,82,0,0,"25,50,100"
19872,train,77,0,0,"50,100"
19874,train,69,0,0,100
19875,train,78,0,0,"5,100"
19876,train,78,0,0,"25,50,100"
19877,train,81,0,0,"50,100"
19878,train,78,0,0,"25,100"
19879,train,81,0,0,100
19880,train,70,0,0,"5,100"
19881,train,78,0,0,"50,100"
19883,train,80,0,0,"50,100"
19885,train,79,0,0,100
19886,train,77,0,0,"5,25,50,100"
19888,train,73,0,0,100
19889,train,83,0,0,"25,50,100"
19890,train,80,0,0,100
19891,train,72,0,0,100
19895,train,40,0,0,"50,100"
19898,train,39,0,0,"25,50,100"
19899,train,29,0,0,"25,100"
19901,train,50,0,0,100
19902,train,38,0,0,100
19903,train,34,0,0,100
19910,train,36,0,0,100
19911,train,15,0,0,100
19912,train,19,0,0,"50,100"
19913,train,20,0,0,"25,50,100"
19914,train,20,0,0,"25,50,100"
19915,train,20,0,0,"50,100"
19916,train,17,0,0,"5,100"
19917,train,28,0,0,"50,100"
19918,train,28,0,0,100
19919,train,27,0,0,100
19920,train,25,0,0,"50,100"
19921,train,24,0,0,"50,100"
19925,train,34,0,0,100
19944,train,30,0,0,100
19945,train,27,0,0,"25,100"
19948,train,25,0,0,"25,100"
19949,train,35,0,0,100
19951,train,25,0,0,100
19953,train,8,0,0,100
19954,train,37,0,0,"50,100"
19955,train,39,0,0,"50,100"
19956,train,35,0,0,100
19957,train,15,0,0,"1,25,100"
19959,train,20,0,0,"5,50,100"
19961,train,37,0,0,100
19971,train,27,0,0,100
19976,train,40,0,0,"50,100"
19980,train,44,0,0,100
19982,train,25,0,0,"50,100"
19987,train,44,0,0,100
19990,train,2,0,0,"5,25,50,100"
19991,train,22,0,0,"25,100"
19999,train,39,0,0,"50,100"
20002,train,23,0,0,100
20003,train,64,0,0,"25,100"
20004,train,41,0,0,"5,100"
20005,train,57,0,0,100
20006,train,74,0,0,"50,100"
20007,train,60,0,0,"50,100"
20008,train,43,0,0,"50,100"
20009,train,38,0,0,"25,100"
20010,train,55,0,0,"25,100"
20011,train,66,0,0,100
20012,train,59,0,0,"50,100"
20013,train,46,0,0,"25,50,100"
20014,train,49,0,0,100
20015,train,61,0,0,"25,100"
20016,train,61,0,0,"25,100"
20017,train,66,0,0,"50,100"
20018,train,65,0,0,"50,100"
20019,train,68,0,0,"5,25,50,100"
20022,train,36,0,0,"50,100"
20023,train,63,0,0,"50,100"
20024,train,64,0,0,100
20025,train,69,0,0,100
20026,train,62,0,0,"50,100"
20028,train,68,0,0,100
20030,train,64,0,0,"50,100"
20031,train,36,0,0,"25,50,100"
20033,train,1,0,0,100
20035,train,27,0,0,"50,100"
20036,train,42,0,0,"50,100"
20037,train,45,0,0,"5,50,100"
20038,train,1,0,0,100
20039,train,59,0,0,100
20040,train,63,0,0,"50,100"
20041,train,39,0,0,"25,50,100"
20042,train,21,0,0,"25,50,100"
20045,train,34,0,0,"50,100"
20050,train,6,0,0,"50,100"
20059,train,79,0,0,"50,100"
20060,train,84,0,0,"50,100"
20061,train,78,0,0,100
20062,train,38,0,0,"50,100"
20063,train,49,0,0,100
20064,train,44,0,0,"25,50,100"
20065,train,34,0,0,"25,100"
20066,train,35,0,0,100
20067,train,50,0,0,100
20068,train,45,0,0,"50,100"
20069,train,32,0,0,100
20070,train,41,0,0,100
20071,train,48,0,0,"5,25,100"
20072,train,35,0,0,100
20075,train,38,0,0,"50,100"
20076,train,50,0,0,100
20077,train,37,0,0,"50,100"
20078,train,8,0,0,"50,100"
20079,train,55,0,0,"25,100"
20080,train,20,0,0,"50,100"
20081,train,12,0,0,"50,100"
20082,train,45,0,0,"50,100"
20083,train,54,0,0,100
20088,train,4,0,0,100
20089,train,2,0,0,100
20090,train,8,0,0,"25,100"
20092,train,7,0,0,100
20094,train,15,0,0,"25,50,100"
20099,train,36,0,0,100
20101,train,11,0,0,"50,100"
20103,train,34,0,0,"50,100"
20110,train,29,2,0.0689655172,"50,100"
20111,train,10,0,0,100
20112,train,14,1,0.0714285714,100
20113,train,17,0,0,100
20114,train,12,0,0,"25,100"
20115,train,24,0,0,100
20119,train,11,0,0,"50,100"
20122,train,16,0,0,"25,100"
20127,train,28,0,0,100
20130,train,18,0,0,"50,100"
20152,train,39,0,0,"25,50,100"
20157,train,38,0,0,100
20161,train,34,0,0,"50,100"
20162,train,36,0,0,100
20164,train,47,0,0,"50,100"
20165,train,48,0,0,"25,100"
20166,train,9,0,0,100
20167,train,43,0,0,"50,100"
20169,train,48,0,0,"50,100"
20172,train,38,0,0,"25,50,100"
20227,train,36,0,0,"25,100"
20228,train,40,0,0,"5,25,100"
20229,train,36,0,0,"50,100"
20231,train,35,0,0,100
20232,train,7,0,0,100
20233,train,14,0,0,"25,100"
20234,train,22,0,0,"50,100"
20235,train,25,0,0,"50,100"
20236,train,23,0,0,"25,100"
20239,train,35,0,0,"25,100"
20240,train,46,0,0,"25,100"
20241,train,48,0,0,100
20242,train,44,0,0,"25,100"
20243,train,45,0,0,"50,100"
20244,train,47,0,0,"25,50,100"
20247,train,47,0,0,"50,100"
20253,train,78,0,0,"25,50,100"
20254,train,82,0,0,"50,100"
20256,train,79,0,0,"25,100"
20257,train,89,0,0,"50,100"
20258,train,50,0,0,"25,50,100"
20259,train,39,0,0,"25,100"
20260,train,27,0,0,100
20262,train,26,0,0,"25,50,100"
20264,train,8,0,0,100
20267,train,26,0,0,"50,100"
20270,train,45,0,0,"50,100"
20271,train,51,0,0,"50,100"
20272,train,53,0,0,"25,100"
20274,train,51,0,0,"50,100"
20275,train,49,0,0,100
20276,train,52,0,0,100
20277,train,49,0,0,"25,100"
20278,train,50,0,0,100
20279,train,51,0,0,"25,50,100"
20280,train,47,0,0,"50,100"
20281,train,50,0,0,100
20283,train,47,0,0,"25,100"
20284,train,51,0,0,"50,100"
20285,train,37,0,0,"50,100"
20286,train,49,0,0,"5,100"
20287,train,53,0,0,100
20288,train,66,0,0,"25,50,100"
20289,train,55,0,0,100
20291,train,60,0,0,"25,50,100"
20294,train,51,0,0,"25,50,100"
20296,train,50,0,0,100
20297,train,50,0,0,100
20298,train,47,0,0,100
20299,train,50,0,0,100
20300,train,48,0,0,"50,100"
20301,train,56,0,0,"50,100"
20302,train,48,0,0,"25,100"
20303,train,47,0,0,"25,50,100"
20304,train,49,0,0,"50,100"
20305,train,43,0,0,"50,100"
20306,train,57,0,0,100
20307,train,8,0,0,"50,100"
20308,train,43,0,0,"50,100"
20309,train,61,0,0,"25,100"
20310,train,15,0,0,100
20311,train,19,0,0,"50,100"
20312,train,21,0,0,"25,50,100"
20313,train,29,0,0,100
20314,train,22,0,0,"50,100"
20315,train,3,0,0,"50,100"
20316,train,23,0,0,100
20317,train,19,0,0,100
20318,train,20,0,0,"50,100"
20319,train,20,0,0,"25,50,100"
20320,train,22,0,0,100
20321,train,53,0,0,"50,100"
20322,train,54,0,0,100
20325,train,49,0,0,100
20328,train,51,0,0,100
20329,train,41,0,0,100
20331,train,50,0,0,"50,100"
20332,train,52,0,0,100
20333,train,56,0,0,"25,50,100"
20334,train,48,0,0,100
20335,train,46,0,0,"25,100"
20336,train,56,0,0,"50,100"
20337,train,38,0,0,"25,100"
20341,train,48,0,0,100
20342,train,39,0,0,100
20343,train,43,0,0,"25,50,100"
20345,train,51,0,0,100
20349,train,40,0,0,"5,100"
20351,train,47,0,0,"50,100"
20352,train,64,0,0,100
20354,train,58,0,0,"25,50,100"
20355,train,53,0,0,"50,100"
20356,train,62,0,0,100
20358,train,39,0,0,"50,100"
20362,train,45,0,0,"50,100"
20365,train,39,0,0,100
20366,train,39,0,0,"25,50,100"
20367,train,41,0,0,"50,100"
20368,train,40,0,0,100
20370,train,38,0,0,"25,50,100"
20373,train,49,0,0,"25,50,100"
20374,train,27,0,0,100
20376,train,26,0,0,"50,100"
20377,train,64,0,0,100
20378,train,41,0,0,100
20379,train,41,0,0,100
20380,train,59,0,0,"50,100"
20382,train,50,0,0,100
20383,train,42,0,0,"25,100"
20384,train,38,0,0,"25,100"
20385,train,47,0,0,100
20386,train,40,0,0,"50,100"
20387,train,50,0,0,100
20389,train,45,0,0,"50,100"
20391,train,40,0,0,100
20392,train,28,0,0,"5,100"
20393,train,27,0,0,100
20394,train,39,0,0,"25,100"
20395,train,37,0,0,100
20396,train,46,0,0,100
20397,train,36,0,0,"25,100"
20398,train,28,0,0,"25,50,100"
20399,train,22,0,0,"25,100"
20400,train,25,0,0,"25,100"
20403,train,49,0,0,"50,100"
20404,train,62,0,0,100
20405,train,49,0,0,100
20406,train,52,0,0,"50,100"
20407,train,42,0,0,100
20408,train,61,0,0,100
20409,train,44,0,0,"25,100"
20410,train,65,0,0,"5,100"
20411,train,46,0,0,"25,50,100"
20412,train,44,0,0,"25,50,100"
20413,train,39,0,0,"50,100"
20419,train,21,0,0,100
20424,train,47,0,0,"25,100"
20426,train,49,0,0,100
20427,train,44,0,0,100
20428,train,44,0,0,"5,50,100"
20429,train,59,0,0,"50,100"
20430,train,51,0,0,"50,100"
20431,train,77,0,0,"25,50,100"
20434,train,74,0,0,100
20435,train,83,0,0,"50,100"
20436,train,73,0,0,100
20437,train,80,0,0,"50,100"
20438,train,81,0,0,100
20439,train,76,0,0,"50,100"
20440,train,83,0,0,"50,100"
20447,train,83,0,0,100
20448,train,74,0,0,"50,100"
20449,train,88,0,0,100
20450,train,78,0,0,100
20451,train,80,0,0,"25,50,100"
20452,train,87,0,0,100
20455,train,71,0,0,100
20456,train,84,0,0,"50,100"
20457,train,50,0,0,100
20458,train,52,0,0,"25,50,100"
20459,train,83,0,0,100
20461,train,85,0,0,"25,50,100"
20462,train,85,0,0,100
20463,train,85,0,0,"25,50,100"
20464,train,55,0,0,"50,100"
20465,train,54,0,0,"25,50,100"
20466,train,36,0,0,"25,100"
20467,train,42,0,0,"25,100"
20470,train,53,0,0,"50,100"
20472,train,55,0,0,"50,100"
20473,train,64,0,0,"50,100"
20474,train,58,0,0,100
20475,train,47,0,0,"50,100"
20476,train,44,0,0,100
20477,train,48,0,0,"50,100"
20478,train,50,0,0,"50,100"
20479,train,68,0,0,"50,100"
20480,train,57,0,0,"25,50,100"
20482,train,50,0,0,100
20483,train,61,0,0,"25,100"
20484,train,55,0,0,100
20485,train,50,0,0,"50,100"
20486,train,52,0,0,100
20487,train,43,0,0,100
20488,train,53,0,0,"50,100"
20490,train,65,0,0,"50,100"
20491,train,49,0,0,"1,25,100"
20492,train,32,0,0,"50,100"
20493,train,45,0,0,"25,100"
20494,train,68,0,0,"5,100"
20495,train,42,0,0,100
20496,train,52,0,0,100
20497,train,57,0,0,100
20498,train,66,0,0,100
20499,train,62,0,0,"50,100"
20505,train,47,0,0,"50,100"
20506,train,48,0,0,"50,100"
20507,train,41,0,0,"50,100"
20508,train,35,0,0,100
20509,train,61,0,0,"25,50,100"
20510,train,38,0,0,"50,100"
20511,train,49,0,0,100
20512,train,45,0,0,100
20513,train,57,0,0,"25,50,100"
20514,train,2,0,0,"25,100"
20515,train,39,0,0,100
20516,train,64,0,0,"25,50,100"
20517,train,65,0,0,100
20518,train,62,0,0,"25,100"
20519,train,47,0,0,"50,100"
20520,train,61,0,0,100
20521,train,53,0,0,"50,100"
20522,train,66,0,0,"5,100"
20525,train,48,0,0,"25,100"
20527,train,21,0,0,"50,100"
20528,train,23,0,0,"50,100"
20529,train,31,0,0,100
20532,train,49,0,0,"25,50,100"
20533,train,47,0,0,"25,100"
20534,train,37,0,0,100
20536,train,38,0,0,"25,100"
20542,train,36,0,0,100
20543,train,37,0,0,"50,100"
20544,train,35,0,0,"25,100"
20545,train,35,0,0,"50,100"
20546,train,37,0,0,"50,100"
20547,train,35,0,0,"50,100"
20549,train,26,0,0,"1,50,100"
20553,train,28,0,0,"50,100"
20554,train,4,0,0,100
20555,train,24,0,0,"25,50,100"
20562,train,34,0,0,"50,100"
20563,train,31,0,0,100
20564,train,26,0,0,"50,100"
20565,train,26,0,0,100
20566,train,35,0,0,"50,100"
20567,train,32,0,0,100
20568,train,30,0,0,"50,100"
20569,train,26,0,0,"50,100"
20570,train,34,0,0,"50,100"
20572,train,2,0,0,"50,100"
20573,train,12,0,0,"1,25,50,100"
20574,train,18,0,0,100
20575,train,2,0,0,100
20576,train,3,0,0,"25,100"
20577,train,4,0,0,"5,25,100"
20578,train,12,0,0,"50,100"
20579,train,20,0,0,100
20581,train,14,0,0,"25,50,100"
20582,train,15,0,0,"25,50,100"
20583,train,20,0,0,100
20590,train,45,0,0,100
20594,train,5,0,0,"1,50,100"
20603,train,1,0,0,"25,100"
20604,train,13,0,0,100
20611,train,41,0,0,"50,100"
20612,train,58,0,0,100
20614,train,51,0,0,"50,100"
20615,train,45,0,0,"50,100"
20618,train,45,0,0,"50,100"
20624,train,49,0,0,"25,50,100"
20627,train,29,1,0.0344827586,100
20628,train,25,0,0,"25,50,100"
20630,train,9,0,0,100
20631,train,15,0,0,"25,100"
20636,train,44,0,0,100
20637,train,59,0,0,100
20639,train,68,0,0,100
20640,train,70,0,0,100
20641,train,65,0,0,"50,100"
20642,train,69,0,0,100
20643,train,50,0,0,"1,100"
20644,train,68,0,0,100
20645,train,59,0,0,"50,100"
20646,train,49,0,0,"50,100"
20647,train,60,0,0,100
20649,train,39,0,0,100
20650,train,63,0,0,"50,100"
20651,train,68,0,0,"25,100"
20655,train,47,0,0,"50,100"
20657,train,60,0,0,100
20658,train,69,0,0,"5,25,50,100"
20659,train,61,0,0,"50,100"
20661,train,60,0,0,"25,100"
20662,train,62,0,0,"25,50,100"
20676,train,48,0,0,"50,100"
20678,train,39,0,0,"50,100"
20681,train,66,0,0,"50,100"
20682,train,57,0,0,"1,100"
20683,train,52,0,0,"50,100"
20684,train,48,0,0,"25,50,100"
20685,train,46,0,0,100
20686,train,55,0,0,100
20687,train,43,0,0,"50,100"
20690,train,53,0,0,100
20691,train,44,0,0,"25,100"
20692,train,20,0,0,"50,100"
20693,train,15,0,0,"25,100"
20695,train,30,0,0,"25,50,100"
20696,train,23,0,0,"50,100"
20698,train,24,0,0,"50,100"
20699,train,13,0,0,"50,100"
20702,train,44,0,0,100
20703,train,44,0,0,"50,100"
20707,train,6,0,0,100
20708,train,7,0,0,100
20709,train,5,0,0,"25,100"
20711,train,7,0,0,"50,100"
20713,train,10,0,0,100
20714,train,7,0,0,"50,100"
20715,train,8,0,0,"5,25,50,100"
20716,train,6,0,0,100
20722,train,46,0,0,"50,100"
20723,train,48,0,0,100
20724,train,24,0,0,"25,100"
20727,train,23,0,0,"50,100"
20728,train,29,0,0,100
20729,train,21,0,0,"25,100"
20735,train,46,0,0,"25,100"
20736,train,3,0,0,"50,100"
20737,train,22,0,0,100
20762,train,45,0,0,"50,100"
20763,train,50,0,0,100
20764,train,45,0,0,100
20765,train,67,0,0,"50,100"
20767,train,66,0,0,100
20769,train,64,0,0,100
20770,train,41,0,0,100
20771,train,64,0,0,"25,100"
20773,train,37,0,0,100
20774,train,18,0,0,"25,50,100"
20775,train,37,0,0,100
20790,train,46,0,0,100
20791,train,22,0,0,"50,100"
20792,train,17,0,0,"25,100"
20793,train,13,0,0,100
20794,train,69,0,0,"50,100"
20795,train,81,0,0,"50,100"
20796,train,73,0,0,"50,100"
20798,train,77,0,0,100
20799,train,70,0,0,"50,100"
20800,train,79,0,0,"50,100"
20801,train,82,0,0,"50,100"
20802,train,72,0,0,100
20803,train,69,0,0,100
20805,train,85,0,0,100
20806,train,82,0,0,"50,100"
20807,train,22,0,0,"50,100"
20808,train,11,0,0,"50,100"
20809,train,17,0,0,"25,50,100"
20810,train,13,0,0,"50,100"
20813,train,45,0,0,"50,100"
20814,train,10,0,0,"25,100"
20815,train,5,0,0,"25,50,100"
20816,train,33,0,0,"25,100"
20817,train,2,0,0,100
20818,train,2,0,0,"25,50,100"
20819,train,29,0,0,"50,100"
20820,train,32,0,0,100
20821,train,30,0,0,"50,100"
20822,train,32,0,0,100
20823,train,31,0,0,"50,100"
20824,train,45,0,0,"50,100"
20825,train,37,0,0,"50,100"
20826,train,29,0,0,"50,100"
20827,train,38,0,0,100
20828,train,29,0,0,100
20831,train,46,0,0,100
20834,train,14,0,0,"50,100"
20835,train,16,0,0,100
20836,train,1,0,0,100
20838,train,29,0,0,"50,100"
20839,train,2,0,0,100
20840,train,2,0,0,"25,50,100"
20841,train,41,0,0,100
20842,train,45,0,0,100
20843,train,36,0,0,"50,100"
20845,train,29,0,0,"25,50,100"
20847,train,25,0,0,100
20848,train,39,0,0,"50,100"
20849,train,42,0,0,"50,100"
20850,train,46,0,0,"50,100"
20851,train,38,0,0,"50,100"
20852,train,44,0,0,"50,100"
20853,train,35,0,0,100
20856,train,42,0,0,100
20858,train,38,0,0,"25,50,100"
20859,train,44,0,0,100
20860,train,50,0,0,"25,50,100"
20861,train,38,0,0,100
20862,train,51,0,0,100
20863,train,45,0,0,"50,100"
20864,train,65,0,0,100
20866,train,54,0,0,"25,100"
20867,train,43,0,0,100
20868,train,51,0,0,"50,100"
20869,train,41,0,0,100
20870,train,11,0,0,"50,100"
20871,train,18,0,0,"50,100"
20872,train,29,0,0,100
20873,train,23,0,0,100
20874,train,30,0,0,"5,50,100"
20876,train,50,0,0,100
20877,train,60,0,0,"25,100"
20878,train,49,0,0,"50,100"
20879,train,51,0,0,"25,100"
20880,train,5,0,0,"5,100"
20881,train,27,0,0,"25,100"
20884,train,51,0,0,"50,100"
20889,train,21,0,0,"25,100"
20898,train,11,0,0,100
20909,train,50,0,0,100
20917,train,3,0,0,100
20918,train,25,2,0.08,"50,100"
20919,train,25,0,0,"50,100"
20920,train,29,0,0,"25,50,100"
20922,train,16,0,0,"50,100"
20923,train,31,0,0,"50,100"
20924,train,19,0,0,"25,100"
20925,train,18,0,0,100
20926,train,15,0,0,100
20927,train,34,0,0,100
20961,train,41,0,0,"50,100"
20962,train,12,0,0,"1,100"
20963,train,5,0,0,"25,50,100"
20964,train,54,0,0,"25,100"
20965,train,43,0,0,"25,50,100"
20966,train,38,0,0,"50,100"
20967,train,28,0,0,"50,100"
20968,train,29,0,0,"50,100"
20969,train,10,0,0,"25,50,100"
20976,train,38,0,0,100
20977,train,41,0,0,"50,100"
20979,train,46,0,0,"25,50,100"
20980,train,46,0,0,"25,100"
20982,train,48,0,0,"25,100"
20983,train,46,0,0,100
20984,train,44,0,0,100
20985,train,48,0,0,100
20998,train,50,0,0,"50,100"
21004,train,30,0,0,100
21005,train,10,0,0,"50,100"
21006,train,17,0,0,100
21007,train,17,0,0,100
21008,train,84,0,0,"50,100"
21009,train,82,0,0,"50,100"
21010,train,21,0,0,"50,100"
21011,train,80,0,0,"25,100"
21013,train,42,0,0,100
21014,train,35,0,0,100
21015,train,70,0,0,"50,100"
21016,train,60,0,0,100
21045,train,26,0,0,"50,100"
21046,train,25,0,0,100
21049,train,16,0,0,"25,100"
21050,train,5,0,0,"25,100"
21051,train,10,0,0,100
21055,train,50,0,0,100
21056,train,4,0,0,"50,100"
21059,train,24,0,0,100
21060,train,24,0,0,"25,50,100"
21061,train,21,0,0,100
21062,train,11,0,0,"25,100"
21063,train,8,0,0,100
21066,train,6,0,0,"50,100"
21068,train,17,0,0,"50,100"
21069,train,10,0,0,100
21070,train,9,0,0,"50,100"
21071,train,18,0,0,100
21073,train,19,0,0,"25,50,100"
21074,train,10,0,0,"50,100"
21075,train,17,0,0,"25,50,100"
21084,train,47,0,0,"50,100"
21085,train,10,0,0,"50,100"
21086,train,6,0,0,"25,50,100"
21160,train,20,0,0,100
21161,train,26,0,0,"25,50,100"
21165,train,30,0,0,100
21167,train,33,0,0,"50,100"
21168,train,31,0,0,100
21169,train,34,0,0,100
21170,train,35,0,0,100
21171,train,32,0,0,"25,50,100"
21172,train,39,0,0,"25,100"
21257,train,47,0,0,"50,100"
21258,train,50,0,0,100
21259,train,69,0,0,"5,50,100"
21260,train,53,0,0,"50,100"
21262,train,37,0,0,100
21263,train,39,0,0,100
21266,train,36,0,0,"50,100"
21267,train,28,0,0,"50,100"
21268,train,21,0,0,100
21269,train,38,0,0,"50,100"
21270,train,28,0,0,"1,25,100"
21271,train,28,0,0,100
21272,train,32,0,0,"25,100"
21273,train,46,0,0,"50,100"
21274,train,41,0,0,"50,100"
21275,train,31,0,0,"25,100"
21276,train,42,0,0,"50,100"
21277,train,22,0,0,"25,50,100"
21278,train,31,0,0,"25,100"
21280,train,33,0,0,"25,50,100"
21284,train,30,0,0,100
21285,train,61,0,0,"50,100"
21286,train,61,0,0,"50,100"
21287,train,62,0,0,100
21288,train,64,0,0,100
21289,train,60,0,0,"5,50,100"
21290,train,68,0,0,100
21291,train,78,0,0,"50,100"
21293,train,75,0,0,"50,100"
21294,train,78,0,0,"50,100"
21295,train,80,0,0,"50,100"
21296,train,77,0,0,"50,100"
21297,train,75,0,0,"50,100"
21300,train,73,0,0,"1,50,100"
21301,train,73,0,0,100
21302,train,71,0,0,"5,50,100"
21303,train,68,0,0,100
21304,train,69,0,0,100
21308,train,46,0,0,"25,50,100"
21309,train,29,0,0,100
21310,train,17,0,0,"25,50,100"
21311,train,18,0,0,"50,100"
21313,train,18,0,0,"25,50,100"
21314,train,14,0,0,"50,100"
21315,train,26,0,0,"5,50,100"
21316,train,19,0,0,"50,100"
21317,train,21,0,0,"50,100"
21318,train,17,0,0,100
21319,train,29,0,0,"50,100"
21320,train,10,0,0,"50,100"
21321,train,9,0,0,100
21322,train,17,0,0,100
21323,train,31,0,0,100
21324,train,26,0,0,"50,100"
21325,train,17,0,0,100
21326,train,15,0,0,"50,100"
21327,train,29,0,0,"50,100"
21328,train,19,0,0,"25,50,100"
21329,train,10,0,0,100
21330,train,21,0,0,100
21333,train,52,0,0,100
21336,train,41,0,0,"1,100"
21338,train,33,0,0,"50,100"
21339,train,24,0,0,"5,100"
21340,train,19,0,0,"25,100"
21342,train,36,0,0,100
21343,train,55,0,0,"50,100"
21344,train,52,0,0,"25,100"
21346,train,38,0,0,"25,100"
21347,train,33,0,0,"5,25,100"
21348,train,28,0,0,"25,100"
21349,train,33,0,0,100
21350,train,31,0,0,100
21351,train,29,0,0,100
21352,train,12,0,0,"50,100"
21353,train,18,0,0,"25,100"
21354,train,22,0,0,"25,100"
21355,train,19,0,0,100
21356,train,83,0,0,100
21357,train,83,0,0,"50,100"
21358,train,83,0,0,"50,100"
21359,train,79,0,0,"50,100"
21362,train,45,0,0,"25,50,100"
21388,train,46,0,0,"25,50,100"
21412,train,83,0,0,"25,50,100"
21413,train,64,0,0,100
21417,train,8,0,0,"50,100"
21426,train,32,0,0,"5,25,50,100"
21427,train,18,0,0,100
21428,train,22,0,0,"5,50,100"
21429,train,26,0,0,"25,100"
21430,train,24,0,0,"5,100"
21433,train,46,0,0,100
21434,train,29,0,0,100
21435,train,24,0,0,"5,50,100"
21436,train,14,0,0,"50,100"
21437,train,26,0,0,"50,100"
21438,train,38,0,0,100
21444,train,49,0,0,"25,50,100"
21445,train,21,0,0,"25,50,100"
21446,train,23,0,0,"25,50,100"
21447,train,16,0,0,"50,100"
21449,train,19,0,0,"25,50,100"
21450,train,15,0,0,"50,100"
21452,train,19,0,0,100
21453,train,20,0,0,"25,100"
21454,train,10,0,0,100
21457,train,42,0,0,100
21461,train,25,0,0,"50,100"
21462,train,24,0,0,100
21463,train,27,0,0,"50,100"
21464,train,31,0,0,"50,100"
21465,train,28,0,0,100
21466,train,21,0,0,"50,100"
21467,train,22,0,0,"50,100"
21468,train,51,0,0,100
21469,train,2,0,0,"25,100"
21470,train,34,0,0,"25,50,100"
21471,train,39,0,0,100
21472,train,52,0,0,"5,100"
21473,train,55,0,0,"25,50,100"
21474,train,48,0,0,"50,100"
21475,train,32,0,0,100
21476,train,48,0,0,100
21479,train,45,0,0,"5,100"
21480,train,30,0,0,100
21483,train,16,0,0,"50,100"
21484,train,25,0,0,100
21485,train,28,0,0,"25,50,100"
21486,train,26,0,0,"25,50,100"
21487,train,20,0,0,"50,100"
21489,train,20,0,0,100
21490,train,19,0,0,"50,100"
21491,train,12,0,0,"25,50,100"
21492,train,1,0,0,100
21498,train,44,0,0,"5,100"
21499,train,36,0,0,"50,100"
21501,train,57,0,0,100
21502,train,45,0,0,100
21503,train,40,0,0,"1,100"
21504,train,31,0,0,"25,50,100"
21505,train,41,0,0,100
21506,train,52,0,0,100
21507,train,34,0,0,100
21508,train,43,0,0,"25,50,100"
21509,train,42,0,0,"25,50,100"
21511,train,41,0,0,"50,100"
21512,train,43,0,0,"50,100"
21514,train,40,0,0,"25,100"
21515,train,52,0,0,100
21516,train,43,0,0,"50,100"
21517,train,43,0,0,100
21518,train,50,0,0,"25,100"
21519,train,37,0,0,100
21523,train,21,0,0,"25,50,100"
21525,train,18,0,0,"25,50,100"
21548,train,42,0,0,100
21549,train,19,0,0,100
21550,train,26,0,0,100
21551,train,23,0,0,"25,100"
21552,train,18,0,0,100
21554,train,23,0,0,"50,100"
21555,train,22,0,0,"25,50,100"
21556,train,50,0,0,100
21557,train,42,0,0,"50,100"
21558,train,43,0,0,"50,100"
21559,train,32,0,0,100
21560,train,32,0,0,"50,100"
21561,train,53,0,0,"25,100"
21562,train,44,0,0,100
21563,train,46,0,0,"25,100"
21564,train,33,0,0,100
21565,train,42,0,0,"50,100"
21566,train,32,0,0,"50,100"
21567,train,17,0,0,100
21568,train,21,0,0,"25,100"
21569,train,37,0,0,"50,100"
21570,train,23,0,0,100
21571,train,20,0,0,100
21572,train,37,0,0,"50,100"
21573,train,36,0,0,"25,100"
21574,train,24,0,0,"50,100"
21576,train,15,0,0,"25,50,100"
21577,train,21,0,0,"25,50,100"
21578,train,29,0,0,100
21579,train,22,0,0,"50,100"
21582,train,42,0,0,100
21583,train,38,0,0,100
21584,train,36,0,0,"25,100"
21585,train,20,0,0,"25,50,100"
21586,train,22,0,0,100
21588,train,77,0,0,"50,100"
21589,train,73,0,0,"25,50,100"
21590,train,72,0,0,"50,100"
21591,train,40,0,0,"50,100"
21592,train,38,0,0,100
21593,train,21,0,0,"50,100"
21594,train,21,0,0,"50,100"
21595,train,44,0,0,"50,100"
21596,train,43,0,0,"25,50,100"
21618,train,39,0,0,"50,100"
21619,train,28,0,0,"50,100"
21620,train,38,0,0,"25,100"
21622,train,22,0,0,"50,100"
21623,train,14,0,0,"25,100"
21624,train,17,0,0,100
21625,train,22,0,0,"50,100"
21626,train,23,0,0,"25,100"
21627,train,24,0,0,100
21628,train,14,0,0,"25,50,100"
21632,train,42,0,0,"25,50,100"
21633,train,40,0,0,"50,100"
21635,train,42,0,0,100
21636,train,44,0,0,"50,100"
21637,train,40,0,0,"50,100"
21638,train,48,0,0,100
21639,train,45,0,0,"50,100"
21640,train,45,0,0,"25,50,100"
21641,train,27,0,0,"50,100"
21642,train,33,0,0,100
21646,train,39,0,0,"50,100"
21647,train,18,0,0,"25,100"
21648,train,24,0,0,100
21649,train,28,0,0,"25,50,100"
21651,train,7,0,0,"50,100"
21668,train,15,0,0,"50,100"
21681,train,37,0,0,"1,100"
21682,train,76,0,0,"25,100"
21683,train,72,0,0,"50,100"
21684,train,79,0,0,"25,50,100"
21685,train,79,0,0,"50,100"
21686,train,70,0,0,100
21687,train,70,0,0,"50,100"
21688,train,70,0,0,100
21689,train,43,0,0,"50,100"
21690,train,32,0,0,"25,50,100"
21691,train,39,0,0,100
21695,train,44,0,0,"25,50,100"
21696,train,75,0,0,100
21697,train,75,0,0,"5,100"
21698,train,72,0,0,100
21699,train,74,0,0,"25,50,100"
21701,train,75,0,0,100
21703,train,68,0,0,100
21704,train,71,0,0,"50,100"
21705,train,69,0,0,"25,50,100"
21706,train,67,0,0,100
21707,train,56,0,0,100
21708,train,68,0,0,"1,5,50,100"
21709,train,69,0,0,"50,100"
21711,train,72,0,0,"50,100"
21712,train,71,0,0,"50,100"
21713,train,62,0,0,100
21714,train,75,0,0,"50,100"
21715,train,44,0,0,"50,100"
21716,train,38,0,0,"25,50,100"
21717,train,3,0,0,"50,100"
21718,train,43,0,0,"50,100"
21719,train,42,0,0,"25,100"
21723,train,44,0,0,"50,100"
21724,train,40,0,0,"50,100"
21725,train,38,0,0,100
21727,train,16,0,0,"50,100"
21730,train,64,0,0,"50,100"
21735,train,91,0,0,"25,50,100"
21738,train,90,0,0,100
21739,train,88,0,0,"50,100"
21740,train,38,0,0,100
21741,train,65,0,0,"50,100"
21742,train,52,0,0,"50,100"
21744,train,35,0,0,100
21748,train,43,0,0,"25,50,100"
21749,train,56,0,0,"50,100"
21750,train,16,0,0,100
21752,train,29,0,0,"1,50,100"
21753,train,23,0,0,"50,100"
21754,train,22,0,0,100
21761,train,41,0,0,"50,100"
21773,train,72,0,0,"25,100"
21774,train,47,0,0,100
21775,train,70,0,0,100
21776,train,14,0,0,"5,100"
21777,train,30,0,0,"50,100"
21778,train,20,0,0,"25,50,100"
21779,train,33,0,0,"25,100"
21780,train,32,0,0,100
21781,train,38,0,0,100
21782,train,44,0,0,"25,100"
21784,train,41,0,0,"50,100"
21785,train,44,0,0,"25,100"
21786,train,34,0,0,"50,100"
21787,train,33,0,0,"25,50,100"
21788,train,39,0,0,100
21789,train,49,0,0,100
21790,train,34,0,0,100
21791,train,6,0,0,"50,100"
21792,train,35,0,0,"25,50,100"
21793,train,35,0,0,100
21796,train,44,0,0,"50,100"
21798,train,24,0,0,"25,100"
21800,train,5,0,0,100
21806,train,2,0,0,"50,100"
21810,train,26,0,0,"25,50,100"
21811,train,37,0,0,"25,50,100"
21815,train,58,0,0,"25,100"
21816,train,57,0,0,100
21817,train,57,0,0,100
21820,train,67,0,0,100
21821,train,41,0,0,"50,100"
21823,train,43,0,0,100
21824,train,4,0,0,"50,100"
21825,train,50,0,0,100
21826,train,39,0,0,100
21827,train,17,0,0,"25,100"
21828,train,54,0,0,"25,100"
21829,train,29,0,0,"50,100"
21831,train,50,0,0,"50,100"
21832,train,57,0,0,"50,100"
21833,train,36,0,0,"50,100"
21835,train,27,0,0,"50,100"
21836,train,9,0,0,100
21837,train,15,0,0,"25,50,100"
21838,train,18,0,0,100
21841,train,43,0,0,"50,100"
21844,train,16,0,0,"25,100"
21845,train,21,0,0,100
21846,train,20,0,0,100
21847,train,17,0,0,100
21848,train,30,0,0,100
21849,train,16,0,0,"25,50,100"
21850,train,4,0,0,100
21851,train,31,0,0,"25,100"
21853,train,28,0,0,"25,100"
21854,train,15,0,0,100
21855,train,25,0,0,"50,100"
21856,train,76,0,0,100
21857,train,75,0,0,"25,50,100"
21858,train,83,0,0,100
21859,train,80,0,0,"25,50,100"
21860,train,85,0,0,"25,100"
21861,train,83,0,0,"50,100"
21862,train,78,0,0,"25,50,100"
21863,train,26,0,0,100
21866,train,46,0,0,"25,50,100"
21867,train,73,0,0,"25,50,100"
21868,train,45,0,0,"25,50,100"
21869,train,35,0,0,100
21870,train,40,0,0,"25,100"
21871,train,48,0,0,"25,50,100"
21872,train,51,0,0,100
21873,train,40,0,0,"25,100"
21874,train,37,0,0,100
21875,train,46,0,0,100
21876,train,43,0,0,"25,100"
21877,train,48,0,0,"50,100"
21879,train,49,0,0,100
21881,train,42,0,0,"25,50,100"
21882,train,40,0,0,"50,100"
21883,train,35,0,0,100
21884,train,51,0,0,"25,50,100"
21886,train,54,0,0,"25,50,100"
21887,train,38,0,0,100
21888,train,53,0,0,"25,50,100"
21890,train,9,0,0,"25,50,100"
21891,train,20,0,0,100
21892,train,42,0,0,"25,50,100"
21895,train,45,0,0,100
21896,train,54,0,0,"25,50,100"
21897,train,26,0,0,"50,100"
21898,train,36,0,0,"25,100"
21899,train,37,0,0,"50,100"
21900,train,42,0,0,100
21901,train,46,0,0,"50,100"
21902,train,37,0,0,100
21904,train,32,0,0,100
21905,train,36,0,0,"50,100"
21906,train,22,0,0,"25,100"
21907,train,35,0,0,100
21908,train,24,0,0,100
21909,train,18,0,0,"50,100"
21910,train,23,0,0,"25,50,100"
21911,train,22,0,0,100
21912,train,3,0,0,"50,100"
21913,train,13,0,0,"50,100"
21916,train,46,0,0,"50,100"
21917,train,39,0,0,"50,100"
21918,train,41,0,0,100
21919,train,26,0,0,"50,100"
21920,train,15,0,0,"25,100"
21921,train,22,0,0,100
21922,train,39,0,0,"25,100"
21923,train,31,0,0,"5,25,50,100"
21934,train,27,0,0,"5,25,50,100"
21935,train,47,0,0,"50,100"
21937,train,36,0,0,"50,100"
21938,train,50,0,0,"25,50,100"
21939,train,36,0,0,"25,50,100"
21940,train,56,0,0,"5,50,100"
21941,train,57,0,0,"50,100"
21943,train,32,0,0,100
21944,train,36,0,0,"50,100"
21945,train,45,0,0,100
21946,train,12,0,0,"50,100"
21947,train,13,0,0,"25,50,100"
21951,train,41,0,0,100
21952,train,43,0,0,"25,50,100"
21953,train,8,0,0,100
21954,train,44,0,0,100
21958,train,45,0,0,"50,100"
21959,train,42,0,0,"50,100"
21962,train,62,0,0,100
21963,train,63,0,0,100
21964,train,64,0,0,"25,100"
21965,train,56,0,0,100
21966,train,53,0,0,"50,100"
21967,train,4,0,0,"25,100"
21968,train,16,0,0,100
21969,train,21,0,0,100
21970,train,42,0,0,100
21971,train,28,0,0,100
21972,train,39,0,0,"50,100"
21973,train,59,0,0,"50,100"
21974,train,64,0,0,100
21975,train,25,0,0,100
21976,train,25,0,0,100
21977,train,33,0,0,"50,100"
21978,train,35,0,0,"50,100"
21979,train,33,0,0,"50,100"
21980,train,19,0,0,"25,100"
21981,train,43,0,0,"25,50,100"
21982,train,22,0,0,100
21983,train,31,0,0,100
21984,train,35,0,0,100
21985,train,28,0,0,100
21986,train,26,0,0,100
21987,train,25,0,0,"1,5,100"
21988,train,35,0,0,"25,50,100"
21989,train,39,0,0,100
21990,train,22,0,0,100
21994,train,43,0,0,100
21996,train,21,0,0,"50,100"
21998,train,11,0,0,100
22008,train,26,1,0.0384615385,100
22022,train,45,0,0,100
22031,train,1,0,0,"25,50,100"
22039,train,4,0,0,"50,100"
22042,train,4,0,0,100
22043,train,8,0,0,100
22051,train,41,0,0,"25,100"
22052,train,40,0,0,"25,100"
22053,train,45,0,0,"50,100"
22054,train,37,0,0,100
22055,train,26,0,0,"25,100"
22056,train,32,0,0,"25,100"
22057,train,21,0,0,"50,100"
22058,train,20,0,0,100
22059,train,28,0,0,100
22060,train,31,0,0,100
22061,train,29,0,0,"25,50,100"
22062,train,25,0,0,"5,25,50,100"
22063,train,23,0,0,100
22064,train,19,0,0,100
22065,train,13,0,0,100
22066,train,21,0,0,100
22070,train,8,0,0,100
22071,train,34,0,0,"50,100"
22072,train,4,0,0,"50,100"
22073,train,34,0,0,"50,100"
22075,train,4,0,0,"25,50,100"
22077,train,28,0,0,"50,100"
22078,train,22,0,0,100
22080,train,16,0,0,100
22081,train,8,0,0,"25,100"
22082,train,21,0,0,"50,100"
22083,train,13,0,0,"50,100"
22084,train,17,0,0,100
22085,train,22,0,0,100
22086,train,23,0,0,"25,100"
22088,train,35,0,0,"50,100"
22089,train,22,0,0,"25,100"
22091,train,33,0,0,"25,50,100"
22092,train,44,0,0,"25,100"
22093,train,32,0,0,"25,50,100"
22094,train,54,0,0,"50,100"
22095,train,55,0,0,"50,100"
22098,train,43,0,0,100
22099,train,39,0,0,100
22100,train,27,0,0,"25,50,100"
22101,train,36,0,0,"50,100"
22102,train,45,0,0,"1,50,100"
22105,train,35,0,0,"50,100"
22110,train,45,0,0,100
22112,train,49,0,0,100
22113,train,49,0,0,100
22114,train,17,0,0,100
22115,train,36,0,0,"5,50,100"
22116,train,41,0,0,100
22117,train,37,0,0,100
22118,train,35,0,0,"50,100"
22119,train,35,0,0,100
22121,train,23,0,0,100
22122,train,43,0,0,"50,100"
22123,train,42,0,0,100
22124,train,36,0,0,100
22125,train,48,0,0,"25,100"
22126,train,51,0,0,100
22127,train,20,0,0,"50,100"
22129,train,15,0,0,100
22131,train,52,0,0,"25,50,100"
22132,train,38,0,0,100
22133,train,6,0,0,100
22134,train,37,0,0,"50,100"
22135,train,32,0,0,"5,25,50,100"
22136,train,27,0,0,100
22137,train,31,0,0,100
22138,train,30,0,0,"50,100"
22139,train,1,0,0,"50,100"
22140,train,15,0,0,100
22141,train,2,0,0,100
22144,train,31,0,0,"25,100"
22145,train,36,0,0,100
22146,train,37,0,0,100
22153,train,1,0,0,"50,100"
22167,train,41,0,0,100
22168,train,94,0,0,100
22169,train,88,0,0,100
22170,train,84,0,0,"25,50,100"
22171,train,85,0,0,"50,100"
22172,train,90,0,0,"25,100"
22173,train,87,0,0,"50,100"
22174,train,94,0,0,"5,100"
22175,train,82,0,0,100
22176,train,84,0,0,"50,100"
22177,train,51,0,0,100
22178,train,71,0,0,"25,50,100"
22179,train,86,0,0,"50,100"
22180,train,68,0,0,"25,100"
22181,train,78,0,0,100
22182,train,78,0,0,100
22183,train,84,0,0,100
22184,train,17,0,0,"50,100"
22191,train,2,0,0,"50,100"
22192,train,19,0,0,100
22195,train,37,0,0,100
22196,train,89,0,0,100
22197,train,88,0,0,"5,100"
22199,train,65,0,0,100
22200,train,81,0,0,"50,100"
22206,train,82,0,0,100
22209,train,44,0,0,"50,100"
22210,train,72,0,0,"50,100"
22211,train,80,0,0,"50,100"
22212,train,24,0,0,"50,100"
22213,train,21,0,0,"25,50,100"
22214,train,22,0,0,"50,100"
22215,train,20,0,0,"50,100"
22217,train,26,0,0,100
22219,train,41,0,0,"25,50,100"
22220,train,40,0,0,100
22221,train,40,0,0,"50,100"
22222,train,40,0,0,"25,100"
22223,train,34,0,0,100
22224,train,40,0,0,"25,50,100"
22225,train,32,0,0,100
22226,train,31,0,0,100
22227,train,26,0,0,100
22228,train,37,0,0,"25,50,100"
22229,train,26,0,0,"25,50,100"
22230,train,33,0,0,100
22231,train,46,0,0,100
22232,train,32,0,0,"50,100"
22233,train,30,0,0,100
22234,train,47,0,0,"50,100"
22235,train,53,0,0,"25,50,100"
22236,train,52,0,0,"25,50,100"
22237,train,30,0,0,100
22238,train,35,0,0,"25,50,100"
22241,train,43,0,0,"25,50,100"
22242,train,35,0,0,100
22243,train,42,0,0,100
22245,train,37,0,0,"25,50,100"
22246,train,29,0,0,"50,100"
22247,train,44,0,0,"50,100"
22248,train,43,0,0,100
22249,train,41,0,0,"50,100"
22251,train,1,0,0,"50,100"
22253,train,8,0,0,100
22254,train,26,0,0,"5,50,100"
22255,train,20,0,0,"50,100"
22258,train,43,0,0,"25,50,100"
22259,train,13,0,0,"50,100"
22260,train,25,0,0,100
22261,train,11,0,0,"25,50,100"
22263,train,15,0,0,100
22264,train,14,0,0,100
22265,train,1,0,0,100
22266,train,18,0,0,100
22267,train,23,0,0,100
22268,train,1,0,0,"50,100"
22270,train,22,0,0,"50,100"
22271,train,24,0,0,"5,50,100"
22276,train,19,0,0,"50,100"
22277,train,13,0,0,"5,50,100"
22278,train,24,0,0,"50,100"
22279,train,17,0,0,"50,100"
22287,train,31,0,0,"50,100"
22288,train,44,0,0,"25,50,100"
22290,train,2,0,0,100
22292,train,19,0,0,"50,100"
22294,train,2,0,0,"50,100"
22296,train,25,0,0,"25,50,100"
22297,train,31,0,0,"50,100"
22298,train,16,0,0,"50,100"
22300,train,16,0,0,100
22301,train,16,0,0,"50,100"
22302,train,25,0,0,"25,100"
22303,train,32,0,0,"50,100"
22304,train,32,0,0,"50,100"
22305,train,30,0,0,"50,100"
22306,train,30,0,0,"25,50,100"
22308,train,30,0,0,100
22309,train,29,0,0,"25,50,100"
22312,train,28,0,0,"5,50,100"
22313,train,24,0,0,"50,100"
22315,train,29,0,0,"5,100"
22316,train,18,0,0,"25,50,100"
22317,train,27,0,0,100
22321,train,41,0,0,100
22322,train,33,0,0,"5,100"
22323,train,38,0,0,"25,100"
22324,train,15,0,0,"50,100"
22325,train,14,0,0,100
22326,train,34,0,0,100
22327,train,41,0,0,"25,50,100"
22328,train,15,0,0,"5,100"
22329,train,21,0,0,"5,50,100"
22331,train,13,0,0,100
22332,train,23,0,0,"50,100"
22339,train,28,0,0,"50,100"
22340,train,23,0,0,100
22341,train,28,0,0,100
22343,train,25,0,0,"50,100"
22344,train,24,0,0,"5,25,100"
22346,train,10,0,0,"50,100"
22348,train,22,0,0,"50,100"
22351,train,30,0,0,100
22629,train,40,0,0,100
22630,train,29,0,0,100
22631,train,3,0,0,"50,100"
22632,train,6,0,0,"50,100"
22633,train,1,0,0,"50,100"
22634,train,10,0,0,"50,100"
22635,train,4,0,0,"50,100"
22636,train,5,0,0,100
22637,train,7,0,0,"50,100"
22638,train,18,0,0,"25,100"
22639,train,3,0,0,"50,100"
22640,train,1,0,0,"50,100"
22641,train,1,0,0,"50,100"
22642,train,3,0,0,"50,100"
22646,train,45,0,0,"25,50,100"
22647,train,42,0,0,"25,100"
22649,train,56,0,0,"25,100"
22650,train,36,0,0,100
22651,train,36,0,0,"50,100"
22652,train,25,0,0,100
22653,train,32,0,0,100
22654,train,29,0,0,100
22655,train,26,0,0,100
22656,train,28,0,0,"50,100"
22657,train,35,0,0,"50,100"
22658,train,53,0,0,"50,100"
22659,train,23,0,0,"50,100"
22660,train,30,0,0,"1,50,100"
22662,train,33,0,0,"50,100"
22664,train,34,0,0,"25,50,100"
22665,train,7,0,0,"50,100"
22666,train,17,0,0,"1,50,100"
22667,train,1,0,0,"25,100"
22671,train,41,0,0,"25,100"
22672,train,2,0,0,"25,100"
22674,train,14,0,0,"25,50,100"
22675,train,4,0,0,"50,100"
22677,train,9,0,0,100
22678,train,12,0,0,"50,100"
22679,train,8,0,0,"25,100"
22686,train,23,0,0,100
22687,train,15,0,0,"50,100"
22688,train,16,0,0,"5,50,100"
22689,train,6,0,0,100
22690,train,49,0,0,100
22691,train,52,0,0,100
22692,train,37,0,0,"25,50,100"
22693,train,22,0,0,100
22694,train,36,0,0,100
22695,train,6,0,0,"50,100"
22696,train,1,0,0,"50,100"
22697,train,10,0,0,100
22698,train,8,0,0,100
22699,train,1,0,0,"50,100"
22702,train,45,0,0,"50,100"
22713,train,43,0,0,"50,100"
22714,train,73,0,0,"25,50,100"
22715,train,74,0,0,"50,100"
22716,train,43,0,0,100
22717,train,21,0,0,100
22718,train,42,0,0,"50,100"
22721,train,36,0,0,100
22722,train,42,0,0,100
22723,train,42,0,0,"1,100"
22725,train,19,0,0,"25,50,100"
22726,train,21,0,0,"25,50,100"
22729,train,1,0,0,"50,100"
22730,train,24,0,0,100
22731,train,21,0,0,"25,50,100"
22732,train,61,0,0,"50,100"
22733,train,67,0,0,100
22734,train,53,0,0,100
22735,train,56,0,0,"25,50,100"
22736,train,27,0,0,100
22737,train,26,0,0,100
22738,train,31,0,0,"50,100"
22743,train,1,0,0,"25,100"
22744,train,15,1,0.0666666667,"50,100"
22749,train,10,0,0,"50,100"
22754,train,40,0,0,"5,50,100"
22755,train,18,0,0,100
22756,train,20,0,0,"50,100"
22758,train,25,0,0,100
22759,train,35,0,0,100
22761,train,6,0,0,"50,100"
22762,train,5,0,0,"25,100"
22765,train,1,0,0,"50,100"
22767,train,3,0,0,"25,50,100"
22768,train,11,0,0,"25,100"
22769,train,10,0,0,"25,50,100"
22772,train,40,0,0,"25,100"
22773,train,8,0,0,"50,100"
22774,train,30,0,0,"25,100"
22775,train,48,0,0,"50,100"
22776,train,45,0,0,"50,100"
22777,train,27,0,0,"25,100"
22778,train,22,0,0,"25,50,100"
22779,train,26,0,0,"25,50,100"
22780,train,23,0,0,"50,100"
22781,train,24,0,0,"50,100"
22782,train,32,0,0,"50,100"
22783,train,14,0,0,"50,100"
22784,train,2,0,0,100
22786,train,19,0,0,"25,50,100"
22787,train,8,0,0,"25,100"
22788,train,20,0,0,100
22790,train,14,0,0,100
22791,train,19,0,0,"25,50,100"
22792,train,24,0,0,100
22793,train,10,0,0,"25,50,100"
22794,train,14,0,0,"50,100"
22795,train,20,0,0,100
22796,train,19,0,0,"25,100"
22797,train,16,0,0,"25,100"
22798,train,4,0,0,"50,100"
22799,train,1,0,0,"50,100"
22801,train,10,0,0,100
22802,train,17,0,0,100
22803,train,12,0,0,"50,100"
22804,train,10,0,0,100
22805,train,1,0,0,100
22806,train,4,0,0,"25,50,100"
22807,train,37,0,0,"50,100"
22810,train,42,0,0,100
22811,train,17,0,0,"50,100"
22812,train,18,0,0,"50,100"
22813,train,18,0,0,100
22814,train,19,0,0,100
22816,train,21,0,0,"50,100"
22817,train,26,0,0,"25,100"
22820,train,8,0,0,"50,100"
22821,train,5,0,0,100
22822,train,1,0,0,"50,100"
22824,train,4,0,0,"25,50,100"
22825,train,6,0,0,"25,50,100"
22922,train,19,0,0,"25,100"
22923,train,25,0,0,"25,50,100"
22924,train,18,0,0,"50,100"
22925,train,24,0,0,"50,100"
22926,train,18,0,0,"50,100"
22927,train,20,0,0,"25,100"
22928,train,28,0,0,100
22929,train,20,0,0,100
22930,train,33,0,0,"25,100"
22933,train,25,0,0,"25,50,100"
22935,train,20,0,0,"50,100"
22937,train,39,0,0,100
22941,train,33,0,0,"50,100"
22942,train,36,0,0,"25,100"
22943,train,40,0,0,"50,100"
22944,train,72,0,0,"5,100"
22946,train,70,0,0,100
22947,train,72,0,0,"25,100"
22948,train,32,0,0,"50,100"
22949,train,35,0,0,"25,100"
22951,train,35,0,0,"50,100"
22952,train,74,0,0,"25,50,100"
22953,train,69,0,0,100
22954,train,73,0,0,"25,50,100"
22955,train,41,0,0,100
22956,train,40,0,0,100
22957,train,37,0,0,100
22958,train,72,0,0,"50,100"
22959,train,60,0,0,"50,100"
22960,train,65,0,0,100
22965,train,34,0,0,"50,100"
22966,train,39,0,0,"50,100"
22967,train,32,0,0,100
22968,train,36,0,0,"50,100"
22969,train,35,0,0,"50,100"
22970,train,43,0,0,"25,100"
22971,train,45,0,0,"5,50,100"
22975,train,38,0,0,"50,100"
22976,train,40,0,0,"50,100"
22977,train,41,0,0,"25,50,100"
22978,train,34,0,0,"50,100"
22979,train,47,0,0,"25,100"
22980,train,37,0,0,"50,100"
22981,train,42,0,0,"50,100"
22982,train,41,0,0,"5,100"
22983,train,48,0,0,"25,50,100"
22984,train,36,0,0,"25,50,100"
22985,train,46,0,0,100
22986,train,42,0,0,"50,100"
22987,train,58,0,0,"25,50,100"
22988,train,58,0,0,"50,100"
22989,train,32,0,0,100
22992,train,34,0,0,"25,100"
22993,train,40,0,0,100
22997,train,49,0,0,"50,100"
22998,train,42,0,0,100
23000,train,52,0,0,"50,100"
23001,train,41,0,0,"25,50,100"
23005,train,64,0,0,100
23007,train,67,0,0,"25,50,100"
23009,train,50,0,0,"25,50,100"
23010,train,57,0,0,"25,100"
23014,train,68,0,0,100
23015,train,74,0,0,100
23017,train,56,0,0,"50,100"
23018,train,54,0,0,"25,100"
23129,train,35,0,0,"50,100"
23141,train,31,0,0,"25,50,100"
23142,train,31,0,0,"50,100"
23143,train,28,0,0,"5,50,100"
23144,train,33,0,0,"5,25,50,100"
23156,train,30,0,0,100
23158,train,32,0,0,"5,25,100"
23161,train,35,0,0,"5,100"
23162,train,53,0,0,"5,100"
23163,train,74,0,0,"25,50,100"
23164,train,74,0,0,"5,100"
23165,train,66,0,0,"25,50,100"
23167,train,70,0,0,100
23168,train,47,0,0,"50,100"
23169,train,68,0,0,"25,50,100"
23172,train,45,0,0,"50,100"
23173,train,37,0,0,100
23181,train,38,0,0,"50,100"
23211,train,30,0,0,"25,100"
23273,train,40,0,0,"50,100"
23274,train,11,0,0,"50,100"
23275,train,24,0,0,"25,50,100"
23276,train,19,0,0,"25,50,100"
23279,train,24,0,0,"50,100"
23280,train,24,0,0,100
23281,train,31,0,0,"25,50,100"
23282,train,34,0,0,"50,100"
23284,train,30,0,0,"50,100"
23285,train,31,0,0,100
23286,train,41,0,0,"50,100"
23287,train,17,0,0,"5,100"
23288,train,35,0,0,"25,50,100"
23289,train,40,0,0,"25,50,100"
23290,train,42,0,0,"5,25,50,100"
23292,train,39,0,0,100
23302,train,32,0,0,100
23303,train,1,0,0,100
23304,train,32,0,0,"25,100"
23305,train,9,0,0,"50,100"
23306,train,37,0,0,100
23309,train,38,0,0,100
23311,train,11,0,0,100
23312,train,30,0,0,"50,100"
23315,train,71,0,0,"5,100"
23316,train,68,0,0,"50,100"
23317,train,66,0,0,"50,100"
23318,train,69,0,0,"50,100"
23319,train,15,0,0,"25,50,100"
23320,train,15,0,0,"5,50,100"
23321,train,64,0,0,100
23322,train,50,0,0,100
23323,train,47,0,0,100
23324,train,50,0,0,"25,100"
23325,train,51,0,0,100
23326,train,51,0,0,"25,100"
23327,train,51,0,0,"25,50,100"
23328,train,51,0,0,"5,50,100"
23329,train,50,0,0,"25,50,100"
23330,train,51,0,0,100
23331,train,51,0,0,100
23332,train,23,0,0,100
23333,train,18,0,0,100
23336,train,44,0,0,"5,50,100"
23337,train,55,0,0,100
23338,train,55,0,0,"50,100"
23339,train,57,0,0,"50,100"
23340,train,48,0,0,"50,100"
23341,train,2,0,0,100
23342,train,33,0,0,100
23343,train,13,0,0,100
23344,train,46,0,0,"25,50,100"
23345,train,50,0,0,"25,100"
23346,train,51,0,0,"25,100"
23347,train,47,0,0,100
23348,train,51,0,0,100
23349,train,50,0,0,"50,100"
23350,train,51,0,0,100
23351,train,48,0,0,100
23352,train,51,0,0,100
23353,train,50,0,0,"50,100"
23354,train,52,0,0,"25,100"
23355,train,31,0,0,"25,50,100"
23356,train,46,0,0,"50,100"
23357,train,31,0,0,"50,100"
23358,train,45,0,0,100
23359,train,46,0,0,100
23360,train,45,0,0,"50,100"
23361,train,43,0,0,"50,100"
23362,train,33,0,0,"25,50,100"
23365,train,45,0,0,"25,100"
23367,train,72,0,0,100
23368,train,45,0,0,"50,100"
23369,train,69,0,0,100
23370,train,52,0,0,"25,100"
23371,train,59,0,0,"25,50,100"
23372,train,66,0,0,100
23375,train,44,0,0,"25,50,100"
23376,train,46,0,0,"25,100"
23378,train,41,0,0,100
23379,train,43,0,0,100
23380,train,61,0,0,"50,100"
23383,train,68,0,0,100
23384,train,46,0,0,"5,50,100"
23385,train,59,0,0,100
23386,train,58,0,0,"5,25,100"
23387,train,46,0,0,100
23388,train,45,0,0,"50,100"
23389,train,56,0,0,"50,100"
23390,train,33,0,0,"50,100"
23391,train,37,0,0,"50,100"
23392,train,25,0,0,100
23394,train,38,0,0,100
23395,train,40,0,0,"50,100"
23398,train,40,0,0,"50,100"
23399,train,12,0,0,100
23400,train,62,0,0,"50,100"
23402,train,14,0,0,100
23405,train,41,1,0.0243902439,"5,50,100"
23411,train,43,0,0,100
23412,train,33,0,0,100
23426,train,83,0,0,100
23427,train,32,0,0,100
23428,train,25,0,0,"25,100"
23429,train,23,0,0,"5,25,50,100"
23430,train,26,0,0,"50,100"
23431,train,29,0,0,"25,50,100"
23432,train,17,0,0,100
23433,train,22,0,0,100
23436,train,24,0,0,"25,100"
23439,train,27,0,0,"25,50,100"
23441,train,41,0,0,"50,100"
23442,train,32,0,0,"50,100"
23444,train,33,0,0,"50,100"
23445,train,55,0,0,"1,50,100"
23446,train,33,0,0,"50,100"
23447,train,40,0,0,"5,100"
23448,train,31,0,0,"50,100"
23450,train,54,0,0,100
23451,train,56,0,0,100
23452,train,41,0,0,"50,100"
23453,train,48,0,0,100
23456,train,47,0,0,"50,100"
23457,train,32,0,0,"25,50,100"
23459,train,41,0,0,"50,100"
23460,train,30,0,0,"25,100"
23461,train,25,0,0,"5,100"
23462,train,5,0,0,"25,100"
23463,train,24,0,0,"50,100"
23474,train,37,0,0,"50,100"
23475,train,12,0,0,100
23476,train,37,0,0,"50,100"
23478,train,25,0,0,"5,100"
23479,train,37,0,0,"50,100"
23480,train,12,0,0,"25,100"
23481,train,33,0,0,"25,50,100"
23484,train,48,0,0,"50,100"
23486,train,6,0,0,"50,100"
23487,train,28,0,0,100
23488,train,25,0,0,"50,100"
23489,train,25,0,0,"50,100"
23490,train,75,0,0,"50,100"
23491,train,28,0,0,100
23492,train,79,0,0,100
23493,train,81,0,0,"50,100"
23494,train,81,0,0,100
23495,train,6,0,0,"50,100"
23496,train,16,0,0,"25,50,100"
23497,train,15,0,0,100
23498,train,14,0,0,"50,100"
23515,train,45,0,0,"50,100"
23516,train,47,0,0,100
23519,train,42,0,0,100
23521,train,10,0,0,"50,100"
23522,train,1,0,0,100
23523,train,30,0,0,"50,100"
23524,train,1,0,0,100
23525,train,40,0,0,100
23526,train,29,0,0,100
23527,train,20,0,0,100
23528,train,44,0,0,"50,100"
23529,train,8,0,0,"50,100"
23530,train,68,0,0,100
23531,train,41,0,0,"25,100"
23532,train,43,0,0,100
23533,train,51,0,0,"50,100"
23534,train,73,0,0,"50,100"
23535,train,67,0,0,"25,100"
23536,train,41,0,0,"25,100"
23537,train,45,0,0,100
23583,train,46,0,0,100
23584,train,26,0,0,"25,100"
23585,train,26,0,0,100
23586,train,20,0,0,"25,100"
23589,train,44,0,0,100
23590,train,27,0,0,"25,100"
23591,train,26,0,0,"25,50,100"
23592,train,44,0,0,100
23593,train,24,0,0,"25,100"
23594,train,25,0,0,"50,100"
23595,train,25,0,0,"50,100"
23596,train,25,0,0,"25,50,100"
23597,train,28,0,0,"25,100"
23598,train,39,0,0,"25,100"
23600,train,36,0,0,100
23601,train,28,0,0,100
23602,train,31,0,0,100
23603,train,32,0,0,100
23604,train,32,0,0,"25,50,100"
23605,train,22,0,0,100
23606,train,28,0,0,100
23607,train,30,0,0,"50,100"
23608,train,27,0,0,100
23609,train,33,0,0,"50,100"
23610,train,42,0,0,"50,100"
23611,train,65,0,0,"50,100"
23612,train,12,0,0,"25,50,100"
23613,train,6,0,0,"25,50,100"
23616,train,6,0,0,100
23617,train,9,0,0,"25,50,100"
23618,train,28,0,0,"25,50,100"
23619,train,7,0,0,"50,100"
23620,train,3,0,0,"25,100"
23621,train,27,0,0,"25,50,100"
23624,train,40,0,0,"25,100"
23626,train,46,0,0,100
23627,train,47,0,0,"50,100"
23631,train,35,0,0,"50,100"
23632,train,38,0,0,"50,100"
23633,train,26,0,0,"25,100"
23696,train,4,0,0,"50,100"
23739,train,11,1,0.0909090909,100
23775,train,41,0,0,"25,50,100"
23776,train,58,0,0,100
23777,train,74,0,0,"25,50,100"
23778,train,59,0,0,100
23779,train,50,0,0,"25,100"
23780,train,50,0,0,"25,50,100"
23781,train,71,0,0,"50,100"
23790,train,44,0,0,"25,50,100"
23792,train,36,0,0,"50,100"
23795,train,69,0,0,"25,50,100"
23807,train,1,0,0,100
23808,train,1,0,0,100
23809,train,26,0,0,"50,100"
23811,train,33,0,0,100
23812,train,30,0,0,"5,100"
23813,train,32,0,0,"50,100"
23821,train,1,0,0,100
23824,train,1,0,0,"50,100"
23826,train,1,0,0,"25,50,100"
23827,train,1,0,0,"50,100"
23828,train,1,0,0,"25,100"
23834,train,3,0,0,100
23852,train,4,0,0,"50,100"
23866,train,1,0,0,100
23880,train,5,0,0,"50,100"
23882,train,1,0,0,100
23886,train,26,0,0,"50,100"
23888,train,2,0,0,"50,100"
23889,train,2,0,0,"50,100"
23890,train,8,0,0,"50,100"
23891,train,1,0,0,"50,100"
23892,train,1,0,0,100
23893,train,1,0,0,100
23894,train,1,0,0,100
23897,train,6,0,0,"25,100"
23898,train,6,0,0,"5,50,100"
23900,train,52,0,0,"50,100"
23901,train,4,0,0,100
23904,train,2,0,0,"25,50,100"
23905,train,7,0,0,"50,100"
23906,train,4,0,0,"50,100"
23908,train,5,0,0,"50,100"
23912,train,4,0,0,100
23914,train,1,0,0,"50,100"
23915,train,3,0,0,"50,100"
23916,train,2,0,0,"50,100"
23922,train,3,0,0,"25,100"
23923,train,2,0,0,"50,100"
23924,train,2,0,0,100
23932,train,2,0,0,"50,100"
23933,train,1,0,0,"50,100"
23936,train,2,0,0,"25,50,100"
23938,train,2,0,0,"50,100"
23941,train,3,0,0,100
23942,train,3,0,0,100
23944,train,2,0,0,100
23967,train,74,0,0,100
23968,train,79,0,0,100
23970,train,79,0,0,"50,100"
23972,train,79,0,0,"50,100"
23973,train,73,0,0,"25,100"
23974,train,79,0,0,"50,100"
23975,train,57,0,0,"50,100"
23979,train,78,0,0,"50,100"
23980,train,76,0,0,100
23982,train,47,0,0,"50,100"
23983,train,46,0,0,100
23984,train,15,0,0,100
23985,train,32,0,0,100
23986,train,45,0,0,"25,50,100"
23987,train,75,0,0,100
23988,train,42,0,0,"50,100"
23990,train,74,0,0,100
23991,train,32,0,0,"25,50,100"
23992,train,76,0,0,100
23993,train,78,0,0,"5,100"
23994,train,36,0,0,"50,100"
23995,train,75,0,0,100
23997,train,71,0,0,"25,50,100"
23999,train,42,0,0,"50,100"
24000,train,58,0,0,"50,100"
24004,train,1,0,0,100
24005,train,20,0,0,"50,100"
24016,train,13,0,0,"50,100"
24018,train,8,0,0,"50,100"
24019,train,6,0,0,100
24020,train,2,0,0,100
24021,train,2,0,0,"50,100"
24022,train,9,0,0,100
24023,train,1,0,0,"50,100"
24024,train,13,0,0,"5,100"
24028,train,1,0,0,100
24029,train,9,0,0,"25,100"
24030,train,10,0,0,"25,100"
24033,train,6,0,0,"50,100"
24034,train,3,0,0,100
24036,train,14,0,0,"50,100"
24040,train,12,0,0,"25,100"
24047,train,1,0,0,"25,50,100"
24069,train,1,0,0,"50,100"
24070,train,21,0,0,100
24074,train,4,0,0,"5,100"
24075,train,10,0,0,"50,100"
24076,train,16,0,0,"50,100"
24077,train,1,0,0,"25,100"
24079,train,1,0,0,"50,100"
24081,train,1,0,0,100
24082,train,1,0,0,"50,100"
24089,train,36,0,0,100
24125,train,1,0,0,"50,100"
24141,train,75,0,0,100
24142,train,20,0,0,"50,100"
24143,train,31,0,0,"50,100"
24144,train,26,0,0,"50,100"
24159,train,5,0,0,"50,100"
24160,train,1,0,0,"25,100"
24164,train,1,0,0,"25,100"
24166,train,1,0,0,100
24167,train,1,0,0,100
24168,train,1,0,0,100
24170,train,1,0,0,"25,100"
24171,train,1,0,0,100
24174,train,2,0,0,"50,100"
24175,train,1,0,0,100
24177,train,1,0,0,100
24195,train,29,0,0,100
24196,train,25,0,0,100
24197,train,2,0,0,100
24200,train,1,0,0,100
24212,train,6,0,0,100
24213,train,9,0,0,100
24218,train,1,0,0,100
24280,train,1,0,0,100
24392,train,44,0,0,100
24397,train,85,0,0,100
24398,train,77,0,0,100
24415,train,1,0,0,100
24416,train,1,0,0,100
24428,train,6,0,0,"50,100"
24432,train,7,0,0,100
24463,train,2,0,0,"50,100"
24473,train,34,0,0,"25,100"
24475,train,5,0,0,100
24477,train,4,0,0,100
24479,train,1,0,0,"50,100"
24480,train,1,0,0,100
24481,train,33,0,0,"25,50,100"
24482,train,1,0,0,"50,100"
24503,train,39,0,0,100
24513,train,52,0,0,"50,100"
24531,train,1,0,0,"50,100"
24590,train,1,0,0,"50,100"
24615,train,1,0,0,"50,100"
24616,train,1,0,0,"50,100"
24617,train,1,0,0,100
24621,train,1,0,0,"25,100"
24622,train,1,0,0,100
24623,train,1,0,0,"25,100"
24624,train,2,0,0,"25,50,100"
24625,train,1,0,0,"50,100"
24627,train,2,0,0,"50,100"
24658,train,4,0,0,100
24659,train,2,0,0,100
24661,train,1,0,0,"50,100"
24676,train,1,0,0,100
24680,train,1,0,0,100
24691,train,13,0,0,100
24692,train,11,0,0,"50,100"
24693,train,9,0,0,"50,100"
24694,train,8,0,0,"50,100"
24695,train,11,0,0,100
24697,train,10,0,0,100
24726,train,11,0,0,"25,50,100"
24747,train,1,0,0,"50,100"
24748,train,2,0,0,100
24750,train,1,0,0,100
24753,train,1,0,0,"50,100"
24755,train,2,0,0,100
24757,train,1,0,0,"25,100"
24758,train,3,0,0,"25,50,100"
24760,train,1,0,0,"50,100"
24781,train,52,0,0,"25,100"
24816,train,19,0,0,"50,100"
24820,train,18,0,0,"50,100"
24821,train,20,0,0,"25,100"
24822,train,19,0,0,"50,100"
24823,train,26,0,0,100
24826,train,23,0,0,"5,50,100"
24827,train,35,0,0,100
24828,train,1,0,0,"25,50,100"
24831,train,1,0,0,100
24833,train,25,0,0,100
24840,train,62,0,0,"50,100"
24843,train,55,0,0,"25,50,100"
24845,train,59,0,0,"25,100"
24846,train,51,0,0,"25,50,100"
24847,train,64,0,0,"25,100"
24848,train,75,0,0,100
24849,train,64,0,0,"50,100"
24850,train,52,0,0,100
24851,train,65,0,0,100
24860,train,2,0,0,"5,50,100"
24862,train,3,0,0,"25,50,100"
24863,train,2,0,0,100
24864,train,1,0,0,"50,100"
24867,train,7,0,0,"50,100"
24868,train,8,0,0,"25,50,100"
24887,train,1,0,0,"5,50,100"
24897,train,1,0,0,100
24905,train,1,0,0,"25,100"
24918,train,11,1,0.0909090909,100
24922,train,1,0,0,100
24926,train,1,0,0,"5,50,100"
24929,train,1,0,0,100
24934,train,1,0,0,100
24999,train,2,0,0,"5,100"
25000,train,1,0,0,100
25003,train,1,0,0,"50,100"
25004,train,28,0,0,"25,50,100"
25016,train,32,0,0,100
25017,train,1,0,0,"25,50,100"
25021,train,68,0,0,"1,50,100"
25023,train,62,0,0,100
25024,train,81,0,0,"25,50,100"
25026,train,2,0,0,100
25027,train,1,0,0,100
25029,train,1,0,0,100
25030,train,2,0,0,100
25034,train,4,0,0,100
25096,train,1,0,0,"50,100"
25108,train,6,0,0,"50,100"
25123,train,7,0,0,"25,50,100"
25142,train,1,0,0,"5,100"
25149,train,20,0,0,100
25150,train,23,0,0,"25,50,100"
25151,train,7,0,0,"50,100"
25154,train,6,0,0,100
25155,train,4,0,0,"50,100"
25156,train,22,0,0,"25,50,100"
25157,train,3,0,0,"25,50,100"
25161,train,2,0,0,"25,50,100"
25162,train,4,0,0,"50,100"
25165,train,2,0,0,"25,50,100"
25166,train,3,0,0,"25,100"
25167,train,1,0,0,"50,100"
25168,train,2,0,0,"25,50,100"
25169,train,3,0,0,"25,100"
25173,train,10,0,0,"50,100"
25174,train,6,0,0,"25,50,100"
25175,train,5,0,0,100
25194,train,2,0,0,"5,50,100"
25206,train,1,0,0,"5,25,100"
25207,train,12,0,0,"50,100"
25212,train,11,0,0,"50,100"
25213,train,6,0,0,"50,100"
25214,train,26,0,0,100
25215,train,4,0,0,"50,100"
25216,train,4,0,0,"5,50,100"
25217,train,3,0,0,"25,50,100"
25218,train,4,0,0,"50,100"
25219,train,1,0,0,"50,100"
25220,train,2,0,0,100
25221,train,1,0,0,"5,25,100"
25222,train,4,0,0,"50,100"
25223,train,2,0,0,"50,100"
25224,train,5,0,0,"50,100"
25225,train,2,0,0,100
25228,train,2,0,0,100
25234,train,1,0,0,"50,100"
25248,train,2,0,0,"25,100"
25277,train,1,0,0,"25,50,100"
25278,train,17,0,0,"25,100"
25279,train,31,0,0,100
25280,train,28,0,0,"50,100"
25282,train,44,0,0,"25,100"
25284,train,43,0,0,"50,100"
25288,train,23,0,0,100
25292,train,24,0,0,"50,100"
25294,train,24,0,0,100
25300,train,10,0,0,100
25301,train,1,0,0,100
25303,train,5,0,0,100
25304,train,1,0,0,100
25309,train,5,0,0,"1,100"
25325,train,2,0,0,"50,100"
25326,train,4,0,0,"50,100"
25327,train,2,0,0,100
25328,train,4,0,0,"50,100"
25329,train,2,0,0,100
25330,train,4,0,0,100
25331,train,4,0,0,"50,100"
25332,train,3,0,0,"25,100"
25333,train,3,0,0,"50,100"
25334,train,3,0,0,"50,100"
25336,train,3,0,0,100
25337,train,2,0,0,"50,100"
25338,train,3,0,0,"25,100"
25339,train,2,0,0,100
25340,train,3,0,0,"50,100"
25341,train,3,0,0,"50,100"
25342,train,2,0,0,"50,100"
25343,train,2,0,0,"25,50,100"
25346,train,31,0,0,"25,50,100"
25353,train,5,0,0,"50,100"
25355,train,2,0,0,100
25607,train,4,0,0,"50,100"
25616,train,4,0,0,"50,100"
25656,train,9,0,0,"50,100"
25664,train,2,0,0,"50,100"
25665,train,4,0,0,"50,100"
25666,train,10,0,0,"25,50,100"
25682,train,2,0,0,"50,100"
25688,train,2,0,0,100
25692,train,2,0,0,100
25693,train,1,0,0,"50,100"
25696,train,1,0,0,100
25697,train,6,0,0,100
25699,train,1,0,0,"50,100"
25701,train,1,0,0,100
25703,train,10,0,0,"50,100"
25707,train,1,0,0,"25,50,100"
25710,train,6,0,0,"50,100"
25711,train,4,0,0,"50,100"
25712,train,9,0,0,"50,100"
25713,train,9,0,0,"1,50,100"
25714,train,11,0,0,"25,100"
25715,train,9,0,0,"50,100"
25716,train,10,0,0,100
25717,train,3,0,0,"50,100"
25719,train,4,0,0,100
25757,train,7,0,0,"50,100"
25758,train,2,0,0,"50,100"
25762,train,4,0,0,100
25767,train,2,0,0,"25,100"
25772,train,5,0,0,100
25782,train,6,0,0,"50,100"
25787,train,12,0,0,"50,100"
25788,train,11,0,0,"25,100"
25790,train,12,0,0,"1,100"
25791,train,13,0,0,"50,100"
25792,train,18,0,0,100
25852,train,9,0,0,"50,100"
25855,train,17,0,0,"25,50,100"
25866,train,11,0,0,"25,50,100"
25907,train,6,0,0,"5,100"
25951,train,1,0,0,"25,50,100"
25972,train,5,0,0,"50,100"
25985,train,10,0,0,100
25986,train,9,0,0,"50,100"
25987,train,11,0,0,"50,100"
25990,train,16,0,0,"25,100"
25991,train,17,0,0,"25,100"
25992,train,15,0,0,"25,50,100"
25993,train,8,0,0,100
25994,train,16,0,0,"5,50,100"
25995,train,15,0,0,100
25998,train,11,0,0,100
25999,train,17,0,0,100
26000,train,11,0,0,100
26016,train,5,0,0,100
26017,train,10,0,0,100
26083,train,18,0,0,"50,100"
26084,train,17,0,0,100
26129,train,5,0,0,"50,100"
26130,train,8,0,0,"25,50,100"
26131,train,8,0,0,100
26132,train,19,0,0,"5,50,100"
26133,train,21,1,0.0476190476,"50,100"
26134,train,8,0,0,"50,100"
26135,train,5,0,0,"25,50,100"
26136,train,6,0,0,100
26137,train,7,0,0,"25,50,100"
26138,train,5,0,0,100
26152,train,8,0,0,"50,100"
26153,train,15,0,0,100
26154,train,11,0,0,"25,50,100"
26155,train,11,0,0,100
26163,train,15,0,0,100
26164,train,21,0,0,100
26165,train,19,0,0,"5,25,100"
26166,train,9,0,0,100
26167,train,11,1,0.0909090909,"5,100"
26168,train,19,0,0,100
26169,train,11,0,0,"25,50,100"
26170,train,17,0,0,"5,25,100"
26171,train,15,1,0.0666666667,"50,100"
26172,train,17,0,0,100
26173,train,18,0,0,"50,100"
26174,train,19,0,0,100
26176,train,14,0,0,"25,50,100"
26177,train,8,0,0,100
26178,train,8,0,0,"50,100"
26180,train,1,0,0,"50,100"
26184,train,12,0,0,"5,100"
26193,train,16,0,0,"5,50,100"
26194,train,18,0,0,100
26197,train,16,0,0,100
26201,train,16,0,0,100
26366,train,2,0,0,"25,50,100"
26410,train,17,0,0,100
26411,train,21,0,0,"50,100"
26496,train,4,0,0,"25,50,100"
26541,train,1,0,0,"50,100"
26544,train,27,0,0,"25,50,100"
26546,train,2,0,0,100
26550,train,2,0,0,"1,50,100"
26551,train,1,0,0,100
26552,train,1,0,0,"50,100"
26554,train,1,0,0,"1,100"
26555,train,4,0,0,100
26574,train,2,0,0,100
26575,train,4,0,0,100
26805,train,4,0,0,"50,100"
26819,train,1,0,0,"25,50,100"
26928,train,7,0,0,"25,100"
26929,train,2,0,0,"25,50,100"
26933,train,1,0,0,100
26947,train,5,0,0,"50,100"
26948,train,1,0,0,"50,100"
26957,train,2,0,0,"50,100"
26991,train,1,0,0,"25,100"
27024,train,2,0,0,"50,100"
27063,train,6,0,0,"5,100"
27073,train,5,0,0,100
27077,train,6,0,0,100
27082,train,7,0,0,"5,25,50,100"
27083,train,5,0,0,100
27084,train,8,0,0,"25,50,100"
27090,train,2,0,0,"25,50,100"
27120,train,5,0,0,100
27121,train,1,0,0,"25,100"
27124,train,1,0,0,"25,100"
27131,train,3,0,0,"50,100"
27132,train,2,0,0,100
27141,train,2,0,0,"50,100"
27203,train,2,0,0,"25,100"
27205,train,4,0,0,100
27207,train,1,0,0,"50,100"
27208,train,4,0,0,100
27209,train,1,0,0,"25,50,100"
27211,train,6,0,0,"25,100"
27212,train,2,0,0,100
27222,train,11,0,0,100
27299,train,2,0,0,"50,100"
27300,train,2,0,0,"5,50,100"
27303,train,1,0,0,"5,100"
27311,train,7,0,0,100
27312,train,7,0,0,"5,25,50,100"
27315,train,5,0,0,"25,50,100"
27338,train,2,0,0,100
27340,train,7,0,0,"50,100"
27352,train,2,0,0,"50,100"
27353,train,3,0,0,"25,50,100"
27359,train,3,0,0,100
27360,train,1,0,0,"25,100"
27372,train,8,0,0,"50,100"
27410,train,26,0,0,"25,100"
27441,train,38,0,0,"5,50,100"
27475,train,12,0,0,100
27476,train,14,0,0,"50,100"
27481,train,5,0,0,"25,50,100"
27499,train,6,0,0,100
27509,train,7,0,0,"50,100"
27597,train,28,0,0,100
27599,train,13,0,0,"50,100"
27623,train,4,0,0,100
27683,train,7,0,0,"50,100"
27698,train,1,0,0,"25,100"
27709,train,13,0,0,100
27710,train,9,0,0,"25,50,100"
27713,train,4,0,0,100
27715,train,9,0,0,"25,50,100"
27722,train,17,0,0,100
27763,train,2,0,0,"25,50,100"
27792,train,8,0,0,100
27794,train,1,0,0,100
27796,train,1,0,0,100
27798,train,10,0,0,100
27800,train,1,0,0,100
27811,train,5,0,0,"50,100"
27830,train,5,0,0,"25,100"
27846,train,6,0,0,"25,50,100"
27850,train,6,0,0,100
27879,train,14,0,0,"50,100"
27881,train,10,0,0,"50,100"
27895,train,2,0,0,"50,100"
27898,train,2,0,0,100
27929,train,16,0,0,"25,50,100"
27930,train,9,0,0,100
27931,train,9,0,0,"50,100"
27933,train,14,0,0,"25,100"
27934,train,12,0,0,"50,100"
27936,train,1,0,0,100
27937,train,8,0,0,"25,50,100"
27943,train,7,0,0,"25,50,100"
27945,train,2,0,0,"50,100"
27962,train,1,0,0,100
27987,train,4,0,0,"50,100"
27990,train,10,0,0,"50,100"
27997,train,38,0,0,100
28051,train,21,0,0,"50,100"
28065,train,1,0,0,"50,100"
28089,train,2,0,0,100
28097,train,39,0,0,100
28121,train,7,0,0,"25,100"
28146,train,3,0,0,"50,100"
28160,train,3,0,0,100
28230,train,7,0,0,"5,50,100"
28237,train,3,0,0,"50,100"
28241,train,2,0,0,100
28242,train,6,0,0,"50,100"
28244,train,15,1,0.0666666667,"50,100"
28268,train,1,0,0,"50,100"
28304,train,4,0,0,"25,100"
28305,train,48,0,0,"25,100"
28306,train,61,0,0,100
28308,train,38,0,0,100
28309,train,38,0,0,"25,100"
28310,train,48,0,0,"5,100"
28314,train,8,0,0,100
28346,train,1,0,0,"50,100"
28783,train,7,0,0,"25,50,100"
28784,train,13,0,0,100
28785,train,5,0,0,100
28802,train,21,0,0,"25,100"
28814,train,16,0,0,"50,100"
28817,train,8,0,0,"50,100"
28820,train,7,0,0,"50,100"
28823,train,18,0,0,"50,100"
28828,train,9,0,0,100
28829,train,4,0,0,"50,100"
28833,train,9,0,0,"50,100"
28848,train,4,0,0,"25,100"
28849,train,16,0,0,100
28854,train,10,0,0,"50,100"
28857,train,12,0,0,"50,100"
28858,train,9,0,0,"25,50,100"
28865,train,20,0,0,"25,50,100"
28866,train,27,0,0,100
28868,train,12,0,0,"50,100"
28897,train,18,0,0,"50,100"
28899,train,19,0,0,100
28900,train,6,0,0,100
28946,train,1,0,0,"50,100"
28976,train,25,0,0,"25,50,100"
28986,train,16,0,0,100
28988,train,17,0,0,"50,100"
28989,train,13,0,0,"50,100"
28990,train,7,0,0,"50,100"
28991,train,45,0,0,"50,100"
28992,train,1,0,0,100
28997,train,22,0,0,"50,100"
28998,train,16,0,0,100
28999,train,19,0,0,"50,100"
29000,train,8,0,0,"25,50,100"
29002,train,8,0,0,"25,100"
29003,train,12,0,0,100
29004,train,15,0,0,"50,100"
29007,train,1,0,0,"5,100"
29009,train,8,0,0,100
29012,train,31,0,0,"25,100"
29017,train,17,0,0,"5,50,100"
29018,train,10,0,0,100
29021,train,17,0,0,"50,100"
29022,train,12,0,0,"50,100"
29023,train,18,0,0,100
29025,train,21,0,0,"50,100"
29026,train,27,0,0,100
29027,train,18,0,0,"50,100"
29070,train,6,0,0,"25,50,100"
29120,train,14,0,0,100
29136,train,17,0,0,100
29137,train,8,0,0,"25,50,100"
29138,train,18,0,0,100
29143,train,11,0,0,"25,50,100"
29144,train,2,0,0,"25,100"
29146,train,10,0,0,"50,100"
29149,train,8,0,0,"50,100"
29150,train,9,0,0,"25,100"
29165,train,13,0,0,100
29166,train,27,0,0,100
29199,train,2,0,0,100
29202,train,2,0,0,"25,100"
29205,train,1,0,0,100
29227,train,22,0,0,100
29265,train,2,0,0,100
29330,train,8,0,0,100
29406,train,9,0,0,"50,100"
29410,train,25,0,0,100
29413,train,24,0,0,"25,50,100"
29414,train,23,0,0,"50,100"
29415,train,23,0,0,"50,100"
29436,train,9,0,0,"50,100"
29437,train,8,0,0,100
29464,train,15,0,0,100
29500,train,11,0,0,100
29515,train,2,0,0,"50,100"
29517,train,6,0,0,"25,100"
29520,train,14,0,0,100
29521,train,11,0,0,"50,100"
29522,train,9,0,0,"25,50,100"
29524,train,15,0,0,"25,100"
29525,train,16,0,0,"25,50,100"
29538,train,17,0,0,100
29563,train,15,0,0,"25,100"
29575,train,10,0,0,"25,100"
29576,train,15,0,0,"50,100"
29581,train,11,0,0,"50,100"
29606,train,34,2,0.0588235294,"50,100"
29610,train,13,0,0,100
29611,train,14,0,0,"25,100"
29614,train,17,0,0,100
29615,train,13,0,0,"50,100"
29616,train,10,0,0,"50,100"
29621,train,14,0,0,"25,50,100"
29622,train,12,0,0,"50,100"
29629,train,14,0,0,"25,100"
29690,train,14,0,0,100
29714,train,15,0,0,"50,100"
29741,train,21,0,0,"25,50,100"
29811,train,3,0,0,"50,100"
29812,train,3,0,0,"50,100"
29818,train,5,0,0,"5,25,50,100"
29821,train,7,0,0,"25,100"
29832,train,17,0,0,"50,100"
29834,train,17,0,0,"25,50,100"
29835,train,1,0,0,"50,100"
29840,train,14,0,0,100
29852,train,2,0,0,"50,100"
29876,train,13,0,0,"50,100"
29888,train,51,0,0,"50,100"
29889,train,25,0,0,"50,100"
29890,train,45,1,0.0222222222,"50,100"
29891,train,49,1,0.0204081633,"25,50,100"
29892,train,68,3,0.0441176471,"25,50,100"
29958,train,14,0,0,100
29964,train,2,0,0,"50,100"
29974,train,13,0,0,100
30008,train,8,0,0,100
30009,train,1,0,0,"25,100"
30022,train,1,0,0,100
30052,train,10,0,0,"50,100"
30053,train,22,0,0,"5,25,50,100"
30054,train,16,0,0,"25,50,100"
30055,train,16,0,0,"50,100"
30056,train,12,0,0,100
30057,train,11,0,0,100
30097,train,1,0,0,100
30107,train,22,0,0,100
30165,train,2,0,0,100
30173,train,33,0,0,"5,50,100"
30174,train,43,2,0.0465116279,"5,100"
30177,train,16,0,0,"25,100"
30178,train,2,0,0,"25,50,100"
30189,train,2,0,0,"50,100"
30250,train,1,0,0,"50,100"
30251,train,1,0,0,"50,100"
30253,train,1,0,0,"50,100"
30254,train,18,0,0,100
30317,train,17,0,0,"50,100"
30319,train,23,0,0,100
30350,train,14,0,0,"50,100"
30354,train,2,0,0,100
30361,train,11,0,0,"25,100"
30362,train,8,0,0,"50,100"
30451,train,1,0,0,"50,100"
12673,val,22,8,0.363636364,
12674,val,29,8,0.275862069,
12676,val,21,3,0.142857143,
12679,val,22,3,0.136363636,
12715,val,4,2,0.5,
12734,val,9,4,0.444444444,
12847,val,21,9,0.428571429,
12848,val,20,9,0.45,
12851,val,16,8,0.5,
13040,val,33,6,0.181818182,
13041,val,20,5,0.25,
13042,val,27,7,0.259259259,
14551,val,23,7,0.304347826,
14552,val,23,9,0.391304348,
14554,val,18,6,0.333333333,
14606,val,25,12,0.48,
14612,val,20,5,0.25,
14647,val,11,4,0.363636364,
15077,val,30,14,0.466666667,
15079,val,13,4,0.307692308,
15124,val,2,1,0.5,
15126,val,21,3,0.142857143,
15128,val,21,3,0.142857143,
15146,val,8,3,0.375,
15306,val,15,2,0.133333333,
15321,val,27,4,0.148148148,
16313,val,4,2,0.5,
16314,val,45,6,0.133333333,
16317,val,34,5,0.147058824,
16319,val,30,7,0.233333333,
16320,val,45,19,0.422222222,
16321,val,48,24,0.5,
16322,val,27,6,0.222222222,
16323,val,25,4,0.16,
16325,val,28,8,0.285714286,
16391,val,36,11,0.305555556,
16444,val,44,9,0.204545455,
16447,val,19,3,0.157894737,
16448,val,5,1,0.2,
16449,val,39,8,0.205128205,
16450,val,29,7,0.24137931,
16451,val,45,12,0.266666667,
16851,val,18,9,0.5,
16852,val,22,10,0.454545455,
16853,val,20,9,0.45,
16854,val,20,5,0.25,
16855,val,18,9,0.5,
16856,val,20,10,0.5,
16857,val,20,7,0.35,
16858,val,21,9,0.428571429,
16860,val,20,7,0.35,
16918,val,14,3,0.214285714,
16983,val,12,6,0.5,
17007,val,21,8,0.380952381,
17008,val,19,8,0.421052632,
17009,val,21,9,0.428571429,
17010,val,23,9,0.391304348,
17015,val,21,9,0.428571429,
17016,val,20,10,0.5,
17018,val,19,6,0.315789474,
18304,val,28,13,0.464285714,
18655,val,25,11,0.44,
18657,val,30,13,0.433333333,
18662,val,23,10,0.434782609,
18670,val,2,1,0.5,
18716,val,24,9,0.375,
19533,val,22,7,0.318181818,
20118,val,19,2,0.105263158,
20123,val,17,7,0.411764706,
20126,val,29,14,0.482758621,
20602,val,24,6,0.25,
20626,val,18,7,0.388888889,
20887,val,11,5,0.454545455,
21041,val,4,2,0.5,
21420,val,10,2,0.2,
21650,val,2,1,0.5,
22708,val,25,9,0.36,
22746,val,26,6,0.230769231,
22823,val,26,8,0.307692308,
22827,val,6,2,0.333333333,
23307,val,2,1,0.5,
23686,val,4,1,0.25,
23695,val,9,3,0.333333333,
23732,val,11,5,0.454545455,
23735,val,8,4,0.5,
23738,val,6,3,0.5,
23855,val,38,18,0.473684211,
23858,val,16,3,0.1875,
23919,val,8,1,0.125,
23928,val,11,5,0.454545455,
23934,val,8,4,0.5,
23940,val,18,7,0.388888889,
24037,val,33,16,0.484848485,
24645,val,4,2,0.5,
24652,val,3,1,0.333333333,
24656,val,3,1,0.333333333,
24696,val,14,3,0.214285714,
24698,val,19,5,0.263157895,
24699,val,26,10,0.384615385,
24729,val,9,2,0.222222222,
24911,val,15,2,0.133333333,
25111,val,21,9,0.428571429,
25177,val,8,4,0.5,
25183,val,24,3,0.125,
25184,val,34,14,0.411764706,
25189,val,9,2,0.222222222,
25196,val,4,1,0.25,
26128,val,9,1,0.111111111,
26198,val,12,5,0.416666667,
26491,val,3,1,0.333333333,
26493,val,10,4,0.4,
26573,val,2,1,0.5,
26578,val,12,2,0.166666667,
26950,val,4,1,0.25,
26951,val,5,1,0.2,
26958,val,6,3,0.5,
27125,val,9,1,0.111111111,
27128,val,3,1,0.333333333,
27302,val,15,6,0.4,
27351,val,2,1,0.5,
27478,val,10,4,0.4,
27494,val,19,5,0.263157895,
27500,val,9,3,0.333333333,
27615,val,15,7,0.466666667,
27656,val,3,1,0.333333333,
27699,val,4,2,0.5,
27707,val,7,2,0.285714286,
27711,val,5,1,0.2,
27813,val,4,1,0.25,
27815,val,8,4,0.5,
27816,val,9,3,0.333333333,
27847,val,4,2,0.5,
27848,val,3,1,0.333333333,
27851,val,6,3,0.5,
27891,val,8,1,0.125,
27892,val,6,1,0.166666667,
28000,val,8,3,0.375,
28004,val,11,4,0.363636364,
28084,val,3,1,0.333333333,
28087,val,5,2,0.4,
28158,val,8,3,0.375,
28161,val,9,4,0.444444444,
28162,val,11,3,0.272727273,
28211,val,5,1,0.2,
28240,val,6,3,0.5,
28248,val,8,3,0.375,
28278,val,3,1,0.333333333,
28286,val,5,1,0.2,
28287,val,4,2,0.5,
28841,val,4,2,0.5,
29073,val,8,3,0.375,
29076,val,16,8,0.5,
29094,val,11,5,0.454545455,
29151,val,17,2,0.117647059,
29285,val,7,2,0.285714286,
29296,val,21,7,0.333333333,
29302,val,30,14,0.466666667,
29376,val,16,3,0.1875,
29492,val,37,17,0.459459459,
29608,val,37,5,0.135135135,
29638,val,23,10,0.434782609,
29646,val,41,17,0.414634146,
29666,val,24,12,0.5,
29669,val,38,18,0.473684211,
29678,val,41,20,0.487804878,
29989,val,23,8,0.347826087,
30005,val,27,12,0.444444444,
30062,val,4,2,0.5,
30137,val,17,8,0.470588235,
30209,val,6,2,0.333333333,
12714,test,8,8,1,
12716,test,11,11,1,
12717,test,21,21,1,
12722,test,7,7,1,
12726,test,25,25,1,
12728,test,37,33,0.891891892,
12729,test,9,9,1,
12730,test,14,14,1,
12731,test,10,10,1,
12732,test,22,22,1,
12733,test,14,12,0.857142857,
12736,test,4,3,0.75,
12737,test,1,1,1,
12767,test,16,16,1,
12769,test,8,8,1,
12770,test,7,7,1,
12849,test,19,14,0.736842105,
12850,test,21,14,0.666666667,
13047,test,8,7,0.875,
13048,test,15,15,1,
13050,test,3,2,0.666666667,
13051,test,17,16,0.941176471,
13052,test,15,13,0.866666667,
13058,test,14,14,1,
13082,test,6,6,1,
13083,test,32,32,1,
14545,test,32,32,1,
14546,test,26,26,1,
14547,test,19,19,1,
14548,test,22,21,0.954545455,
14549,test,7,6,0.857142857,
14639,test,25,24,0.96,
14641,test,30,23,0.766666667,
14643,test,10,10,1,
14644,test,6,6,1,
14645,test,7,7,1,
14646,test,12,10,0.833333333,
14654,test,12,12,1,
15078,test,5,4,0.8,
15081,test,18,13,0.722222222,
15084,test,13,13,1,
15129,test,5,3,0.6,
15145,test,7,4,0.571428571,
15368,test,14,14,1,
15369,test,7,7,1,
15371,test,22,17,0.772727273,
15372,test,7,4,0.571428571,
15373,test,21,17,0.80952381,
15375,test,20,17,0.85,
16044,test,7,7,1,
16045,test,10,6,0.6,
16160,test,5,5,1,
16161,test,6,6,1,
16162,test,34,31,0.911764706,
16163,test,14,14,1,
16171,test,3,3,1,
16172,test,50,50,1,
16173,test,3,3,1,
16311,test,23,23,1,
16315,test,24,17,0.708333333,
16446,test,8,8,1,
16982,test,7,5,0.714285714,
17012,test,2,2,1,
17014,test,4,3,0.75,
17102,test,14,8,0.571428571,
17105,test,16,13,0.8125,
17107,test,23,12,0.52173913,
17108,test,21,12,0.571428571,
17109,test,21,12,0.571428571,
17735,test,7,7,1,
17736,test,10,7,0.7,
17737,test,27,27,1,
17739,test,10,10,1,
17740,test,5,5,1,
17742,test,14,14,1,
17745,test,16,16,1,
17747,test,33,33,1,
17748,test,11,11,1,
17750,test,6,6,1,
17752,test,18,18,1,
17759,test,14,14,1,
17760,test,8,8,1,
17761,test,21,21,1,
17766,test,41,41,1,
18300,test,31,27,0.870967742,
18301,test,35,28,0.8,
18302,test,33,33,1,
18303,test,31,31,1,
18305,test,25,25,1,
18306,test,31,31,1,
18309,test,14,14,1,
18310,test,10,10,1,
18314,test,19,19,1,
18315,test,11,11,1,
18328,test,23,22,0.956521739,
18435,test,10,10,1,
18445,test,13,12,0.923076923,
18601,test,35,34,0.971428571,
18602,test,31,31,1,
18604,test,24,24,1,
18627,test,38,38,1,
18628,test,39,39,1,
18629,test,28,28,1,
18630,test,23,23,1,
18631,test,9,7,0.777777778,
18633,test,36,36,1,
18634,test,37,37,1,
18635,test,35,35,1,
18638,test,25,20,0.8,
18639,test,26,26,1,
18640,test,30,28,0.933333333,
18641,test,7,5,0.714285714,
18643,test,37,37,1,
18644,test,37,37,1,
18645,test,40,40,1,
18646,test,9,9,1,
18647,test,6,6,1,
18648,test,4,4,1,
18654,test,13,13,1,
18656,test,44,44,1,
18658,test,15,15,1,
18659,test,15,15,1,
18660,test,36,36,1,
18661,test,39,39,1,
18665,test,8,8,1,
18667,test,36,36,1,
18668,test,41,41,1,
18669,test,39,39,1,
18671,test,34,34,1,
18713,test,44,44,1,
18714,test,31,31,1,
18715,test,39,39,1,
18746,test,23,23,1,
18747,test,37,37,1,
18748,test,18,18,1,
18784,test,10,10,1,
18785,test,3,3,1,
18786,test,13,13,1,
18788,test,18,18,1,
18789,test,16,9,0.5625,
18790,test,12,9,0.75,
18791,test,17,17,1,
18793,test,22,22,1,
18803,test,4,4,1,
18808,test,42,42,1,
18809,test,6,5,0.833333333,
18810,test,35,35,1,
18811,test,38,38,1,
18812,test,27,27,1,
18866,test,30,28,0.933333333,
18867,test,20,19,0.95,
18868,test,41,41,1,
18869,test,15,15,1,
18870,test,12,11,0.916666667,
18871,test,6,6,1,
18872,test,6,6,1,
18873,test,16,15,0.9375,
18874,test,11,11,1,
19792,test,16,15,0.9375,
20084,test,19,19,1,
20086,test,17,17,1,
20087,test,27,27,1,
20093,test,32,32,1,
20096,test,17,13,0.764705882,
20100,test,29,29,1,
20104,test,26,23,0.884615385,
20105,test,25,25,1,
20106,test,12,12,1,
20107,test,20,20,1,
20109,test,21,21,1,
20116,test,25,22,0.88,
20121,test,22,16,0.727272727,
20500,test,41,41,1,
20501,test,32,31,0.96875,
20600,test,18,17,0.944444444,
20601,test,3,3,1,
20607,test,2,2,1,
20608,test,23,23,1,
20610,test,26,26,1,
20619,test,10,10,1,
20885,test,25,25,1,
20886,test,21,21,1,
20888,test,23,23,1,
20890,test,17,17,1,
20891,test,40,40,1,
20892,test,16,16,1,
20893,test,6,6,1,
20894,test,38,38,1,
20895,test,58,57,0.982758621,
20896,test,34,34,1,
20897,test,50,50,1,
20899,test,11,9,0.818181818,
20900,test,18,15,0.833333333,
20901,test,38,38,1,
20902,test,24,24,1,
20903,test,26,26,1,
20905,test,25,25,1,
20910,test,39,39,1,
20911,test,29,29,1,
20912,test,11,10,0.909090909,
20913,test,41,41,1,
20914,test,14,13,0.928571429,
20915,test,17,16,0.941176471,
20928,test,27,27,1,
20929,test,33,33,1,
20930,test,39,39,1,
20931,test,24,24,1,
21419,test,17,17,1,
21421,test,24,24,1,
21422,test,29,28,0.965517241,
21424,test,32,32,1,
21533,test,30,30,1,
21534,test,25,25,1,
21535,test,29,29,1,
21536,test,27,27,1,
21537,test,33,33,1,
21539,test,11,11,1,
21540,test,20,20,1,
21541,test,19,19,1,
21542,test,27,26,0.962962963,
21543,test,16,16,1,
21544,test,26,23,0.884615385,
21545,test,29,29,1,
21654,test,13,7,0.538461538,
21729,test,15,15,1,
21731,test,32,32,1,
21732,test,4,4,1,
21733,test,5,5,1,
21756,test,50,47,0.94,
21762,test,31,31,1,
21763,test,17,17,1,
21764,test,9,9,1,
21767,test,20,20,1,
21768,test,8,7,0.875,
21769,test,24,24,1,
21770,test,27,23,0.851851852,
21771,test,22,22,1,
21772,test,32,32,1,
21799,test,27,27,1,
21801,test,18,18,1,
21802,test,21,21,1,
21803,test,25,23,0.92,
21807,test,43,41,0.953488372,
21808,test,21,21,1,
21924,test,26,26,1,
21925,test,7,7,1,
21926,test,9,9,1,
21928,test,10,10,1,
21929,test,19,19,1,
21930,test,28,28,1,
21931,test,16,16,1,
21932,test,1,1,1,
21933,test,14,14,1,
21956,test,36,33,0.916666667,
21957,test,26,26,1,
21997,test,39,35,0.897435897,
21999,test,35,27,0.771428571,
22000,test,43,43,1,
22002,test,18,18,1,
22003,test,22,22,1,
22004,test,32,32,1,
22006,test,30,30,1,
22009,test,34,32,0.941176471,
22012,test,1,1,1,
22016,test,2,2,1,
22017,test,4,4,1,
22018,test,18,18,1,
22023,test,20,20,1,
22024,test,16,16,1,
22025,test,13,13,1,
22026,test,18,18,1,
22027,test,10,10,1,
22030,test,24,24,1,
22032,test,38,38,1,
22033,test,12,11,0.916666667,
22035,test,7,6,0.857142857,
22036,test,10,10,1,
22038,test,3,2,0.666666667,
22048,test,10,6,0.6,
22272,test,19,19,1,
22273,test,14,14,1,
22274,test,2,2,1,
22275,test,16,11,0.6875,
22280,test,22,22,1,
22281,test,19,19,1,
22282,test,19,19,1,
22283,test,13,13,1,
22284,test,21,21,1,
22705,test,25,25,1,
22706,test,18,18,1,
22707,test,7,7,1,
22709,test,6,6,1,
22710,test,41,41,1,
22711,test,35,35,1,
22712,test,26,26,1,
22740,test,22,22,1,
22741,test,22,22,1,
22742,test,20,20,1,
22745,test,11,11,1,
22748,test,29,29,1,
22750,test,34,34,1,
22751,test,23,23,1,
22826,test,5,3,0.6,
22829,test,30,19,0.633333333,
22830,test,12,7,0.583333333,
22831,test,17,10,0.588235294,
23403,test,9,7,0.777777778,
23404,test,23,23,1,
23406,test,43,43,1,
23407,test,13,7,0.538461538,
23408,test,39,38,0.974358974,
23409,test,30,30,1,
23410,test,33,31,0.939393939,
23434,test,26,26,1,
23435,test,19,19,1,
23437,test,24,24,1,
23438,test,27,27,1,
23499,test,2,2,1,
23500,test,27,27,1,
23501,test,25,25,1,
23502,test,25,25,1,
23503,test,23,23,1,
23504,test,28,28,1,
23505,test,30,30,1,
23506,test,17,17,1,
23507,test,19,19,1,
23508,test,24,24,1,
23509,test,22,22,1,
23512,test,25,25,1,
23630,test,20,20,1,
23634,test,30,19,0.633333333,
23635,test,21,21,1,
23636,test,35,26,0.742857143,
23637,test,24,24,1,
23638,test,23,23,1,
23673,test,13,11,0.846153846,
23674,test,22,14,0.636363636,
23676,test,1,1,1,
23692,test,8,5,0.625,
23698,test,1,1,1,
23700,test,2,2,1,
23702,test,5,3,0.6,
23712,test,8,7,0.875,
23713,test,1,1,1,
23716,test,16,15,0.9375,
23719,test,25,13,0.52,
23737,test,9,5,0.555555556,
23743,test,9,9,1,
23854,test,15,8,0.533333333,
23857,test,21,12,0.571428571,
23859,test,29,28,0.965517241,
23917,test,10,8,0.8,
23918,test,10,7,0.7,
23920,test,20,19,0.95,
23921,test,24,22,0.916666667,
23930,test,9,6,0.666666667,
23935,test,24,21,0.875,
23937,test,8,7,0.875,
23939,test,35,29,0.828571429,
24640,test,19,19,1,
24642,test,27,22,0.814814815,
24643,test,23,18,0.782608696,
24646,test,16,16,1,
24647,test,14,14,1,
24648,test,23,19,0.826086957,
24649,test,25,20,0.8,
24650,test,13,13,1,
24651,test,20,20,1,
24653,test,21,18,0.857142857,
24700,test,37,22,0.594594595,
24701,test,32,22,0.6875,
24702,test,34,26,0.764705882,
24728,test,34,28,0.823529412,
24730,test,22,22,1,
24731,test,17,16,0.941176471,
24733,test,42,40,0.952380952,
24734,test,2,2,1,
24735,test,39,34,0.871794872,
24736,test,9,9,1,
24737,test,10,10,1,
24738,test,19,19,1,
24739,test,20,20,1,
24740,test,26,26,1,
24741,test,42,36,0.857142857,
24858,test,33,26,0.787878788,
24861,test,37,27,0.72972973,
24866,test,34,23,0.676470588,
25012,test,45,35,0.777777778,
25013,test,46,29,0.630434783,
25041,test,25,21,0.84,
25042,test,15,11,0.733333333,
25043,test,18,17,0.944444444,
25044,test,31,27,0.870967742,
25045,test,8,8,1,
25046,test,5,5,1,
25048,test,36,25,0.694444444,
25049,test,8,8,1,
25050,test,12,12,1,
25051,test,16,16,1,
25068,test,13,13,1,
25069,test,29,25,0.862068966,
25070,test,17,17,1,
25071,test,43,31,0.720930233,
25072,test,47,33,0.70212766,
25073,test,56,48,0.857142857,
25074,test,46,32,0.695652174,
25075,test,33,33,1,
25076,test,29,22,0.75862069,
25077,test,21,13,0.619047619,
25078,test,20,18,0.9,
25079,test,47,34,0.723404255,
25080,test,30,17,0.566666667,
25081,test,12,8,0.666666667,
25101,test,7,7,1,
25103,test,9,9,1,
25104,test,38,30,0.789473684,
25107,test,14,14,1,
25109,test,33,29,0.878787879,
25112,test,32,25,0.78125,
25113,test,36,22,0.611111111,
25114,test,28,25,0.892857143,
25144,test,8,7,0.875,
25145,test,43,43,1,
25146,test,25,22,0.88,
25147,test,18,13,0.722222222,
25148,test,24,20,0.833333333,
25181,test,1,1,1,
25182,test,1,1,1,
25187,test,10,7,0.7,
25190,test,10,8,0.8,
25192,test,1,1,1,
26367,test,6,6,1,
26368,test,17,17,1,
26371,test,10,8,0.8,
26376,test,7,6,0.857142857,
26377,test,9,8,0.888888889,
26378,test,12,12,1,
26489,test,23,23,1,
26490,test,43,40,0.930232558,
26492,test,8,8,1,
26579,test,5,3,0.6,
26580,test,3,3,1,
26818,test,4,3,0.75,
26820,test,3,2,0.666666667,
26927,test,14,8,0.571428571,
26946,test,3,2,0.666666667,
27122,test,7,5,0.714285714,
27123,test,6,5,0.833333333,
27127,test,6,5,0.833333333,
27129,test,10,9,0.9,
27204,test,1,1,1,
27206,test,6,5,0.833333333,
27210,test,3,3,1,
27228,test,13,12,0.923076923,
27231,test,5,3,0.6,
27301,test,3,2,0.666666667,
27305,test,4,3,0.75,
27314,test,6,4,0.666666667,
27355,test,1,1,1,
27358,test,38,35,0.921052632,
27361,test,9,6,0.666666667,
27362,test,26,23,0.884615385,
27480,test,40,39,0.975,
27492,test,22,17,0.772727273,
27493,test,21,17,0.80952381,
27495,test,41,35,0.853658537,
27496,test,18,14,0.777777778,
27497,test,32,25,0.78125,
27501,test,12,9,0.75,
27542,test,14,11,0.785714286,
27654,test,5,4,0.8,
27655,test,8,6,0.75,
27700,test,16,13,0.8125,
27701,test,9,5,0.555555556,
27702,test,35,33,0.942857143,
27712,test,16,11,0.6875,
27814,test,6,5,0.833333333,
27817,test,20,15,0.75,
27849,test,45,44,0.977777778,
27854,test,15,12,0.8,
27855,test,33,26,0.787878788,
27890,test,25,22,0.88,
27893,test,10,8,0.8,
27894,test,43,40,0.930232558,
27897,test,13,10,0.769230769,
27999,test,6,6,1,
28001,test,4,3,0.75,
28002,test,12,10,0.833333333,
28085,test,7,5,0.714285714,
28086,test,16,13,0.8125,
28159,test,7,4,0.571428571,
28163,test,43,43,1,
28164,test,50,50,1,
28165,test,31,31,1,
28168,test,52,52,1,
28169,test,13,8,0.615384615,
28170,test,17,11,0.647058824,
28231,test,37,37,1,
28232,test,56,56,1,
28239,test,27,23,0.851851852,
28243,test,10,6,0.6,
28245,test,9,7,0.777777778,
28246,test,14,12,0.857142857,
28247,test,31,29,0.935483871,
28249,test,23,20,0.869565217,
28250,test,33,27,0.818181818,
28274,test,3,3,1,
28277,test,11,11,1,
28279,test,5,3,0.6,
28290,test,5,3,0.6,
28775,test,27,19,0.703703704,
28776,test,18,13,0.722222222,
28796,test,9,8,0.888888889,
28839,test,1,1,1,
28840,test,10,9,0.9,
28911,test,22,22,1,
28939,test,23,21,0.913043478,
28957,test,11,11,1,
28978,test,8,8,1,
28979,test,9,9,1,
29072,test,38,33,0.868421053,
29074,test,22,21,0.954545455,
29077,test,13,7,0.538461538,
29079,test,18,12,0.666666667,
29091,test,17,16,0.941176471,
29092,test,8,7,0.875,
29101,test,14,10,0.714285714,
29102,test,18,17,0.944444444,
29153,test,43,25,0.581395349,
29156,test,27,16,0.592592593,
29158,test,27,25,0.925925926,
29159,test,9,8,0.888888889,
29171,test,17,13,0.764705882,
29178,test,17,17,1,
29180,test,33,28,0.848484848,
29189,test,6,6,1,
29216,test,16,15,0.9375,
29218,test,11,11,1,
29266,test,24,24,1,
29274,test,39,39,1,
29345,test,59,50,0.847457627,
29346,test,29,23,0.793103448,
29347,test,34,34,1,
29348,test,28,27,0.964285714,
29349,test,15,15,1,
29351,test,63,63,1,
29352,test,16,11,0.6875,
29361,test,33,20,0.606060606,
29364,test,40,38,0.95,
29366,test,76,75,0.986842105,
29368,test,49,49,1,
29369,test,71,69,0.971830986,
29371,test,76,76,1,
29372,test,58,55,0.948275862,
29373,test,29,29,1,
29377,test,28,26,0.928571429,
29378,test,43,35,0.813953488,
29379,test,28,26,0.928571429,
29380,test,29,19,0.655172414,
29381,test,41,25,0.609756098,
29382,test,26,20,0.769230769,
29383,test,47,38,0.808510638,
29384,test,17,17,1,
29385,test,34,29,0.852941176,
29388,test,27,25,0.925925926,
29389,test,72,68,0.944444444,
29390,test,22,20,0.909090909,
29392,test,17,17,1,
29411,test,52,41,0.788461538,
29412,test,49,26,0.530612245,
29445,test,32,29,0.90625,
29446,test,39,38,0.974358974,
29490,test,76,69,0.907894737,
29496,test,29,29,1,
29504,test,56,43,0.767857143,
29539,test,42,29,0.69047619,
29541,test,38,33,0.868421053,
29561,test,65,49,0.753846154,
29562,test,35,29,0.828571429,
29564,test,38,32,0.842105263,
29578,test,24,16,0.666666667,
29580,test,43,34,0.790697674,
29582,test,19,19,1,
29583,test,34,34,1,
29586,test,53,46,0.867924528,
29625,test,62,56,0.903225806,
29628,test,34,34,1,
29637,test,6,6,1,
29639,test,25,25,1,
29640,test,16,16,1,
29641,test,21,21,1,
29642,test,29,19,0.655172414,
29643,test,24,24,1,
29645,test,41,35,0.853658537,
29648,test,49,25,0.510204082,
29649,test,35,35,1,
29650,test,36,36,1,
29651,test,36,34,0.944444444,
29652,test,60,50,0.833333333,
29653,test,63,55,0.873015873,
29656,test,64,57,0.890625,
29657,test,37,37,1,
29659,test,38,38,1,
29660,test,61,55,0.901639344,
29662,test,32,32,1,
29668,test,33,23,0.696969697,
29677,test,43,31,0.720930233,
29679,test,51,39,0.764705882,
29681,test,16,16,1,
29683,test,23,21,0.913043478,
29684,test,55,42,0.763636364,
29685,test,3,2,0.666666667,
29686,test,29,16,0.551724138,
29687,test,56,46,0.821428571,
29688,test,51,44,0.862745098,
29692,test,17,16,0.941176471,
29693,test,23,23,1,
29708,test,42,30,0.714285714,
29717,test,75,72,0.96,
29718,test,31,31,1,
29720,test,33,33,1,
29722,test,24,24,1,
29732,test,22,22,1,
29737,test,63,48,0.761904762,
29738,test,29,27,0.931034483,
29739,test,78,69,0.884615385,
29742,test,44,43,0.977272727,
29743,test,38,36,0.947368421,
29746,test,26,25,0.961538462,
29758,test,43,37,0.860465116,
29768,test,68,66,0.970588235,
29769,test,69,64,0.927536232,
29771,test,80,76,0.95,
29775,test,36,35,0.972222222,
29776,test,77,71,0.922077922,
29777,test,82,80,0.975609756,
29778,test,84,73,0.869047619,
29783,test,73,67,0.917808219,
29784,test,64,59,0.921875,
29794,test,26,26,1,
29796,test,79,74,0.936708861,
29799,test,77,75,0.974025974,
29800,test,30,30,1,
29803,test,27,27,1,
29826,test,18,18,1,
29827,test,44,35,0.795454545,
29915,test,24,23,0.958333333,
29916,test,34,26,0.764705882,
29934,test,67,65,0.970149254,
29935,test,83,80,0.963855422,
29937,test,38,28,0.736842105,
29939,test,72,61,0.847222222,
29940,test,25,25,1,
29941,test,16,16,1,
29942,test,58,55,0.948275862,
29943,test,85,81,0.952941176,
29944,test,67,65,0.970149254,
29945,test,25,25,1,
29946,test,83,81,0.975903614,
29947,test,82,80,0.975609756,
29948,test,80,78,0.975,
29949,test,78,74,0.948717949,
29951,test,85,82,0.964705882,
29952,test,66,65,0.984848485,
29953,test,83,82,0.987951807,
29954,test,72,68,0.944444444,
29955,test,82,79,0.963414634,
29957,test,67,65,0.970149254,
29959,test,85,81,0.952941176,
29961,test,6,6,1,
29988,test,23,13,0.565217391,
30006,test,38,28,0.736842105,
30007,test,29,28,0.965517241,
30010,test,43,38,0.88372093,
30014,test,6,6,1,
30015,test,4,4,1,
30018,test,18,18,1,
30019,test,4,4,1,
30030,test,61,54,0.885245902,
30031,test,37,34,0.918918919,
30032,test,38,37,0.973684211,
30034,test,5,5,1,
30037,test,42,42,1,
30038,test,2,2,1,
30039,test,10,10,1,
30041,test,83,78,0.939759036,
30042,test,63,57,0.904761905,
30048,test,83,79,0.951807229,
30060,test,58,52,0.896551724,
30064,test,4,4,1,
30066,test,8,7,0.875,
30067,test,7,6,0.857142857,
30068,test,10,8,0.8,
30071,test,3,3,1,
30081,test,67,64,0.955223881,
30086,test,55,50,0.909090909,
30087,test,69,64,0.927536232,
30090,test,79,74,0.936708861,
30091,test,67,63,0.940298507,
30092,test,3,3,1,
30093,test,8,8,1,
30095,test,42,39,0.928571429,
30098,test,1,1,1,
30099,test,44,36,0.818181818,
30100,test,1,1,1,
30127,test,44,35,0.795454545,
30128,test,20,14,0.7,
30130,test,48,34,0.708333333,
30131,test,71,67,0.943661972,
30132,test,53,49,0.924528302,
30133,test,74,70,0.945945946,
30134,test,61,59,0.967213115,
30135,test,7,4,0.571428571,
30136,test,3,3,1,
30138,test,21,20,0.952380952,
30139,test,25,25,1,
30140,test,75,62,0.826666667,
30141,test,66,54,0.818181818,
30142,test,34,34,1,
30143,test,46,42,0.913043478,
30144,test,38,38,1,
30145,test,41,36,0.87804878,
30147,test,66,62,0.939393939,
30156,test,43,34,0.790697674,
30185,test,35,35,1,
30188,test,18,18,1,
30198,test,77,74,0.961038961,
30202,test,40,40,1,
30208,test,40,40,1,
30210,test,24,23,0.958333333,
30255,test,59,52,0.881355932,
30258,test,42,42,1,
30259,test,45,41,0.911111111,
30260,test,47,44,0.936170213,
30261,test,30,30,1,
30262,test,25,25,1,
30263,test,30,30,1,
30265,test,64,59,0.921875,
30266,test,23,23,1,
30269,test,11,8,0.727272727,
30270,test,22,22,1,
30271,test,58,54,0.931034483,
30272,test,56,54,0.964285714,
30276,test,14,14,1,
30277,test,49,48,0.979591837,
30278,test,68,64,0.941176471,
30279,test,44,44,1,
30280,test,63,59,0.936507937,
30281,test,56,55,0.982142857,
30282,test,79,77,0.974683544,
30322,test,38,38,1,
30323,test,2,2,1,
30345,test,32,32,1,
30351,test,43,43,1,
30369,test,70,69,0.985714286,
30378,test,82,81,0.987804878,
30388,test,27,27,1,
30389,test,35,35,1,
30397,test,16,15,0.9375,
30398,test,26,24,0.923076923,
30404,test,28,28,1,
30405,test,27,24,0.888888889,
30406,test,30,29,0.966666667,
30407,test,23,23,1,
30409,test,10,10,1,
30411,test,14,14,1,
30412,test,28,28,1,
30416,test,23,20,0.869565217,
30417,test,38,38,1,
30418,test,79,77,0.974683544,
30419,test,46,44,0.956521739,
30421,test,33,33,1,
30424,test,37,37,1,
30425,test,30,30,1,
30426,test,10,10,1,
